Id,Title,Team,Creator,Owner,Period,Start Date,End Date,Description,"Aligned To (weight, Objective ID)",Metric Name,Unit,Target,Object Type,Goal Type,Start,Created At,Last Check-in,Progress %,Actual Progress,Status,Last Check-in Note,Score,Checkins,,,,,,,,,,,,,,,,,,,,,,,,,,
2295704,2025 -- Build the Leading CX Ecosystem in Europe Focusing on Mid-Market and Enterprise,Puzzel; All Puzzel,Frederic Laziou,Frederic Laziou,Annual 2025,2025-01-01,2025-12-31,,,Progress,%,100,Objective,Aspirational Goal,0,2024-12-09 14:36:20 UTC,2025-11-20,64,64,At Risk,,,,,,,,,,,,,,,,,,,,,,,,,,,,,
2295706,SP1: Lead with AI,Puzzel,Frederic Laziou,Frederic Laziou,Annual 2025,2025-01-01,2025-12-31,,"2025 -- Build the Leading CX Ecosystem in Europe Focusing on Mid-Market and Enterprise(weight: 0%, Id: 2295704)",Progress,%,100,Objective,Aspirational Goal,0,2024-12-09 14:36:45 UTC,2025-11-20,0,0,At Risk,,,,,,,,,,,,,,,,,,,,,,,,,,,,,
2295776,Drive expansion leveraging our AI offering,Commercial,Frederic Laziou,Roland Green,Annual 2025,2025-01-01,2025-12-31,,"SP1: Lead with AI(weight: 0%, Id: 2295706)",Progress,%,100,Objective,Aspirational Goal,0,2024-12-09 14:51:02 UTC,2025-11-13,60,60,At Risk,,,,,,,,,,,,,,,,,,,,,,,,,,,,,
2325365,Deliver 77m of Expansion booking with 40m coming from AI,Commercial,Roland Green,Roland Green,Annual 2025,2025-01-01,2025-12-31,,"Drive expansion leveraging our AI offering(weight: 14.29%, Id: 2295776)",Progress,%,100,Key result,Aspirational Goal,0,2024-12-19 16:24:00 UTC,2025-03-10,25,25,On Track,On track in Q1,,Checkin Date: 2025-03-10; User: Roland Green; Note: On track in Q1; Metric Name: Progress; Status: On Track; Current Value: 25%; Activity Date: 2025-03-10 20:57:08 UTC;,,,,,,,,,,,,,,,,,,,,,,,,,,
2324367,Deliver 15m of Expansion bookings in Q1 (with 9m coming from AI),,Roland Green,Roland Green,Q1 2025,2025-01-01,2025-03-31,,"Drive expansion leveraging our AI offering(weight: 14.29%, Id: 2295776)",Progress,%,100,Key result,Aspirational Goal,0,2024-12-19 13:20:53 UTC,2025-05-02,80,80,Closed,Missed OKR with a couple of large AI slips in Affinity Water as primary miss plus some CI led deals that did not happen PFA.,0.8,Checkin Date: 2025-05-02; User: Roland Green; Note: Missed OKR with a couple of large AI slips in Affinity Water as primary miss plus some CI led deals that did not happen PFA.; Metric Name: Progress; Status: Closed; Current Value: 80%; Activity Date: 2025-05-02 12:25:47 UTC;,Checkin Date: 2025-04-08; User: Roland Green; Note: 15.7m delivered vs 18.2m budget (5.6m AI); Metric Name: Progress; Status: Behind; Current Value: 80%; Activity Date: 2025-04-08 18:58:32 UTC;,"Checkin Date: 2025-03-10; User: Roland Green; Note: AI Bookings 73% (6.3m vs 6 required) at end of Feb
Bookings 93% (10.5m vs 11.3m required) at end of Feb; Metric Name: Progress; Status: On Track; Current Value: 90%; Activity Date: 2025-03-10 20:41:33 UTC;",,,,,,,,,,,,,,,,,,,,,,,,
2324371,"Implement KPIs for AMs around outreach activities, customer engagement, and new opportunities generated per week.",Commercial,Roland Green,"Ram Sagoo, Roland Green",Q1 2025,2025-01-01,2025-03-31,,"Drive expansion leveraging our AI offering(weight: 0%, Id: 2295776)",Progress,%,100,Deliverable,Aspirational Goal,0,2024-12-19 13:21:43 UTC,2025-05-02,80,80,Closed,Pipeline was a success however I was missing the granular reporting on number of new Opps per Am in a sheet to show activity around selling vs service time spent.,0.8,Checkin Date: 2025-05-02; User: Roland Green; Note: Pipeline was a success however I was missing the granular reporting on number of new Opps per Am in a sheet to show activity around selling vs service time spent.; Metric Name: Progress; Status: Closed; Current Value: 80%; Activity Date: 2025-05-02 12:27:43 UTC;,Checkin Date: 2025-05-02; User: Roland Green; Note: ; Metric Name: Progress; Status: On Track; Current Value: 80%; Activity Date: 2025-05-02 12:26:40 UTC;,Checkin Date: 2025-04-08; User: Roland Green; Note: 39m of pipeline created vs target of 30m off the back off the planning document and whitespace initiative; Metric Name: Progress; Status: On Track; Current Value: 100%; Activity Date: 2025-04-08 19:00:50 UTC;,"Checkin Date: 2025-03-10; User: Roland Green; Note: AM Planning document in place to capture meetings per week sat by AM week by week, this is review Bi weekly with Director. Pipeline in AM world is now regularly above 10m each month vs 2m to 4m last FY. 15-20 meetings are being sat per week of which 30%+ are Expansion focussed. Ram now adopting X sell meetings per month tracker same as JP; Metric Name: Progress; Status: On Track; Current Value: 50%; Activity Date: 2025-03-10 13:27:56 UTC;",,,,,,,,,,,,,,,,,,,,,,,
2324376,Use formalised whitespace process and tracker to lodge and progress opportunities within the existing customer base,Commercial,Roland Green,"Ram Sagoo, Roland Green",Q1 2025,2025-01-01,2025-03-31,,"Drive expansion leveraging our AI offering(weight: 0%, Id: 2295776)",Progress,%,100,Deliverable,Aspirational Goal,0,2024-12-19 13:22:20 UTC,2025-05-02,100,100,Closed,"OKR achieved and tracker now complete with good data, next step in Q2 is to get into SFDC potentially.",1,"Checkin Date: 2025-05-02; User: Roland Green; Note: OKR achieved and tracker now complete with good data, next step in Q2 is to get into SFDC potentially.; Metric Name: Progress; Status: Closed; Current Value: 100%; Activity Date: 2025-05-02 12:29:36 UTC;",Checkin Date: 2025-05-02; User: Roland Green; Note: ; Metric Name: Progress; Status: On Track; Current Value: 100%; Activity Date: 2025-05-02 12:28:55 UTC;,"Checkin Date: 2025-03-10; User: Roland Green; Note: Advanced tracker has been created and updated, used weekly with team, now showing 239m + of opportunity. next step is to link to SFDC; Metric Name: Progress; Status: On Track; Current Value: 60%; Activity Date: 2025-03-10 13:33:20 UTC;",,,,,,,,,,,,,,,,,,,,,,,,
2324379,"Implement a strategy to bundle AI and analytics products into the renewal process, positioning them as essential upgrades.",Commercial,Roland Green,"Ram Sagoo, Roland Green",Q1 2025,2025-01-01,2025-03-31,,"Drive expansion leveraging our AI offering(weight: 0%, Id: 2295776)",Progress,%,100,Deliverable,Aspirational Goal,0,2024-12-19 13:22:50 UTC,2025-05-02,100,100,Closed,attach rate is a good success however we no need to figure out how we accelerate more bookings and get better at overcoming objections we are commonly seeing within customer base.,1,Checkin Date: 2025-05-02; User: Roland Green; Note: attach rate is a good success however we no need to figure out how we accelerate more bookings and get better at overcoming objections we are commonly seeing within customer base.; Metric Name: Progress; Status: Closed; Current Value: 100%; Activity Date: 2025-05-02 12:30:27 UTC;,Checkin Date: 2025-04-08; User: Roland Green; Note: AI attach in Expansion world is now 45% on ARR and 505 on deal count; Metric Name: Progress; Status: On Track; Current Value: 100%; Activity Date: 2025-04-08 19:02:17 UTC;,Checkin Date: 2025-03-10; User: Roland Green; Note: Every renewal in A+B customer base now must include AI opp lodged in SFDC which is tracked by Ram. This process has seen a huge increase in AI pipeline and is support less erosion and more growth on renewals; Metric Name: Progress; Status: On Track; Current Value: 100%; Activity Date: 2025-03-10 13:35:16 UTC;,,,,,,,,,,,,,,,,,,,,,,,,
2324383,"Ensure the CSM team takes full ownership of customer success activities, allowing AMs to prioritise upsells and renewals.",Commercial,Roland Green,"Roland Green, Thomas Hammerich",Q1 2025,2025-01-01,2025-03-31,,"Drive expansion leveraging our AI offering(weight: 0%, Id: 2295776)",Progress,%,100,Deliverable,Aspirational Goal,0,2024-12-19 13:23:24 UTC,2025-05-02,50,50,Closed,"progress has been made, however UK is behind due to delay in Mashud joining us and now we need to accelerate this in UK. I am also not yet confident, based on data and evidence, that we have fully nailed a smooth engagement model into enough accounts, where CSM is leading on relationship and technical enabled enough to truly guide customer into adoption. feels like AM l still leading in the main.",0.5,"Checkin Date: 2025-05-02; User: Roland Green; Note: progress has been made, however UK is behind due to delay in Mashud joining us and now we need to accelerate this in UK. I am also not yet confident, based on data and evidence, that we have fully nailed a smooth engagement model into enough accounts, where CSM is leading on relationship and technical enabled enough to truly guide customer into adoption. feels like AM l still leading in the main.; Metric Name: Progress; Status: Closed; Current Value: 50%; Activity Date: 2025-05-02 12:32:39 UTC;",Checkin Date: 2025-05-02; User: Roland Green; Note: ; Metric Name: Progress; Status: Behind; Current Value: 50%; Activity Date: 2025-05-02 12:30:53 UTC;,"Checkin Date: 2025-03-12; User: Roland Green; Note: All Nordic A customers now covered and top 5 UK A customers covered so ahead of OKR

Mashud to become full time in April; Metric Name: Progress; Status: On Track; Current Value: 70%; Activity Date: 2025-03-12 12:31:09 UTC;",,,,,,,,,,,,,,,,,,,,,,,,
2772561,Exceed 23m of Expansion bookings in Q2 with 40% AI ( 9.2m),Commercial,Roland Green,Roland Green,Q2 2025,2025-04-01,2025-06-30,,"Drive expansion leveraging our AI offering(weight: 14.29%, Id: 2295776)",Progress,%,100,Key result,Aspirational Goal,0,2025-05-02 13:26:22 UTC,2025-11-10,68,68,Closed,completed,0.7,Checkin Date: 2025-11-10; User: Roland Green; Note: completed; Metric Name: Progress; Status: Closed; Current Value: 68%; Activity Date: 2025-11-10 20:00:26 UTC;,Checkin Date: 2025-07-01; User: Roland Green; Note: 15.7m vs 23m (68%) and 4m of AI bookings vs 9.2m (43%); Metric Name: Progress; Status: At Risk; Current Value: 68%; Activity Date: 2025-07-01 16:47:36 UTC;,,,,,,,,,,,,,,,,,,,,,,,,,
2772562,Get Nordic AM/CSA team back to 12.3m budget in Q2,Commercial,Roland Green,Roland Green,Q2 2025,2025-04-01,2025-06-30,,"Drive expansion leveraging our AI offering(weight: 14.29%, Id: 2295776)",Progress,%,100,Key result,Aspirational Goal,0,2025-05-02 13:27:38 UTC,2025-11-10,76,76,Closed,completed,0.8,Checkin Date: 2025-11-10; User: Roland Green; Note: completed; Metric Name: Progress; Status: Closed; Current Value: 76%; Activity Date: 2025-11-10 20:00:41 UTC;,Checkin Date: 2025-07-01; User: Roland Green; Note: 9.4m vs 12.3m (76%) - org enhancements plus Q3 campaigns sorely needed to improve outcomes in Q3; Metric Name: Progress; Status: Behind; Current Value: 76%; Activity Date: 2025-07-01 16:49:46 UTC;,,,,,,,,,,,,,,,,,,,,,,,,,
2782300,Use Challanger Methodology to Supercharge AI,Commercial,Sundeep Boughan,Ram Sagoo,Q2 2025,2025-04-01,2025-06-30,,"Drive expansion leveraging our AI offering(weight: 0%, Id: 2295776)",Progress,%,100,Objective,Aspirational Goal,0,2025-05-16 08:34:25 UTC,,0,0,Not Started,,,,,,,,,,,,,,,,,,,,,,,,,,,,,
2782318,90% of AM team are Pitch Ready and passed the presentation,Commercial,Sundeep Boughan,Ram Sagoo,Q2 2025,2025-04-01,2025-06-30,,"Use Challanger Methodology to Supercharge AI(weight: 50%, Id: 2782300)",Progress,%,100,Key result,Aspirational Goal,0,2025-05-16 08:37:06 UTC,,0,0,Not Started,,,,,,,,,,,,,,,,,,,,,,,,,,,,,
2786136,Ensure entire team has access to pitch deck,Commercial,Ram Sagoo,Ram Sagoo,Q2 2025,2025-04-01,2025-06-30,,"90% of AM team are Pitch Ready and passed the presentation(weight: 0%, Id: 2782318)",Progress,%,100,Deliverable,Aspirational Goal,0,2025-05-21 12:14:07 UTC,2025-07-21,75,75,Behind,,,Checkin Date: 2025-07-21; User: Ram Sagoo; Note: ; Metric Name: Progress; Status: Behind; Current Value: 75%; Activity Date: 2025-07-21 13:18:06 UTC;,Checkin Date: 2025-05-21; User: Ram Sagoo; Note: ; Metric Name: Progress; Status: At Risk; Current Value: 20%; Activity Date: 2025-05-21 12:21:56 UTC;,,,,,,,,,,,,,,,,,,,,,,,,,
2786138,Run pitch deck session with Team,Commercial,Ram Sagoo,Ram Sagoo,Q2 2025,2025-04-01,2025-06-30,,"90% of AM team are Pitch Ready and passed the presentation(weight: 0%, Id: 2782318)",Progress,%,100,Deliverable,Aspirational Goal,0,2025-05-21 12:15:04 UTC,2025-07-21,35,35,At Risk,,,Checkin Date: 2025-07-21; User: Ram Sagoo; Note: ; Metric Name: Progress; Status: At Risk; Current Value: 35%; Activity Date: 2025-07-21 13:18:24 UTC;,,,,,,,,,,,,,,,,,,,,,,,,,,
2786139,Each Individual to pitch the presentation to the team,Commercial,Ram Sagoo,Ram Sagoo,Q2 2025,2025-04-01,2025-06-30,,"90% of AM team are Pitch Ready and passed the presentation(weight: 0%, Id: 2782318)",Progress,%,100,Deliverable,Aspirational Goal,0,2025-05-21 12:16:58 UTC,,0,0,Not Started,,,,,,,,,,,,,,,,,,,,,,,,,,,,,
2782333,Converting 50% of customers not using VA,Commercial,Sundeep Boughan,Ram Sagoo,Q2 2025,2025-04-01,2025-06-30,,"Use Challanger Methodology to Supercharge AI(weight: 50%, Id: 2782300)",Progress,%,100,Key result,Aspirational Goal,0,2025-05-16 08:40:48 UTC,,0,0,Not Started,,,,,,,,,,,,,,,,,,,,,,,,,,,,,
2786147,Understand all 3 value props of VA,Commercial,Ram Sagoo,Ram Sagoo,Q2 2025,2025-04-01,2025-06-30,,"Converting 50% of customers not using VA(weight: 0%, Id: 2782333)",Progress,%,100,Deliverable,Aspirational Goal,0,2025-05-21 12:24:27 UTC,,0,0,Not Started,,,,,,,,,,,,,,,,,,,,,,,,,,,,,
2786150,Select 6 customers and use Challenger to create new conversation,Commercial,Ram Sagoo,Ram Sagoo,Q2 2025,2025-04-01,2025-06-30,,"Converting 50% of customers not using VA(weight: 0%, Id: 2782333)",Progress,%,100,Deliverable,Aspirational Goal,0,2025-05-21 12:30:03 UTC,,0,0,Not Started,,,,,,,,,,,,,,,,,,,,,,,,,,,,,
2786151,create a list of 2-3 customer stories with USP/ROI,Commercial,Ram Sagoo,Ram Sagoo,Q2 2025,2025-04-01,2025-06-30,,"Converting 50% of customers not using VA(weight: 0%, Id: 2782333)",Progress,%,100,Deliverable,Aspirational Goal,0,2025-05-21 12:32:11 UTC,,0,0,Not Started,,,,,,,,,,,,,,,,,,,,,,,,,,,,,
2826211,Deliver 20m of Expansion Bookings in Q3 (with 40% coming from AI - 8m),Commercial,Roland Green,"Ram Sagoo, Roland Green",Q3 2025,2025-07-01,2025-09-30,,"Drive expansion leveraging our AI offering(weight: 14.29%, Id: 2295776)",Progress,%,100,Key result,Aspirational Goal,0,2025-07-01 19:23:02 UTC,2025-11-11,88,88,Closed,updated with final AI Bookings,0.9,Checkin Date: 2025-11-11; User: Roland Green; Note: updated with final AI Bookings; Metric Name: Progress; Status: Closed; Current Value: 88%; Activity Date: 2025-11-11 14:00:45 UTC;,Checkin Date: 2025-11-11; User: Roland Green; Note: 17.6m vs 20 (88%) 7m in AI bookings (88%); Metric Name: Progress; Status: Behind; Current Value: 88%; Activity Date: 2025-11-11 14:00:21 UTC;,"Checkin Date: 2025-11-10; User: Roland Green; Note: 17.6m vs 20 (88%)
300k in AI bookings; Metric Name: Progress; Status: Closed; Current Value: 88%; Activity Date: 2025-11-10 19:52:32 UTC;",Checkin Date: 2025-09-11; User: Roland Green; Note: on track to deliver 18.2m vs goal of 20m (91%) based on better pipe build and a strong focus on AI bookings and execution; Metric Name: Progress; Status: On Track; Current Value: 91%; Activity Date: 2025-09-11 09:18:28 UTC;,"Checkin Date: 2025-08-06; User: Roland Green; Note: forecasted 19m vs goal of 20m, would be a step back in right direction given the H1 miss.; Metric Name: Progress; Status: On Track; Current Value: 95%; Activity Date: 2025-08-06 08:59:20 UTC;",,,,,,,,,,,,,,,,,,,,,,
2851149,Book 8M AI Deals in Q3,Commercial,Ram Sagoo,"Ram Sagoo, Roland Green",Q3 2025,2025-07-01,2025-09-30,,"Deliver 20m of Expansion Bookings in Q3 (with 40% coming from AI - 8m)(weight: 0%, Id: 2826211)",Progress,%,100,Objective,Aspirational Goal,0,2025-08-06 12:51:25 UTC,2025-11-12,87,87,Behind,"Created 9.8m of pipe alone in August of which 6.9m is AI related, + 3m in July",,"Checkin Date: 2025-09-05; User: Ram Sagoo; Note: Created 9.8m of pipe alone in August of which 6.9m is AI related, + 3m in July; Metric Name: Progress; Status: Behind; Current Value: 50%; Activity Date: 2025-09-05 07:52:48 UTC;",,,,,,,,,,,,,,,,,,,,,,,,,,
2851154,Create 16m of AI (CI&LS&VA) Pipeline In Q3 (5.3m per month),Commercial,Ram Sagoo,"Ram Sagoo, Roland Green",Q3 2025,2025-07-01,2025-09-30,"Created 10m of AI pipeline July and Aug, so far.","Book 8M AI Deals in Q3(weight: 100%, Id: 2851149)",Progress,%,100,Key result,Aspirational Goal,0,2025-08-06 13:04:47 UTC,2025-11-12,87,87,Behind,Created 14.7m of AI Pipeline,,Checkin Date: 2025-11-12; User: Ram Sagoo; Note: ; Metric Name: Progress; Status: Behind; Current Value: 87%; Activity Date: 2025-11-12 13:56:04 UTC;,Checkin Date: 2025-11-12; User: Ram Sagoo; Note: Created 14.7m of AI Pipeline; Metric Name: Progress; Status: Behind; Current Value: 50%; Activity Date: 2025-11-12 13:55:48 UTC;,Checkin Date: 2025-09-04; User: Ram Sagoo; Note: Created 10m of AI pipe to date with AI push; Metric Name: Progress; Status: Behind; Current Value: 50%; Activity Date: 2025-09-04 15:50:32 UTC;,Checkin Date: 2025-08-06; User: Ram Sagoo; Note: ; Metric Name: Progress; Status: Behind; Current Value: 30%; Activity Date: 2025-08-06 13:18:18 UTC;,,,,,,,,,,,,,,,,,,,,,,,
2851155,"Use Ci Play, tracker and whitespace to reach out to customers proactively",Commercial,Ram Sagoo,"Ram Sagoo, Roland Green",Q3 2025,2025-07-01,2025-09-30,,"Create 16m of AI (CI&LS&VA) Pipeline In Q3 (5.3m per month)(weight: 0%, Id: 2851154)",Progress,%,100,Deliverable,Aspirational Goal,0,2025-08-06 13:08:31 UTC,2025-11-12,75,75,Behind,,,Checkin Date: 2025-11-12; User: Ram Sagoo; Note: ; Metric Name: Progress; Status: Behind; Current Value: 75%; Activity Date: 2025-11-12 13:55:11 UTC;,Checkin Date: 2025-08-18; User: Ram Sagoo; Note: ; Metric Name: Progress; Status: Behind; Current Value: 43%; Activity Date: 2025-08-18 09:12:52 UTC;,,,,,,,,,,,,,,,,,,,,,,,,,
2851156,Use Challenger Sales methodology to reach out to  3 persona's a week,Commercial,Ram Sagoo,"Ram Sagoo, Roland Green",Q3 2025,2025-07-01,2025-09-30,,"Create 16m of AI (CI&LS&VA) Pipeline In Q3 (5.3m per month)(weight: 0%, Id: 2851154)",Progress,%,100,Deliverable,Aspirational Goal,0,2025-08-06 13:14:26 UTC,2025-08-07,30,30,Behind,To support this we are now adding Omitted Opps when reaching out to track progress.,,Checkin Date: 2025-08-07; User: Ram Sagoo; Note: To support this we are now adding Omitted Opps when reaching out to track progress.; Metric Name: Progress; Status: Behind; Current Value: 30%; Activity Date: 2025-08-07 15:06:54 UTC;,Checkin Date: 2025-08-06; User: Ram Sagoo; Note: ; Metric Name: Progress; Status: Behind; Current Value: 30%; Activity Date: 2025-08-06 13:17:27 UTC;,,,,,,,,,,,,,,,,,,,,,,,,,
2851157,Create a Tracker across working teams to track progress weekly,Commercial,Ram Sagoo,"Ram Sagoo, Roland Green",Q3 2025,2025-07-01,2025-09-30,,"Create 16m of AI (CI&LS&VA) Pipeline In Q3 (5.3m per month)(weight: 0%, Id: 2851154)",Progress,%,100,Deliverable,Aspirational Goal,0,2025-08-06 13:16:53 UTC,2025-11-12,90,90,Behind,,,Checkin Date: 2025-11-12; User: Ram Sagoo; Note: ; Metric Name: Progress; Status: Behind; Current Value: 90%; Activity Date: 2025-11-12 13:57:04 UTC;,Checkin Date: 2025-08-07; User: Ram Sagoo; Note: ; Metric Name: Progress; Status: On Track; Current Value: 50%; Activity Date: 2025-08-07 15:05:35 UTC;,Checkin Date: 2025-08-06; User: Ram Sagoo; Note: ; Metric Name: Progress; Status: Behind; Current Value: 30%; Activity Date: 2025-08-06 13:17:18 UTC;,,,,,,,,,,,,,,,,,,,,,,,,
2780757,Create Value based demos to demonstrate the Value of our AI Offering,Commercial,Sundeep Boughan,Sundeep Boughan,Q3 2025,2025-07-01,2025-09-30,,"Drive expansion leveraging our AI offering(weight: 0%, Id: 2295776) / Improve NB sales execution(weight: 0%, Id: 2295801)",Progress,%,100,Objective,Aspirational Goal,0,2025-05-14 09:34:40 UTC,2025-11-13,87,87,Closed,Complete,0.9,Checkin Date: 2025-11-13; User: Sundeep Boughan; Note: Complete; Metric Name: Progress; Status: Closed; Current Value: 87%; Activity Date: 2025-11-13 12:07:53 UTC;,,,,,,,,,,,,,,,,,,,,,,,,,,
2780831,Develop 5 Standardised Value-Based Demo used cases,Commercial,Sundeep Boughan,Sundeep Boughan,Q3 2025,2025-07-01,2025-09-30,,"Create Value based demos to demonstrate the Value of our AI Offering(weight: 33.33%, Id: 2780757)",Progress,%,100,Key result,Aspirational Goal,0,2025-05-14 10:46:32 UTC,2025-11-13,90,90,Behind,,,Checkin Date: 2025-11-13; User: Sundeep Boughan; Note: ; Metric Name: Progress; Status: Behind; Current Value: 90%; Activity Date: 2025-11-13 10:56:16 UTC;,Checkin Date: 2025-07-01; User: Sundeep Boughan; Note: ; Metric Name: Progress; Status: At Risk; Current Value: 10%; Activity Date: 2025-07-01 10:23:52 UTC;,,,,,,,,,,,,,,,,,,,,,,,,,
2829918,Collaborate with Product Marketing for alignment,Commercial,Sundeep Boughan,Sundeep Boughan,Q3 2025,2025-07-01,2025-09-30,,"Develop 5 Standardised Value-Based Demo used cases(weight: 0%, Id: 2780831)",Progress,%,100,Deliverable,Aspirational Goal,0,2025-07-04 07:26:27 UTC,2025-09-12,90,90,On Track,,,Checkin Date: 2025-09-12; User: Sundeep Boughan; Note: ; Metric Name: Progress; Status: On Track; Current Value: 90%; Activity Date: 2025-09-12 07:52:45 UTC;,Checkin Date: 2025-08-06; User: Sundeep Boughan; Note: ; Metric Name: Progress; Status: On Track; Current Value: 80%; Activity Date: 2025-08-06 12:13:10 UTC;,Checkin Date: 2025-07-18; User: Sundeep Boughan; Note: ; Metric Name: Progress; Status: On Track; Current Value: 30%; Activity Date: 2025-07-18 12:14:28 UTC;,,,,,,,,,,,,,,,,,,,,,,,,
2829895,Conduct workshops to validate AI use case relevance across industries,Commercial,Sundeep Boughan,Sundeep Boughan,Q3 2025,2025-07-01,2025-09-30,,"Develop 5 Standardised Value-Based Demo used cases(weight: 0%, Id: 2780831)",Progress,%,100,Deliverable,Aspirational Goal,0,2025-07-04 07:23:39 UTC,2025-09-12,100,100,On Track,,,Checkin Date: 2025-09-12; User: Sundeep Boughan; Note: ; Metric Name: Progress; Status: On Track; Current Value: 100%; Activity Date: 2025-09-12 07:52:48 UTC;,Checkin Date: 2025-07-18; User: Sundeep Boughan; Note: ; Metric Name: Progress; Status: On Track; Current Value: 80%; Activity Date: 2025-07-18 12:14:35 UTC;,Checkin Date: 2025-07-10; User: Sundeep Boughan; Note: ; Metric Name: Progress; Status: On Track; Current Value: 60%; Activity Date: 2025-07-10 12:23:48 UTC;,,,,,,,,,,,,,,,,,,,,,,,,
2829899,"Design and document demo storyboards: customer view, agent view, and supervisor view.",Commercial,Sundeep Boughan,Sundeep Boughan,Q3 2025,2025-07-01,2025-09-30,,"Develop 5 Standardised Value-Based Demo used cases(weight: 0%, Id: 2780831)",Progress,%,100,Deliverable,Aspirational Goal,0,2025-07-04 07:24:02 UTC,2025-09-12,100,100,On Track,,,Checkin Date: 2025-09-12; User: Sundeep Boughan; Note: ; Metric Name: Progress; Status: On Track; Current Value: 100%; Activity Date: 2025-09-12 07:52:53 UTC;,Checkin Date: 2025-08-06; User: Sundeep Boughan; Note: ; Metric Name: Progress; Status: On Track; Current Value: 70%; Activity Date: 2025-08-06 12:13:20 UTC;,Checkin Date: 2025-07-18; User: Sundeep Boughan; Note: ; Metric Name: Progress; Status: On Track; Current Value: 30%; Activity Date: 2025-07-18 12:14:39 UTC;,,,,,,,,,,,,,,,,,,,,,,,,
2829910,Build the used cases in a demo environments,Commercial,Sundeep Boughan,Sundeep Boughan,Q3 2025,2025-07-01,2025-09-30,,"Develop 5 Standardised Value-Based Demo used cases(weight: 0%, Id: 2780831)",Progress,%,100,Deliverable,Aspirational Goal,0,2025-07-04 07:25:11 UTC,2025-09-12,100,100,On Track,,,Checkin Date: 2025-09-12; User: Sundeep Boughan; Note: ; Metric Name: Progress; Status: On Track; Current Value: 100%; Activity Date: 2025-09-12 07:53:02 UTC;,Checkin Date: 2025-08-06; User: Sundeep Boughan; Note: ; Metric Name: Progress; Status: On Track; Current Value: 40%; Activity Date: 2025-08-06 12:13:26 UTC;,,,,,,,,,,,,,,,,,,,,,,,,,
2829915,Record demo walkthrough videos and publish internally,Commercial,Sundeep Boughan,Sundeep Boughan,Q3 2025,2025-07-01,2025-09-30,,"Develop 5 Standardised Value-Based Demo used cases(weight: 0%, Id: 2780831)",Progress,%,100,Deliverable,Aspirational Goal,0,2025-07-04 07:25:44 UTC,2025-11-13,100,100,On Track,,,Checkin Date: 2025-11-13; User: Sundeep Boughan; Note: ; Metric Name: Progress; Status: On Track; Current Value: 100%; Activity Date: 2025-11-13 09:35:21 UTC;,Checkin Date: 2025-09-12; User: Sundeep Boughan; Note: ; Metric Name: Progress; Status: At Risk; Current Value: 30%; Activity Date: 2025-09-12 07:53:09 UTC;,,,,,,,,,,,,,,,,,,,,,,,,,
2780836,Enable 100% of the Sales Engineering team on delivering the new Value-Based AI demos,Commercial,Sundeep Boughan,Sundeep Boughan,Q3 2025,2025-07-01,2025-09-30,,"Create Value based demos to demonstrate the Value of our AI Offering(weight: 33.33%, Id: 2780757)",Progress,%,100,Key result,Aspirational Goal,0,2025-05-14 10:48:25 UTC,2025-11-13,90,90,Behind,,,Checkin Date: 2025-11-13; User: Sundeep Boughan; Note: ; Metric Name: Progress; Status: Behind; Current Value: 90%; Activity Date: 2025-11-13 10:56:02 UTC;,Checkin Date: 2025-07-01; User: Sundeep Boughan; Note: ; Metric Name: Progress; Status: At Risk; Current Value: 10%; Activity Date: 2025-07-01 10:23:56 UTC;,,,,,,,,,,,,,,,,,,,,,,,,,
2829920,Run AI demo enablement sessions,Commercial,Sundeep Boughan,Sundeep Boughan,Q3 2025,2025-07-01,2025-09-30,,"Enable 100% of the Sales Engineering team on delivering the new Value-Based AI demos(weight: 0%, Id: 2780836)",Progress,%,100,Deliverable,Aspirational Goal,0,2025-07-04 07:27:37 UTC,2025-09-12,60,60,Behind,,,Checkin Date: 2025-09-12; User: Sundeep Boughan; Note: ; Metric Name: Progress; Status: Behind; Current Value: 60%; Activity Date: 2025-09-12 07:53:27 UTC;,Checkin Date: 2025-08-06; User: Sundeep Boughan; Note: ; Metric Name: Progress; Status: Behind; Current Value: 20%; Activity Date: 2025-08-06 12:13:42 UTC;,,,,,,,,,,,,,,,,,,,,,,,,,
2829923,Share “demo cheat sheets” and success stories in SE calls,Commercial,Sundeep Boughan,Sundeep Boughan,Q3 2025,2025-07-01,2025-09-30,,"Enable 100% of the Sales Engineering team on delivering the new Value-Based AI demos(weight: 0%, Id: 2780836)",Progress,%,100,Deliverable,Aspirational Goal,0,2025-07-04 07:28:21 UTC,2025-11-13,100,100,On Track,,,Checkin Date: 2025-11-13; User: Sundeep Boughan; Note: ; Metric Name: Progress; Status: On Track; Current Value: 100%; Activity Date: 2025-11-13 09:35:38 UTC;,Checkin Date: 2025-11-13; User: Sundeep Boughan; Note: ; Metric Name: Progress; Status: Behind; Current Value: 80%; Activity Date: 2025-11-13 09:35:33 UTC;,Checkin Date: 2025-09-12; User: Sundeep Boughan; Note: ; Metric Name: Progress; Status: At Risk; Current Value: 20%; Activity Date: 2025-09-12 07:53:31 UTC;,,,,,,,,,,,,,,,,,,,,,,,,
2780837,Reduce average Sales Engineer preparation time by 20% for AI demos by using the standardised assets and pre-configured demo environments,Commercial,Sundeep Boughan,Sundeep Boughan,Q3 2025,2025-07-01,2025-09-30,,"Create Value based demos to demonstrate the Value of our AI Offering(weight: 33.33%, Id: 2780757)",Progress,%,100,Key result,Aspirational Goal,0,2025-05-14 10:48:55 UTC,2025-11-13,80,80,Behind,,,Checkin Date: 2025-11-13; User: Sundeep Boughan; Note: ; Metric Name: Progress; Status: Behind; Current Value: 80%; Activity Date: 2025-11-13 09:35:58 UTC;,Checkin Date: 2025-07-01; User: Sundeep Boughan; Note: ; Metric Name: Progress; Status: At Risk; Current Value: 10%; Activity Date: 2025-07-01 10:24:02 UTC;,,,,,,,,,,,,,,,,,,,,,,,,,
2829925,Create a “Prep Checklist” for each demo scenario,Commercial,Sundeep Boughan,Sundeep Boughan,Q3 2025,2025-07-01,2025-09-30,,"Reduce average Sales Engineer preparation time by 20% for AI demos by using the standardised assets and pre-configured demo environments(weight: 0%, Id: 2780837)",Progress,%,100,Deliverable,Aspirational Goal,0,2025-07-04 07:29:04 UTC,2025-11-13,100,100,On Track,,,Checkin Date: 2025-11-13; User: Sundeep Boughan; Note: ; Metric Name: Progress; Status: On Track; Current Value: 100%; Activity Date: 2025-11-13 09:36:40 UTC;,Checkin Date: 2025-09-12; User: Sundeep Boughan; Note: ; Metric Name: Progress; Status: At Risk; Current Value: 20%; Activity Date: 2025-09-12 07:53:45 UTC;,Checkin Date: 2025-07-18; User: Sundeep Boughan; Note: ; Metric Name: Progress; Status: Behind; Current Value: 10%; Activity Date: 2025-07-18 12:15:05 UTC;,,,,,,,,,,,,,,,,,,,,,,,,
2902544,Land 20m of Expansion Bookings with 8m+ of AI,Commercial,Roland Green,Roland Green,Q4 2025,2025-10-01,2025-12-31,,"Drive expansion leveraging our AI offering(weight: 14.29%, Id: 2295776)",ARR,,20,Key result,Aspirational Goal,0,2025-11-11 13:45:05 UTC,,0,0,Not Started,,,,,,,,,,,,,,,,,,,,,,,,,,,,,
2826212,Get Nordic AM/CSA team back to 10.5m budget in Q3,Commercial,Roland Green,"Ram Sagoo, Roland Green",Q3 2025,2025-07-01,2025-09-30,,"Drive expansion leveraging our AI offering(weight: 14.29%, Id: 2295776)",Progress,%,100,Key result,Aspirational Goal,0,2025-07-01 19:24:06 UTC,2025-11-10,86,86,Closed,9m achieved vs 10.5m (86%),0.9,Checkin Date: 2025-11-10; User: Roland Green; Note: 9m achieved vs 10.5m (86%); Metric Name: Progress; Status: Closed; Current Value: 86%; Activity Date: 2025-11-10 19:50:35 UTC;,Checkin Date: 2025-09-11; User: Roland Green; Note: likely to land 7.4m vs goal of 10.5m 70%) with 2 x terminations and a rehire to support better quality in the team and a big push on AI and playbooks to support; Metric Name: Progress; Status: Behind; Current Value: 70%; Activity Date: 2025-09-11 09:17:16 UTC;,"Checkin Date: 2025-09-05; User: Ram Sagoo; Note: 300K Delta to hit budget based on Sep forecast right now, so really closing the expansion gap (Globally); Metric Name: Progress; Status: On Track; Current Value: 86%; Activity Date: 2025-09-05 07:51:25 UTC;",Checkin Date: 2025-09-05; User: Ram Sagoo; Note: August - created 9.3m of pipeline with 6.9 coming from AI driven initiatives; Metric Name: Progress; Status: On Track; Current Value: 86%; Activity Date: 2025-09-05 07:44:56 UTC;,"Checkin Date: 2025-08-06; User: Roland Green; Note: July performance 300k off budget, Q3 forecast for 8.9m so slightly short of the goal.; Metric Name: Progress; Status: On Track; Current Value: 86%; Activity Date: 2025-08-06 08:58:13 UTC;",,,,,,,,,,,,,,,,,,,,,,
2838344,Recruit to be build a high performance AM Team,Commercial,Ram Sagoo,"Ram Sagoo, Roland Green",Q3 2025,2025-07-01,2025-09-30,,"Get Nordic AM/CSA team back to 10.5m budget in Q3(weight: 0%, Id: 2826212)",Progress,%,100,Objective,Aspirational Goal,0,2025-07-14 10:46:34 UTC,2025-11-12,100,100,On Track,"SW AM hired and in enablement mode - learning CI and contacting customers to establish a connection.

With NO, interviewed 2, looking at Anton as a potential.",,"Checkin Date: 2025-09-05; User: Ram Sagoo; Note: SW AM hired and in enablement mode - learning CI and contacting customers to establish a connection.

With NO, interviewed 2, looking at Anton as a potential.; Metric Name: Progress; Status: Behind; Current Value: 60%; Activity Date: 2025-09-05 07:46:39 UTC;",,,,,,,,,,,,,,,,,,,,,,,,,,
2838353,Have new Swedish AM in place by EO Q3,Commercial,Ram Sagoo,"Ram Sagoo, Roland Green",Q3 2025,2025-07-01,2025-09-30,,"Recruit to be build a high performance AM Team(weight: 50%, Id: 2838344)",Progress,%,100,Key result,Aspirational Goal,0,2025-07-14 10:51:42 UTC,2025-09-05,100,100,On Track,Completed,,Checkin Date: 2025-09-05; User: Ram Sagoo; Note: Completed; Metric Name: Progress; Status: On Track; Current Value: 100%; Activity Date: 2025-09-05 07:47:00 UTC;,Checkin Date: 2025-09-04; User: Ram Sagoo; Note: ; Metric Name: Progress; Status: On Track; Current Value: 100%; Activity Date: 2025-09-04 15:47:40 UTC;,Checkin Date: 2025-07-14; User: Ram Sagoo; Note: ; Metric Name: Progress; Status: On Track; Current Value: 50%; Activity Date: 2025-07-14 11:05:58 UTC;,,,,,,,,,,,,,,,,,,,,,,,,
2851129,Create ideal profile for Swedish AM,Commercial,Ram Sagoo,"Ram Sagoo, Roland Green",Q3 2025,2025-07-01,2025-09-30,,"Have new Swedish AM in place by EO Q3(weight: 0%, Id: 2838353)",Progress,%,100,Deliverable,Aspirational Goal,0,2025-08-06 12:38:40 UTC,,0,0,Not Started,,,,,,,,,,,,,,,,,,,,,,,,,,,,,
2851131,Benchmark knowledge in the team for cross sell,Commercial,Ram Sagoo,"Ram Sagoo, Roland Green",Q3 2025,2025-07-01,2025-09-30,,"Have new Swedish AM in place by EO Q3(weight: 0%, Id: 2838353)",Progress,%,100,Deliverable,Aspirational Goal,0,2025-08-06 12:39:55 UTC,,0,0,Not Started,,,,,,,,,,,,,,,,,,,,,,,,,,,,,
2838358,Create Nordic AM shortlist in Q3,Commercial,Ram Sagoo,"Ram Sagoo, Roland Green",Q3 2025,2025-07-01,2025-09-30,,"Recruit to be build a high performance AM Team(weight: 50%, Id: 2838344)",Progress,%,100,Key result,Aspirational Goal,0,2025-07-14 10:52:47 UTC,2025-11-12,100,100,On Track,"This is in progress with Ollie whilst we build out Nordics, 1 in SW shortlist potential.",,Checkin Date: 2025-11-12; User: Ram Sagoo; Note: ; Metric Name: Progress; Status: On Track; Current Value: 100%; Activity Date: 2025-11-12 13:53:54 UTC;,"Checkin Date: 2025-09-05; User: Ram Sagoo; Note: This is in progress with Ollie whilst we build out Nordics, 1 in SW shortlist potential.; Metric Name: Progress; Status: At Risk; Current Value: 20%; Activity Date: 2025-09-05 07:48:01 UTC;",Checkin Date: 2025-09-04; User: Ram Sagoo; Note: ; Metric Name: Progress; Status: At Risk; Current Value: 20%; Activity Date: 2025-09-04 15:48:17 UTC;,,,,,,,,,,,,,,,,,,,,,,,,
2295784,Prioritise high impact opps in CX ecosystem,,Frederic Laziou,Matt Hughes,Annual 2025,2025-01-01,2025-12-31,,"SP1: Lead with AI(weight: 0%, Id: 2295706)",Progress,%,100,Objective,Aspirational Goal,0,2024-12-09 14:52:16 UTC,,0,0,Not Started,,,,,,,,,,,,,,,,,,,,,,,,,,,,,
2503050,Clear Success Criteria for ‘Definition of Done’ (Delivery),,Matt Hughes,Matt Hughes,Annual 2025,2025-01-01,2025-12-31,,"Prioritise high impact opps in CX ecosystem(weight: 0%, Id: 2295784)",Progress,%,100,Objective,Aspirational Goal,0,2025-03-12 08:21:15 UTC,2025-03-12,25,25,Behind,,,,,,,,,,,,,,,,,,,,,,,,,,,,,
2503056,100% Epics has clearly defined success criteria before development begins,,Matt Hughes,Matt Hughes,Q1 2025,2025-01-01,2025-03-31,,"Clear Success Criteria for ‘Definition of Done’ (Delivery)(weight: 50%, Id: 2503050)",Product Epic's,%,100,Key result,Aspirational Goal,0,2025-03-12 08:22:31 UTC,2025-03-12,30,30,At Risk,,,Checkin Date: 2025-03-12; User: Matt Hughes; Note: ; Metric Name: Product Epic's; Status: At Risk; Current Value: 30%; Activity Date: 2025-03-12 08:31:53 UTC;,,,,,,,,,,,,,,,,,,,,,,,,,,
2503089,100% of team members understand and align to the definition of ‘done’ before starting work,,Matt Hughes,Matt Hughes,Q2 2025,2025-04-01,2025-06-30,,"Clear Success Criteria for ‘Definition of Done’ (Delivery)(weight: 50%, Id: 2503050)",Team Members,%,100,Key result,Aspirational Goal,0,2025-03-12 08:32:55 UTC,2025-03-12,20,20,On Track,,,Checkin Date: 2025-03-12; User: Matt Hughes; Note: ; Metric Name: Team Members; Status: On Track; Current Value: 20%; Activity Date: 2025-03-12 08:34:15 UTC;,,,,,,,,,,,,,,,,,,,,,,,,,,
2502121,Transparency through Roadmap,,Matt Hughes,Matt Hughes,Annual 2025,2025-01-01,2025-12-31,,"Prioritise high impact opps in CX ecosystem(weight: 0%, Id: 2295784)",Progress,%,100,Objective,Aspirational Goal,0,2025-03-11 14:57:11 UTC,2025-03-12,62,62,Behind,,,,,,,,,,,,,,,,,,,,,,,,,,,,,
2502124,100% transparency with P&T Roadmap,,Matt Hughes,Matt Hughes,Annual 2025,2025-01-01,2025-12-31,,"Transparency through Roadmap(weight: 20%, Id: 2502121)",Roadmap Transparency,%,100,Key result,Aspirational Goal,0,2025-03-11 14:58:11 UTC,2025-03-12,30,30,On Track,,,Checkin Date: 2025-03-12; User: Matt Hughes; Note: ; Metric Name: Roadmap Transparency; Status: On Track; Current Value: 30%; Activity Date: 2025-03-12 08:29:22 UTC;,,,,,,,,,,,,,,,,,,,,,,,,,,
2502126,Deliver Roadmap to Commercial,,Matt Hughes,Matt Hughes,Q1 2025,2025-01-01,2025-03-31,,"Transparency through Roadmap(weight: 20%, Id: 2502121)",Progress,%,100,Deliverable,Aspirational Goal,0,2025-03-11 14:58:47 UTC,2025-03-11,99,99,On Track,Delivered Roadmap Deck to Commercial Leaders,,Checkin Date: 2025-03-11; User: Matt Hughes; Note: Delivered Roadmap Deck to Commercial Leaders; Metric Name: Progress; Status: On Track; Current Value: 99%; Activity Date: 2025-03-11 15:01:38 UTC;,,,,,,,,,,,,,,,,,,,,,,,,,,
2502169,100% Adoption in product team of Productboard,,Matt Hughes,Matt Hughes,Q1 2025,2025-01-01,2025-03-31,,"Transparency through Roadmap(weight: 20%, Id: 2502121)",Progress,%,100,Deliverable,Aspirational Goal,0,2025-03-11 15:14:23 UTC,2025-03-11,50,50,On Track,,,Checkin Date: 2025-03-11; User: Matt Hughes; Note: ; Metric Name: Progress; Status: On Track; Current Value: 50%; Activity Date: 2025-03-11 15:14:46 UTC;,,,,,,,,,,,,,,,,,,,,,,,,,,
2502172,All Puzzel enabled on Productboard,,Matt Hughes,Matt Hughes,Q1 2025,2025-01-01,2025-03-31,,"Transparency through Roadmap(weight: 20%, Id: 2502121)",Progress,%,100,Deliverable,Aspirational Goal,0,2025-03-11 15:15:26 UTC,2025-03-12,30,30,At Risk,Enablement will not start until mid March,,Checkin Date: 2025-03-12; User: Matt Hughes; Note: ; Metric Name: Progress; Status: At Risk; Current Value: 30%; Activity Date: 2025-03-12 08:27:23 UTC;,Checkin Date: 2025-03-11; User: Matt Hughes; Note: Enablement will not start until mid March; Metric Name: Progress; Status: Not Started; Current Value: 0%; Activity Date: 2025-03-11 15:16:30 UTC;,,,,,,,,,,,,,,,,,,,,,,,,,
2502789,Product Objectives Defined in Productboard,,Matt Hughes,Matt Hughes,Q1 2025,2025-01-01,2025-03-31,,"Transparency through Roadmap(weight: 20%, Id: 2502121)",Progress,%,100,Deliverable,Aspirational Goal,0,2025-03-12 05:46:37 UTC,2025-03-12,100,100,Closed,Objectives in Productboard,N/A,Checkin Date: 2025-03-12; User: Matt Hughes; Note: Objectives in Productboard; Metric Name: Progress; Status: Closed; Current Value: 100%; Activity Date: 2025-03-12 05:47:45 UTC;,,,,,,,,,,,,,,,,,,,,,,,,,,
2502793,Clear and Anchored ROI on All Investment,,Matt Hughes,Matt Hughes,Annual 2025,2025-01-01,2025-12-31,,"Prioritise high impact opps in CX ecosystem(weight: 0%, Id: 2295784)",Progress,%,100,Objective,Aspirational Goal,0,2025-03-12 05:58:12 UTC,2025-03-12,13,13,On Track,,,,,,,,,,,,,,,,,,,,,,,,,,,,,
2502969,100% all product investment business value validated before any product work begins,,Matt Hughes,Matt Hughes,Q2 2025,2025-04-01,2025-06-30,,"Clear and Anchored ROI on All Investment(weight: 33.33%, Id: 2502793)",Complete,,100,Key result,Aspirational Goal,0,2025-03-12 08:01:52 UTC,2025-03-12,20,20,On Track,,,Checkin Date: 2025-03-12; User: Matt Hughes; Note: ; Metric Name: Complete; Status: On Track; Current Value: 20; Activity Date: 2025-03-12 08:25:04 UTC;,,,,,,,,,,,,,,,,,,,,,,,,,,
2502980,Business Value Template Created in PB,,Matt Hughes,Matt Hughes,Q1 2025,2025-01-01,2025-03-31,,"100% all product investment business value validated before any product work begins(weight: 0%, Id: 2502969)",Progress,%,100,Deliverable,Committed Goal,0,2025-03-12 08:04:29 UTC,2025-03-12,0,0,Closed,This has now been completed,0,Checkin Date: 2025-03-12; User: Matt Hughes; Note: This has now been completed; Metric Name: Progress; Status: Closed; Current Value: 0%; Activity Date: 2025-03-12 08:04:51 UTC;,,,,,,,,,,,,,,,,,,,,,,,,,,
2503005,Business Value Training for PO's,,Matt Hughes,Matt Hughes,Q2 2025,2025-04-01,2025-06-30,,"100% all product investment business value validated before any product work begins(weight: 0%, Id: 2502969)",Progress,%,100,Deliverable,Aspirational Goal,0,2025-03-12 08:09:06 UTC,2025-03-12,20,20,On Track,,,Checkin Date: 2025-03-12; User: Matt Hughes; Note: ; Metric Name: Progress; Status: On Track; Current Value: 20%; Activity Date: 2025-03-12 08:09:17 UTC;,,,,,,,,,,,,,,,,,,,,,,,,,,
2503068,Create Playbook for GPT usage to support Business Value Creation,,Matt Hughes,Matt Hughes,Q2 2025,2025-04-01,2025-06-30,,"100% all product investment business value validated before any product work begins(weight: 0%, Id: 2502969)",Progress,%,100,Deliverable,Aspirational Goal,0,2025-03-12 08:26:27 UTC,,0,0,Not Started,,,,,,,,,,,,,,,,,,,,,,,,,,,,,
2502987,100% of launched products have ROI tracked and measured post-launch,,Matt Hughes,Matt Hughes,Q2 2025,2025-04-01,2025-06-30,,"Clear and Anchored ROI on All Investment(weight: 33.33%, Id: 2502793)",Target,,100,Key result,Aspirational Goal,0,2025-03-12 08:06:33 UTC,2025-03-12,20,20,On Track,,,Checkin Date: 2025-03-12; User: Matt Hughes; Note: ; Metric Name: Target; Status: On Track; Current Value: 20; Activity Date: 2025-03-12 08:24:55 UTC;,,,,,,,,,,,,,,,,,,,,,,,,,,
2503018,All License usage in reporting,,Matt Hughes,Matt Hughes,Q1 2025,2025-01-01,2025-03-31,,"100% of launched products have ROI tracked and measured post-launch(weight: 0%, Id: 2502987)",Progress,%,100,Deliverable,Aspirational Goal,0,2025-03-12 08:13:58 UTC,2025-03-12,98,98,On Track,,,Checkin Date: 2025-03-12; User: Matt Hughes; Note: ; Metric Name: Progress; Status: On Track; Current Value: 98%; Activity Date: 2025-03-12 08:14:12 UTC;,,,,,,,,,,,,,,,,,,,,,,,,,,
2503020,All transactional usage in reporting,,Matt Hughes,Matt Hughes,Q1 2025,2025-01-01,2025-03-31,,"100% of launched products have ROI tracked and measured post-launch(weight: 0%, Id: 2502987)",Progress,%,100,Deliverable,Aspirational Goal,0,2025-03-12 08:14:38 UTC,2025-03-12,50,50,At Risk,Delays due to new end points needed in Virtual Agents and Conversational Intelligence,,Checkin Date: 2025-03-12; User: Matt Hughes; Note: Delays due to new end points needed in Virtual Agents and Conversational Intelligence; Metric Name: Progress; Status: At Risk; Current Value: 50%; Activity Date: 2025-03-12 08:15:22 UTC;,Checkin Date: 2025-03-12; User: Matt Hughes; Note: ; Metric Name: Progress; Status: At Risk; Current Value: 50%; Activity Date: 2025-03-12 08:14:48 UTC;,,,,,,,,,,,,,,,,,,,,,,,,,
2503023,All product access to new reporting,,Matt Hughes,Matt Hughes,Q2 2025,2025-04-01,2025-06-30,,"100% of launched products have ROI tracked and measured post-launch(weight: 0%, Id: 2502987)",Progress,%,100,Deliverable,Aspirational Goal,0,2025-03-12 08:16:00 UTC,2025-03-12,95,95,On Track,,,Checkin Date: 2025-03-12; User: Matt Hughes; Note: ; Metric Name: Progress; Status: On Track; Current Value: 95%; Activity Date: 2025-03-12 08:17:24 UTC;,Checkin Date: 2025-03-12; User: Matt Hughes; Note: ; Metric Name: Progress; Status: On Track; Current Value: 40%; Activity Date: 2025-03-12 08:16:48 UTC;,,,,,,,,,,,,,,,,,,,,,,,,,
2503030,All product access to carr,,Matt Hughes,Matt Hughes,Q1 2025,2025-01-01,2025-03-31,,"100% of launched products have ROI tracked and measured post-launch(weight: 0%, Id: 2502987)",Progress,%,100,Deliverable,Aspirational Goal,0,2025-03-12 08:17:48 UTC,2025-03-12,50,50,At Risk,Not available in Snowflake yet,,Checkin Date: 2025-03-12; User: Matt Hughes; Note: Not available in Snowflake yet; Metric Name: Progress; Status: At Risk; Current Value: 50%; Activity Date: 2025-03-12 08:18:16 UTC;,Checkin Date: 2025-03-12; User: Matt Hughes; Note: ; Metric Name: Progress; Status: At Risk; Current Value: 50%; Activity Date: 2025-03-12 08:18:03 UTC;,,,,,,,,,,,,,,,,,,,,,,,,,
2503041,All main products to have product analytics,,Matt Hughes,Matt Hughes,Q2 2025,2025-04-01,2025-06-30,,"100% of launched products have ROI tracked and measured post-launch(weight: 0%, Id: 2502987)",Progress,%,100,Deliverable,Aspirational Goal,0,2025-03-12 08:19:17 UTC,2025-03-12,10,10,On Track,,,Checkin Date: 2025-03-12; User: Matt Hughes; Note: ; Metric Name: Progress; Status: On Track; Current Value: 10%; Activity Date: 2025-03-12 08:19:32 UTC;,,,,,,,,,,,,,,,,,,,,,,,,,,
2503064,100% of Backlog Items Prioritised using RICE,,Matt Hughes,Matt Hughes,Annual 2025,2025-01-01,2025-12-31,,"Clear and Anchored ROI on All Investment(weight: 33.33%, Id: 2502793)",RICE,,100,Key result,Aspirational Goal,0,2025-03-12 08:24:08 UTC,,0,0,Not Started,,,,,,,,,,,,,,,,,,,,,,,,,,,,,
2503108,Drive Business Growth Through Strategic Product Investments,,Matt Hughes,Matt Hughes,Annual 2025,2025-01-01,2025-12-31,,"Prioritise high impact opps in CX ecosystem(weight: 0%, Id: 2295784)",Progress,%,100,Objective,Aspirational Goal,0,2025-03-12 08:36:13 UTC,,0,0,Not Started,,,,,,,,,,,,,,,,,,,,,,,,,,,,,
2503112,All product work is explicitly linked to strategic product goals,,Matt Hughes,Matt Hughes,Q2 2025,2025-04-01,2025-06-30,,"Drive Business Growth Through Strategic Product Investments(weight: 33.33%, Id: 2503108)",Product worked linked,,100,Key result,Aspirational Goal,0,2025-03-12 08:36:52 UTC,,0,0,Not Started,,,,,,,,,,,,,,,,,,,,,,,,,,,,,
2503140,Implement Goal Mapping in Productboard,,Matt Hughes,Matt Hughes,Q1 2025,2025-01-01,2025-03-31,,"All product work is explicitly linked to strategic product goals(weight: 0%, Id: 2503112)",Progress,%,100,Deliverable,Aspirational Goal,0,2025-03-12 08:42:11 UTC,2025-03-12,80,80,On Track,,,Checkin Date: 2025-03-12; User: Matt Hughes; Note: ; Metric Name: Progress; Status: On Track; Current Value: 80%; Activity Date: 2025-03-12 08:42:24 UTC;,,,,,,,,,,,,,,,,,,,,,,,,,,
2503116,Each team member can articulate how their work contributes to business growth,,Matt Hughes,Matt Hughes,Q2 2025,2025-04-01,2025-06-30,,"Drive Business Growth Through Strategic Product Investments(weight: 33.33%, Id: 2503108)",Team members,%,100,Key result,Aspirational Goal,0,2025-03-12 08:37:30 UTC,,0,0,Not Started,,,,,,,,,,,,,,,,,,,,,,,,,,,,,
2503127,% of Product Initiatives with Business Impact Data Attached,,Matt Hughes,Matt Hughes,Annual 2025,2025-01-01,2025-12-31,,"Drive Business Growth Through Strategic Product Investments(weight: 33.33%, Id: 2503108)",Business Impact,%,50,Key result,Aspirational Goal,0,2025-03-12 08:40:16 UTC,,0,0,Not Started,,,,,,,,,,,,,,,,,,,,,,,,,,,,,
2295785,Improve product GTM,,Frederic Laziou,"Gabi Warren, Matt Hughes",Annual 2025,2025-01-01,2025-12-31,,"SP1: Lead with AI(weight: 0%, Id: 2295706)",Progress,%,100,Objective,Aspirational Goal,0,2024-12-09 14:52:32 UTC,2025-11-18,25,25,At Risk,,,,,,,,,,,,,,,,,,,,,,,,,,,,,
2316292,Packaging & pricing,,Frederic Laziou,Frederic Laziou,Q2 2025,2025-04-01,2025-06-30,,"Improve product GTM(weight: 0%, Id: 2295785)",Progress,%,100,Deliverable,Aspirational Goal,0,2024-12-17 12:14:13 UTC,2025-08-19,0,0,Postponed,Postponed due to limited bandwidth. Will be addressed early 2026.,,Checkin Date: 2025-08-19; User: Frederic Laziou; Note: Postponed due to limited bandwidth. Will be addressed early 2026.; Metric Name: Progress; Status: Postponed; Current Value: 0%; Activity Date: 2025-08-19 10:20:04 UTC;,Checkin Date: 2025-05-19; User: Frederic Laziou; Note: Postponed; Metric Name: Progress; Status: Not Started; Current Value: 0%; Activity Date: 2025-05-19 09:31:38 UTC;,,,,,,,,,,,,,,,,,,,,,,,,,
2445302,Launch process,Marketing,Gabi Warren,"Gabi Warren, Matt Hughes, Raïsa Van Olden",Annual 2025,2025-01-01,2025-12-31,"Deliver a launch framework, and launch Virtual Agents, as well as analytics","Improve product GTM(weight: 0%, Id: 2295785)",Progress,%,100,Deliverable,Aspirational Goal,0,2025-02-10 10:46:03 UTC,2025-04-14,80,80,On Track,"CI launch review happened on 11 March. CI will be our next launch in May, at Elevate Virtual.",,Checkin Date: 2025-04-14; User: Gabi Warren; Note: ; Metric Name: Progress; Status: On Track; Current Value: 80%; Activity Date: 2025-04-14 08:30:36 UTC;,"Checkin Date: 2025-03-12; User: Gabi Warren; Note: CI launch review happened on 11 March. CI will be our next launch in May, at Elevate Virtual.; Metric Name: Progress; Status: On Track; Current Value: 40%; Activity Date: 2025-03-12 09:42:17 UTC; Comment #1 [2025-03-13 08:28:17 UTC, Morgan Sandberg]:I believe you meant to write VA instead of CI in the first sentence.; Comment #2 [2025-03-13 08:42:06 UTC, Gabi Warren]:No. Virtual Agents are launched. We'll be launching Conversational Intelligence.; Comment #3 [2025-03-13 09:30:24 UTC, Morgan Sandberg]:Sorry I missed the word ""review"", so I thought you were referring to the VA launch.;",Checkin Date: 2025-02-10; User: Gabi Warren; Note: ; Metric Name: Progress; Status: On Track; Current Value: 25%; Activity Date: 2025-02-10 10:46:14 UTC;,,,,,,,,,,,,,,,,,,,,,,,,
2447695,Product naming,Marketing,Gabi Warren,"Gabi Warren, Matt Hughes",Annual 2025,2025-01-01,2025-03-31,,"Improve product GTM(weight: 0%, Id: 2295785)",Progress,%,100,Deliverable,Aspirational Goal,0,2025-02-11 10:12:07 UTC,2025-04-14,100,100,On Track,"Naming agreed, logos nearly ready and being shown during the product presentation at Elevate.",,Checkin Date: 2025-04-14; User: Gabi Warren; Note: ; Metric Name: Progress; Status: On Track; Current Value: 100%; Activity Date: 2025-04-14 08:30:48 UTC;,"Checkin Date: 2025-03-12; User: Gabi Warren; Note: Naming agreed, logos nearly ready and being shown during the product presentation at Elevate.; Metric Name: Progress; Status: On Track; Current Value: 80%; Activity Date: 2025-03-12 09:42:56 UTC;",Checkin Date: 2025-03-03; User: Gabi Warren; Note: ; Metric Name: Progress; Status: Behind; Current Value: 65%; Activity Date: 2025-03-03 09:32:28 UTC;,Checkin Date: 2025-02-19; User: Gabi Warren; Note: ; Metric Name: Progress; Status: Behind; Current Value: 50%; Activity Date: 2025-02-19 09:36:37 UTC;,Checkin Date: 2025-02-11; User: Gabi Warren; Note: Marc and Kristian working on design. Tobias working on naming. To be presented to GLT on 12 Feb.; Metric Name: Progress; Status: Behind; Current Value: 30%; Activity Date: 2025-02-11 10:14:08 UTC;,,,,,,,,,,,,,,,,,,,,,,
2504043,Deliver a competitive intelligence programme,Marketing,Gabi Warren,"Gabi Warren, Raïsa Van Olden",Annual 2025,2025-04-01,2025-06-30,,"Improve product GTM(weight: 0%, Id: 2295785)",Progress,%,100,Deliverable,Aspirational Goal,0,2025-03-12 12:25:43 UTC,2025-04-14,50,50,On Track,,,Checkin Date: 2025-04-14; User: Gabi Warren; Note: ; Metric Name: Progress; Status: On Track; Current Value: 50%; Activity Date: 2025-04-14 08:30:17 UTC;,Checkin Date: 2025-03-12; User: Gabi Warren; Note: ; Metric Name: Progress; Status: On Track; Current Value: 19%; Activity Date: 2025-03-12 12:26:16 UTC;,,,,,,,,,,,,,,,,,,,,,,,,,
2504045,Value proposition/ USPs,Marketing,Gabi Warren,"Gabi Warren, Matt Hughes, Roland Green",Annual 2025,2025-04-01,2025-06-30,,"Improve product GTM(weight: 0%, Id: 2295785)",Progress,%,100,Deliverable,Aspirational Goal,0,2025-03-12 12:28:00 UTC,2025-04-14,0,0,Not Started,,,Checkin Date: 2025-04-14; User: Gabi Warren; Note: ; Metric Name: Progress; Status: Not Started; Current Value: 0%; Activity Date: 2025-04-14 08:30:26 UTC;,,,,,,,,,,,,,,,,,,,,,,,,,,
2504122,Deliver one launch in H1,,Gabi Warren,"Gabi Warren, Matt Hughes",Annual 2025,2025-01-01,2025-12-31,,"Improve product GTM(weight: 100%, Id: 2295785)",Progress,%,100,Key result,Aspirational Goal,0,2025-03-12 13:04:35 UTC,2025-03-12,25,25,On Track,CI in progress,,Checkin Date: 2025-03-12; User: Gabi Warren; Note: CI in progress; Metric Name: Progress; Status: On Track; Current Value: 25%; Activity Date: 2025-03-12 13:05:03 UTC;,,,,,,,,,,,,,,,,,,,,,,,,,,
2844416,Drive customer adoption through successful product launches,Marketing,Raïsa Van Olden,Raïsa Van Olden,Annual 2025,2025-01-01,2025-12-31,,"Improve product GTM(weight: 0%, Id: 2295785)",Progress,%,100,Objective,Aspirational Goal,0,2025-07-23 15:19:10 UTC,2025-11-18,100,100,On Track,,1,,,,,,,,,,,,,,,,,,,,,,,,,,,
2844418,"Co-Pilot Launch for Customer, prospects and partners",Marketing,Raïsa Van Olden,Raïsa Van Olden,Annual 2025,2025-01-01,2025-12-31,,"Drive customer adoption through successful product launches(weight: 100%, Id: 2844416)",Progress,%,100,Key result,Aspirational Goal,0,2025-07-23 15:20:35 UTC,2025-11-18,100,100,Closed,Successfully launched,1,Checkin Date: 2025-11-18; User: Raïsa Van Olden; Note: Successfully launched; Metric Name: Progress; Status: Closed; Current Value: 100%; Activity Date: 2025-11-18 10:35:43 UTC;,Checkin Date: 2025-07-23; User: Raïsa Van Olden; Note: ; Metric Name: Progress; Status: On Track; Current Value: 75%; Activity Date: 2025-07-23 15:25:20 UTC;,,,,,,,,,,,,,,,,,,,,,,,,,
2844422,Launch Kit for Co Pilot (commercial enablement),Marketing,Raïsa Van Olden,Raïsa Van Olden,Q3 2025,2025-07-01,2025-09-30,,"Co-Pilot Launch for Customer, prospects and partners(weight: 0%, Id: 2844418)",Progress,%,100,Deliverable,Aspirational Goal,0,2025-07-23 15:24:45 UTC,2025-11-18,100,100,Closed,Successfully launched,1,Checkin Date: 2025-11-18; User: Raïsa Van Olden; Note: Successfully launched; Metric Name: Progress; Status: Closed; Current Value: 100%; Activity Date: 2025-11-18 10:35:23 UTC;,Checkin Date: 2025-07-23; User: Raïsa Van Olden; Note: ; Metric Name: Progress; Status: On Track; Current Value: 60%; Activity Date: 2025-07-23 15:25:12 UTC;,,,,,,,,,,,,,,,,,,,,,,,,,
2445480,Website and content to push AI,All Puzzel; Marketing,Gabi Warren,"Gabi Warren, Jordy van Gent",Annual 2025,2025-01-01,2025-12-31,,"SP1: Lead with AI(weight: 0%, Id: 2295706)",Progress,%,100,Objective,Aspirational Goal,0,2025-02-10 11:23:05 UTC,2025-02-26,40,40,On Track,,,Checkin Date: 2025-02-26; User: Jordy van Gent; Note: ; Metric Name: Progress; Status: On Track; Current Value: 40%; Activity Date: 2025-02-26 09:38:33 UTC;,Checkin Date: 2025-02-26; User: Jordy van Gent; Note: ; Metric Name: Progress; Status: On Track; Current Value: 100%; Activity Date: 2025-02-26 09:32:00 UTC;,,,,,,,,,,,,,,,,,,,,,,,,,
2502598,"Establish Puzzel as Europe's Leading AI Innovator in Customer Experience (CX) by Leveraging a Comprehensive, AI-Focused Web Presence",All Puzzel; Marketing,Jordy van Gent,"Gabi Warren, Jordy van Gent",Annual 2025,2025-01-01,2025-12-31,,"Website and content to push AI(weight: 0%, Id: 2445480)",Progress,%,100,Objective,Aspirational Goal,0,2025-03-11 21:24:08 UTC,2025-03-11,50,50,On Track,,,Checkin Date: 2025-03-11; User: Jordy van Gent; Note: ; Metric Name: Progress; Status: On Track; Current Value: 50%; Activity Date: 2025-03-11 21:27:46 UTC;,,,,,,,,,,,,,,,,,,,,,,,,,,
2502599,Ensure 100% of strategic website pages clearly showcase Puzzel’s AI capabilities and innovations by Q3 2025.,All Puzzel; Marketing,Jordy van Gent,"Gabi Warren, Jordy van Gent",Annual 2025,2025-01-01,2025-12-31,,"Establish Puzzel as Europe's Leading AI Innovator in Customer Experience (CX) by Leveraging a Comprehensive, AI-Focused Web Presence(weight: 33.33%, Id: 2502598)",Progress,%,100,Key result,Aspirational Goal,0,2025-03-11 21:24:52 UTC,2025-11-20,100,100,Closed,Completed - all pages updated.,1,Checkin Date: 2025-11-20; User: Jordy van Gent; Note: Completed - all pages updated.; Metric Name: Progress; Status: Closed; Current Value: 100%; Activity Date: 2025-11-20 08:55:40 UTC;,Checkin Date: 2025-04-08; User: Jordy van Gent; Note: ; Metric Name: Progress; Status: On Track; Current Value: 60%; Activity Date: 2025-04-08 20:07:34 UTC;,Checkin Date: 2025-03-11; User: Jordy van Gent; Note: ; Metric Name: Progress; Status: On Track; Current Value: 45%; Activity Date: 2025-03-11 21:28:48 UTC;,,,,,,,,,,,,,,,,,,,,,,,,
2503081,eBook on AI prioritisation for contact centre leaders,Marketing,Gabi Warren,Gabi Warren,Annual 2025,2025-01-01,2025-03-31,,"Ensure 100% of strategic website pages clearly showcase Puzzel’s AI capabilities and innovations by Q3 2025.(weight: 0%, Id: 2502599)",Progress,%,100,Deliverable,Aspirational Goal,0,2025-03-12 08:30:41 UTC,2025-04-14,100,100,On Track,,,Checkin Date: 2025-04-14; User: Gabi Warren; Note: ; Metric Name: Progress; Status: On Track; Current Value: 100%; Activity Date: 2025-04-14 08:30:57 UTC;,Checkin Date: 2025-03-12; User: Gabi Warren; Note: ; Metric Name: Progress; Status: On Track; Current Value: 100%; Activity Date: 2025-03-12 08:30:52 UTC;,,,,,,,,,,,,,,,,,,,,,,,,,
2504244,Deliver website image refresh to reflect AI,Marketing,Gabi Warren,"Jordy van Gent, Michal Kaniorski",Annual 2025,2025-01-01,2025-12-31,,"Ensure 100% of strategic website pages clearly showcase Puzzel’s AI capabilities and innovations by Q3 2025.(weight: 0%, Id: 2502599)",Progress,%,100,Deliverable,Aspirational Goal,0,2025-03-12 13:46:44 UTC,2025-11-17,100,100,Closed,Completed website AI refresh.,1,Checkin Date: 2025-11-17; User: Jordy van Gent; Note: Completed website AI refresh.; Metric Name: Progress; Status: Closed; Current Value: 100%; Activity Date: 2025-11-17 10:23:29 UTC;,Checkin Date: 2025-11-10; User: Jordy van Gent; Note: ; Metric Name: Progress; Status: On Track; Current Value: 95%; Activity Date: 2025-11-10 08:34:38 UTC;,Checkin Date: 2025-11-03; User: Jordy van Gent; Note: Last images to be completed this week.; Metric Name: Progress; Status: On Track; Current Value: 90%; Activity Date: 2025-11-03 08:21:46 UTC;,Checkin Date: 2025-08-08; User: Jordy van Gent; Note: ; Metric Name: Progress; Status: Behind; Current Value: 40%; Activity Date: 2025-08-08 09:00:53 UTC;,Checkin Date: 2025-04-08; User: Jordy van Gent; Note: ; Metric Name: Progress; Status: On Track; Current Value: 25%; Activity Date: 2025-04-08 20:44:04 UTC;,Checkin Date: 2025-03-12; User: Gabi Warren; Note: New images for State of contact centre 2025 delivered; Metric Name: Progress; Status: On Track; Current Value: 25%; Activity Date: 2025-03-12 13:47:23 UTC;,,,,,,,,,,,,,,,,,,,,,
2502600,"Organise and host at least four high-impact webinars on AI-driven CX, attracting a minimum of 500 industry professionals each, by end of year 2025.",All Puzzel; Marketing,Jordy van Gent,"Gabi Warren, Jordy van Gent",Annual 2025,2025-01-01,2025-12-31,,"Establish Puzzel as Europe's Leading AI Innovator in Customer Experience (CX) by Leveraging a Comprehensive, AI-Focused Web Presence(weight: 33.33%, Id: 2502598)",Progress,%,100,Key result,Aspirational Goal,0,2025-03-11 21:25:48 UTC,2025-03-11,35,35,On Track,,,Checkin Date: 2025-03-11; User: Jordy van Gent; Note: ; Metric Name: Progress; Status: On Track; Current Value: 35%; Activity Date: 2025-03-11 21:28:55 UTC;,,,,,,,,,,,,,,,,,,,,,,,,,,
2502601,"Increase average visitor time spent on AI-focused pages by at least 30%, reflecting deeper engagement, by Q4 2025.",All Puzzel; Marketing,Jordy van Gent,"Gabi Warren, Jordy van Gent",Annual 2025,2025-01-01,2025-12-31,,"Establish Puzzel as Europe's Leading AI Innovator in Customer Experience (CX) by Leveraging a Comprehensive, AI-Focused Web Presence(weight: 33.33%, Id: 2502598)",Progress,%,100,Key result,Aspirational Goal,0,2025-03-11 21:26:23 UTC,2025-04-08,50,50,On Track,78% increase in active AI content visitors,,Checkin Date: 2025-04-08; User: Jordy van Gent; Note: 78% increase in active AI content visitors; Metric Name: Progress; Status: On Track; Current Value: 50%; Activity Date: 2025-04-08 20:09:46 UTC;,Checkin Date: 2025-03-11; User: Jordy van Gent; Note: ; Metric Name: Progress; Status: On Track; Current Value: 25%; Activity Date: 2025-03-11 21:29:03 UTC;,,,,,,,,,,,,,,,,,,,,,,,,,
2295711,SP2: Customer excellence,Puzzel,Frederic Laziou,Frederic Laziou,Annual 2025,2025-01-01,2025-12-31,,"2025 -- Build the Leading CX Ecosystem in Europe Focusing on Mid-Market and Enterprise(weight: 0%, Id: 2295704)",Progress,%,100,Objective,Aspirational Goal,0,2024-12-09 14:37:09 UTC,2025-11-20,0,0,At Risk,,,,,,,,,,,,,,,,,,,,,,,,,,,,,
2295789,Improve adoption and shorten time to value,,Frederic Laziou,Jo Sverre Lindem,Annual 2025,2025-01-01,2025-12-31,,"SP2: Customer excellence(weight: 0%, Id: 2295711)",Progress,%,100,Objective,Aspirational Goal,0,2024-12-09 14:53:16 UTC,2025-03-12,25,25,On Track,,,Checkin Date: 2025-03-12; User: Jo Sverre Lindem; Note: ; Metric Name: Progress; Status: On Track; Current Value: 25%; Activity Date: 2025-03-12 10:00:54 UTC;,,,,,,,,,,,,,,,,,,,,,,,,,,
2352103,Improve Project efficiency to shorten time to Value,CSG,Jo Sverre Lindem,Sofia Rossi,Annual 2025,2025-01-01,2025-12-31,,"Improve adoption and shorten time to value(weight: 0%, Id: 2295789)",Progress,%,100,Objective,Aspirational Goal,0,2025-01-08 08:18:36 UTC,2025-04-07,188,188,On Track,,,,,,,,,,,,,,,,,,,,,,,,,,,,,
2352113,Enable all PM´s to deliver AI projects,CSG,Jo Sverre Lindem,Sofia Rossi,Q2 2025,2025-04-01,2025-06-30,,"Improve Project efficiency to shorten time to Value(weight: 0%, Id: 2352103)",Progress,%,100,Deliverable,Aspirational Goal,0,2025-01-08 08:19:57 UTC,2025-03-12,100,100,On Track,"VA Project plans created, process agreed, all PM's are enabled.",,"Checkin Date: 2025-03-12; User: Sofia Rossi; Note: VA Project plans created, process agreed, all PM's are enabled.; Metric Name: Progress; Status: On Track; Current Value: 100%; Activity Date: 2025-03-12 07:35:32 UTC;",,,,,,,,,,,,,,,,,,,,,,,,,,
2352117,Enable 2 SA´s on Puzzel AI products,CSG,Jo Sverre Lindem,Sofia Rossi,Q2 2025,2025-04-01,2025-06-30,,"Improve Project efficiency to shorten time to Value(weight: 0%, Id: 2352103)",Progress,%,100,Deliverable,Aspirational Goal,0,2025-01-08 08:20:32 UTC,2025-03-12,25,25,On Track,First meeting had with Tayfour,,Checkin Date: 2025-03-12; User: Sofia Rossi; Note: First meeting had with Tayfour; Metric Name: Progress; Status: On Track; Current Value: 25%; Activity Date: 2025-03-12 07:35:58 UTC;,,,,,,,,,,,,,,,,,,,,,,,,,,
2352119,Improve quality of UAT testing,CSG,Jo Sverre Lindem,Sofia Rossi,Q2 2025,2025-04-01,2025-06-30,,"Improve Project efficiency to shorten time to Value(weight: 0%, Id: 2352103)",Progress,%,100,Deliverable,Aspirational Goal,0,2025-01-08 08:21:00 UTC,2025-04-07,80,80,On Track,New test methodology and documented process created.,,Checkin Date: 2025-04-07; User: Sofia Rossi; Note: ; Metric Name: Progress; Status: On Track; Current Value: 80%; Activity Date: 2025-04-07 10:23:30 UTC;,Checkin Date: 2025-03-12; User: Sofia Rossi; Note: New test methodology and documented process created.; Metric Name: Progress; Status: On Track; Current Value: 75%; Activity Date: 2025-03-12 07:36:40 UTC;,,,,,,,,,,,,,,,,,,,,,,,,,
2352127,Reduce Hypercare period,CSG,Jo Sverre Lindem,Sofia Rossi,Q2 2025,2025-04-01,2025-06-30,,"Improve Project efficiency to shorten time to Value(weight: 0%, Id: 2352103)",Progress,%,100,Deliverable,Aspirational Goal,0,2025-01-08 08:21:21 UTC,2025-03-12,40,40,On Track,"Discussed, analyzed and agreed in customer enablement. Next step is to align with Customer Care and discuss risks and mitigations.",,"Checkin Date: 2025-03-12; User: Sofia Rossi; Note: Discussed, analyzed and agreed in customer enablement. Next step is to align with Customer Care and discuss risks and mitigations.; Metric Name: Progress; Status: On Track; Current Value: 40%; Activity Date: 2025-03-12 07:38:12 UTC;",,,,,,,,,,,,,,,,,,,,,,,,,,
2352133,EStablished feedback loop with Product on product improvements,CSG,Jo Sverre Lindem,Sofia Rossi,Q1 2025,2025-01-01,2025-03-31,,"Improve Project efficiency to shorten time to Value(weight: 0%, Id: 2352103)",Progress,%,100,Deliverable,Aspirational Goal,0,2025-01-08 08:22:14 UTC,,0,0,Not Started,,,,,,,,,,,,,,,,,,,,,,,,,,,,,
2352478,Provide Product & Development with 5 improvement areas for Admin and CFT,CSG,Jo Sverre Lindem,Sofia Rossi,Annual 2025,2025-01-01,2025-12-31,,"Improve Project efficiency to shorten time to Value(weight: 33.33%, Id: 2352103)",Product improvements,,5,Key result,Aspirational Goal,0,2025-01-08 09:27:55 UTC,2025-03-12,500,25,On Track,Simeon in discussion with product & tech,,Checkin Date: 2025-03-12; User: Sofia Rossi; Note: Simeon in discussion with product & tech; Metric Name: Product improvements; Status: On Track; Current Value: 25; Activity Date: 2025-03-12 07:32:17 UTC;,Checkin Date: 2025-01-31; User: Sofia Rossi; Note: Simeon has initiated contact with Dev an provided a list of desired changes.; Metric Name: Product improvements; Status: On Track; Current Value: 0; Activity Date: 2025-01-31 08:08:53 UTC;,,,,,,,,,,,,,,,,,,,,,,,,,
2352496,Plan to reduce Project admin time by using AI tools,CSG,Jo Sverre Lindem,Sofia Rossi,Q1 2025,2025-01-01,2025-03-31,,"Improve Project efficiency to shorten time to Value(weight: 0%, Id: 2352103)",Progress,%,100,Deliverable,Aspirational Goal,0,2025-01-08 09:31:05 UTC,2025-01-31,15,15,Behind,investigating and testing,,Checkin Date: 2025-01-31; User: Sofia Rossi; Note: investigating and testing; Metric Name: Progress; Status: Behind; Current Value: 15%; Activity Date: 2025-01-31 08:28:01 UTC;,,,,,,,,,,,,,,,,,,,,,,,,,,
2352503,Reduce project admin time by 1 hour per week/project,CSG,Jo Sverre Lindem,Sofia Rossi,Annual 2025,2025-01-01,2025-12-31,,"Improve Project efficiency to shorten time to Value(weight: 33.33%, Id: 2352103)",Progress,%,100,Key result,Aspirational Goal,0,2025-01-08 09:32:09 UTC,2025-04-07,40,40,On Track,Areas identified and actions planned in KLient,,Checkin Date: 2025-04-07; User: Sofia Rossi; Note: Areas identified and actions planned in KLient; Metric Name: Progress; Status: On Track; Current Value: 40%; Activity Date: 2025-04-07 10:20:12 UTC;,Checkin Date: 2025-03-12; User: Sofia Rossi; Note: Improvements planned in Klient; Metric Name: Progress; Status: On Track; Current Value: 25%; Activity Date: 2025-03-12 07:33:23 UTC;,Checkin Date: 2025-01-31; User: Sofia Rossi; Note: started investigating; Metric Name: Progress; Status: On Track; Current Value: 15%; Activity Date: 2025-01-31 09:33:13 UTC;,,,,,,,,,,,,,,,,,,,,,,,,
2352515,"Create process/plan for the SME program (who, how and when)",CSG,Jo Sverre Lindem,Sofia Rossi,Q2 2025,2025-04-01,2025-06-30,,"Improve Project efficiency to shorten time to Value(weight: 0%, Id: 2352103)",Progress,%,100,Deliverable,Aspirational Goal,0,2025-01-08 09:34:34 UTC,2025-03-12,50,50,At Risk,"Presentation and documentation done, suggested process to be agreed",,Checkin Date: 2025-03-12; User: Sofia Rossi; Note: ; Metric Name: Progress; Status: At Risk; Current Value: 50%; Activity Date: 2025-03-12 07:39:42 UTC;,"Checkin Date: 2025-03-12; User: Sofia Rossi; Note: Presentation and documentation done, suggested process to be agreed; Metric Name: Progress; Status: At Risk; Current Value: 40%; Activity Date: 2025-03-12 07:39:28 UTC;","Checkin Date: 2025-01-31; User: Sofia Rossi; Note: Suggested process created and documented, needs to be reviewed, discussed and approved by Product; Metric Name: Progress; Status: Behind; Current Value: 25%; Activity Date: 2025-01-31 08:27:00 UTC;",,,,,,,,,,,,,,,,,,,,,,,,
2352525,"SME´s assigned to all product areas, role & responsibility established and communicated to the wider organisation.",CSG,Jo Sverre Lindem,Sofia Rossi,Annual 2025,2025-01-01,2025-12-31,,"Improve Project efficiency to shorten time to Value(weight: 33.33%, Id: 2352103)",Progress,%,100,Key result,Aspirational Goal,0,2025-01-08 09:36:37 UTC,2025-04-07,25,25,Behind,SME's identified. Simon to align with Matt + Signe on next steps - CSG will need to have Product & Tech onboard.,,Checkin Date: 2025-04-07; User: Sofia Rossi; Note: SME's identified. Simon to align with Matt + Signe on next steps - CSG will need to have Product & Tech onboard.; Metric Name: Progress; Status: Behind; Current Value: 25%; Activity Date: 2025-04-07 10:22:01 UTC;,Checkin Date: 2025-03-12; User: Sofia Rossi; Note: SME program presented to Matt and Signe. Next step is to plan actions in CSG.; Metric Name: Progress; Status: On Track; Current Value: 20%; Activity Date: 2025-03-12 07:34:37 UTC;,,,,,,,,,,,,,,,,,,,,,,,,,
2352141,Develop a delivery/change program enterprice implementations,CSG,Jo Sverre Lindem,Sofia Rossi,Annual 2025,2025-01-01,2025-12-31,,"Improve adoption and shorten time to value(weight: 0%, Id: 2295789)",Progress,%,100,Objective,Aspirational Goal,0,2025-01-08 08:24:30 UTC,2025-04-07,75,75,On Track,On track,,Checkin Date: 2025-04-07; User: Sofia Rossi; Note: On track; Metric Name: Progress; Status: On Track; Current Value: 75%; Activity Date: 2025-04-07 10:12:47 UTC;,,,,,,,,,,,,,,,,,,,,,,,,,,
2352148,Process document with collaterals and supportig material,CSG,Jo Sverre Lindem,Sofia Rossi,Q2 2025,2025-04-01,2025-06-30,,"Develop a delivery/change program enterprice implementations(weight: 0%, Id: 2352141)",Progress,%,100,Deliverable,Aspirational Goal,0,2025-01-08 08:26:02 UTC,2025-04-07,65,65,On Track,In progress,,Checkin Date: 2025-04-07; User: Sofia Rossi; Note: In progress; Metric Name: Progress; Status: On Track; Current Value: 65%; Activity Date: 2025-04-07 10:11:42 UTC;,Checkin Date: 2025-03-12; User: Sofia Rossi; Note: In progress; Metric Name: Progress; Status: On Track; Current Value: 50%; Activity Date: 2025-03-12 07:00:24 UTC;,"Checkin Date: 2025-01-31; User: Sofia Rossi; Note: Internal documentation, needs to be organised, reviewed an through Marketing to finalise; Metric Name: Progress; Status: On Track; Current Value: 25%; Activity Date: 2025-01-31 08:19:09 UTC;",,,,,,,,,,,,,,,,,,,,,,,,
2352153,Enable 2-3 PM´s to deliver large on the change/ enterprise implementation model,CSG,Jo Sverre Lindem,Sofia Rossi,Q2 2025,2025-04-01,2025-06-30,,"Develop a delivery/change program enterprice implementations(weight: 0%, Id: 2352141)",Progress,%,100,Deliverable,Aspirational Goal,0,2025-01-08 08:27:09 UTC,2025-03-12,100,100,On Track,PM's enabled,,Checkin Date: 2025-03-12; User: Sofia Rossi; Note: PM's enabled; Metric Name: Progress; Status: On Track; Current Value: 100%; Activity Date: 2025-03-12 07:00:46 UTC;,"Checkin Date: 2025-01-31; User: Sofia Rossi; Note: Teams informed, 1 PM and 1 SA fully enabled on Change Program, 1 more PM + SA 90 % enabled; Metric Name: Progress; Status: On Track; Current Value: 50%; Activity Date: 2025-01-31 08:17:49 UTC;",,,,,,,,,,,,,,,,,,,,,,,,,
2352156,3 projects using the new large ent. / Change model,CSG,Jo Sverre Lindem,Sofia Rossi,Annual 2025,2025-01-01,2025-12-31,,"Develop a delivery/change program enterprice implementations(weight: 100%, Id: 2352141)",Progress,%,100,Key result,Aspirational Goal,0,2025-01-08 08:27:51 UTC,2025-03-12,25,25,On Track,Teams enabled. TRYG deal expected to start April 1st. ICA moved to Q2.,,Checkin Date: 2025-03-12; User: Sofia Rossi; Note: Teams enabled. TRYG deal expected to start April 1st. ICA moved to Q2.; Metric Name: Progress; Status: On Track; Current Value: 25%; Activity Date: 2025-03-12 06:59:08 UTC;,"Checkin Date: 2025-01-31; User: Sofia Rossi; Note: Expecting ICA deal to be closed in Q1 an Tryg end of Q1 beginniing of Q2, preparations ongoing for those two; Metric Name: Progress; Status: On Track; Current Value: 10%; Activity Date: 2025-01-31 08:21:38 UTC;",,,,,,,,,,,,,,,,,,,,,,,,,
2502953,3 projects delivered on Change Program,CSG,Sofia Rossi,Sofia Rossi,Annual 2025,2025-01-01,2025-12-31,,"3 projects using the new large ent. / Change model(weight: 100%, Id: 2352156)",Projects,,3,Key result,Aspirational Goal,0,2025-03-12 07:49:18 UTC,2025-04-07,33.33333333,1,On Track,Tryg project kicked off,,Checkin Date: 2025-04-07; User: Sofia Rossi; Note: Tryg project kicked off; Metric Name: Projects; Status: On Track; Current Value: 1; Activity Date: 2025-04-07 10:13:57 UTC;,"Checkin Date: 2025-03-12; User: Sofia Rossi; Note: First project delivered on Change Program model due to be completed in Q2.
ICA expected to kick off in Q2
TRYG expected to kick off in Q2.; Metric Name: Projects; Status: On Track; Current Value: 1; Activity Date: 2025-03-12 07:52:06 UTC;",,,,,,,,,,,,,,,,,,,,,,,,,
2352158,Improve Service Quality,CSG,Jo Sverre Lindem,"Jon Magnus Hushovd, Marius Berby, Yusuf Daya",Annual 2025,2025-01-01,2025-12-31,,"Improve adoption and shorten time to value(weight: 0%, Id: 2295789)",Progress,%,100,Objective,Aspirational Goal,0,2025-01-08 08:28:45 UTC,2025-06-11,44,44,On Track,"CSAT - Above target
CI Insights - All members have access. Insight review ongoing 
High Risk Customers - Magnus to address on return",,"Checkin Date: 2025-06-11; User: Yusuf Daya; Note: CSAT - Above target
CI Insights - All members have access. Insight review ongoing 
High Risk Customers - Magnus to address on return; Metric Name: Progress; Status: On Track; Current Value: 44%; Activity Date: 2025-06-11 09:12:08 UTC;",Checkin Date: 2025-04-08; User: Jo Sverre Lindem; Note: Process to be informed and activated April 20205.; Metric Name: Progress; Status: On Track; Current Value: 19%; Activity Date: 2025-04-08 10:35:11 UTC;,Checkin Date: 2025-03-12; User: Jon Magnus Hushovd; Note: ; Metric Name: Progress; Status: On Track; Current Value: 19%; Activity Date: 2025-03-12 07:16:36 UTC;,Checkin Date: 2025-02-14; User: Jon Magnus Hushovd; Note: ; Metric Name: Progress; Status: On Track; Current Value: 12%; Activity Date: 2025-02-14 08:58:12 UTC;,,,,,,,,,,,,,,,,,,,,,,,
2348655,Keep CSAT score above 70,CSG,Jo Sverre Lindem,"Jon Magnus Hushovd, Marius Berby, Yusuf Daya",Annual 2025,2025-01-01,2025-12-31,,"Improve Service Quality(weight: 100%, Id: 2352158)",CSAT,,70,Key result,Aspirational Goal,70,2025-01-07 09:54:46 UTC,2025-08-06,100,84,On Track,"83 in June, 84 in July",,"Checkin Date: 2025-08-06; User: Marius Berby; Note: 83 in June, 84 in July; Metric Name: CSAT; Status: On Track; Current Value: 84; Activity Date: 2025-08-06 09:55:35 UTC;",Checkin Date: 2025-06-04; User: Marius Berby; Note: 91 in May; Metric Name: CSAT; Status: On Track; Current Value: 91; Activity Date: 2025-06-04 08:20:33 UTC;,Checkin Date: 2025-04-30; User: Yusuf Daya; Note: 90 on 30th April; Metric Name: CSAT; Status: On Track; Current Value: 90; Activity Date: 2025-04-30 09:23:25 UTC;,Checkin Date: 2025-04-08; User: Jo Sverre Lindem; Note: 83 score in March; Metric Name: CSAT; Status: On Track; Current Value: 83; Activity Date: 2025-04-08 10:34:24 UTC;,Checkin Date: 2025-04-07; User: Jo Sverre Lindem; Note: (3 score in Mar; Metric Name: CSAT; Status: On Track; Current Value: 83; Activity Date: 2025-04-07 08:01:19 UTC;,Checkin Date: 2025-03-31; User: Jo Sverre Lindem; Note: ; Metric Name: CSAT; Status: On Track; Current Value: 83; Activity Date: 2025-04-07 08:00:59 UTC;,Checkin Date: 2025-03-12; User: Jon Magnus Hushovd; Note: 64 in february; Metric Name: CSAT; Status: At Risk; Current Value: 64; Activity Date: 2025-03-12 07:12:22 UTC;,Checkin Date: 2025-02-14; User: Jon Magnus Hushovd; Note: ; Metric Name: CSAT; Status: At Risk; Current Value: 61; Activity Date: 2025-02-14 08:55:02 UTC;,Checkin Date: 2025-01-31; User: Jon Magnus Hushovd; Note: ; Metric Name: CSAT; Status: At Risk; Current Value: 55; Activity Date: 2025-01-31 08:42:08 UTC;,,,,,,,,,,,,,,,,,,
2348700,Implement process for all agents using Capturi insights in 1:1´s,CSG,Jo Sverre Lindem,"Jon Magnus Hushovd, Marius Berby, Yusuf Daya",Q1 2025,2025-01-01,2025-03-31,,"Improve Service Quality(weight: 0%, Id: 2352158)",Progress,%,100,Deliverable,Aspirational Goal,0,2025-01-07 10:02:19 UTC,2025-09-19,100,100,On Track,All members of Customer Care have access to CI and all Support calls are being analysed. Insights and improvements ongoing.,,Checkin Date: 2025-09-19; User: Jon Magnus Hushovd; Note: ; Metric Name: Progress; Status: On Track; Current Value: 100%; Activity Date: 2025-09-19 05:25:06 UTC;,Checkin Date: 2025-06-11; User: Yusuf Daya; Note: All members of Customer Care have access to CI and all Support calls are being analysed. Insights and improvements ongoing.; Metric Name: Progress; Status: On Track; Current Value: 90%; Activity Date: 2025-06-11 09:13:21 UTC;,Checkin Date: 2025-04-30; User: Yusuf Daya; Note: 121s scheduled in May.; Metric Name: Progress; Status: On Track; Current Value: 90%; Activity Date: 2025-04-30 09:21:53 UTC;,Checkin Date: 2025-04-08; User: Yusuf Daya; Note: This was presented in Customer Care Department meeting on 08/04/2025. Implemented from next 121's.; Metric Name: Progress; Status: On Track; Current Value: 90%; Activity Date: 2025-04-08 10:18:39 UTC;,Checkin Date: 2025-03-12; User: Jon Magnus Hushovd; Note: We are still in an onboarding phase with Conversational Intelligence learning all the different features. I will have to leave this for Yusuf to complete on his return.; Metric Name: Progress; Status: Behind; Current Value: 56%; Activity Date: 2025-03-12 07:16:12 UTC;,"Checkin Date: 2025-02-14; User: Jon Magnus Hushovd; Note: Team enabled on ""The Good Dialog"".
Next step is to monitor performance, and decide on the frequency of using this is 1:1; Metric Name: Progress; Status: On Track; Current Value: 49%; Activity Date: 2025-02-14 08:56:33 UTC;","Checkin Date: 2025-01-30; User: Jon Magnus Hushovd; Note: First step: We will introduce ""The Good Dialog"" to the team next week. As we currently only have calls in Capturi, this is what we will be following up at this stage. After, I will discuss with Yusuf and Marius how we make sure to include this in future 1:1s; Metric Name: Progress; Status: On Track; Current Value: 32%; Activity Date: 2025-01-30 07:06:07 UTC;",,,,,,,,,,,,,,,,,,,,
2348749,Create process for high risk Customers,CSG,Jo Sverre Lindem,"Jon Magnus Hushovd, Thomas Hammerich",Q1 2025,2025-01-01,2025-03-31,,"Improve Service Quality(weight: 0%, Id: 2352158)",Progress,%,100,Deliverable,Aspirational Goal,0,2025-01-07 10:14:08 UTC,2025-03-12,78,78,On Track,Process being drafted. Will likely be a manual effort initially. Moving forward the risk factors should be set up as a dashboard/report. My ambition is to communicate this process to Customer Care start of next week.,,Checkin Date: 2025-03-12; User: Jon Magnus Hushovd; Note: Process being drafted. Will likely be a manual effort initially. Moving forward the risk factors should be set up as a dashboard/report. My ambition is to communicate this process to Customer Care start of next week.; Metric Name: Progress; Status: On Track; Current Value: 78%; Activity Date: 2025-03-12 07:10:40 UTC;,"Checkin Date: 2025-02-14; User: Jon Magnus Hushovd; Note: Thomas joined our Dep meeting this week to present Customer Success Team.

Awaiting feedback from Thomas on the suggested initial process; Metric Name: Progress; Status: Behind; Current Value: 35%; Activity Date: 2025-02-14 08:57:31 UTC;",Checkin Date: 2025-01-30; User: Jon Magnus Hushovd; Note: Sent an initial suggestion to Thomas H; Metric Name: Progress; Status: Behind; Current Value: 25%; Activity Date: 2025-01-30 07:01:37 UTC;,,,,,,,,,,,,,,,,,,,,,,,,
2352197,Automate categorization and routing of inbound support tickets,CSG,Jo Sverre Lindem,"Jon Magnus Hushovd, Marius Berby",Annual 2025,2025-01-01,2025-12-31,,"Improve adoption and shorten time to value(weight: 0%, Id: 2295789)",Progress,%,100,Objective,Aspirational Goal,0,2025-01-08 08:36:52 UTC,2025-08-06,70,70,On Track,Met a challenge with PCM platform before go-live. API-integration being made instead that will overcome the challenge. Meeting scheduled late week 33 or early week 34 to align and go live shortly after.,,Checkin Date: 2025-08-06; User: Marius Berby; Note: Met a challenge with PCM platform before go-live. API-integration being made instead that will overcome the challenge. Meeting scheduled late week 33 or early week 34 to align and go live shortly after.; Metric Name: Progress; Status: On Track; Current Value: 70%; Activity Date: 2025-08-06 09:58:12 UTC;,"Checkin Date: 2025-06-27; User: Marius Berby; Note: Automatic routing of tickets to correct teams will go live in week 27.
We will start on specific teams and roll it out to the teams with highest volumes when we know it's working as expected. New NLU model has a hit rate of 88%.; Metric Name: Progress; Status: On Track; Current Value: 70%; Activity Date: 2025-06-27 14:48:31 UTC;","Checkin Date: 2025-06-04; User: Marius Berby; Note: Assigned trainers to the bots to ensure bot's are being trained.
Automatic routing of tickets to go live on a percentage of tickets very soon.
Snowflake integration planned, but not prioritized as of now.; Metric Name: Progress; Status: On Track; Current Value: 70%; Activity Date: 2025-06-04 08:25:48 UTC;","Checkin Date: 2025-05-07; User: Marius Berby; Note: Meeting scheduled next week. Some delay because of technical challenges in the bot setup and training.
Virtual Agents team looking into integrating towards Snowflake.; Metric Name: Progress; Status: On Track; Current Value: 70%; Activity Date: 2025-05-07 09:37:32 UTC;",Checkin Date: 2025-03-12; User: Jo Sverre Lindem; Note: ; Metric Name: Progress; Status: On Track; Current Value: 70%; Activity Date: 2025-03-12 08:50:53 UTC;,"Checkin Date: 2025-03-12; User: Jo Sverre Lindem; Note: BOT has been active since 14th February. It is not accurate enough yet, so we will have to spend more time on training the BOT before we can activate it for actual automatic routing. We will do some training during this week and check the status again next week; Metric Name: Progress; Status: Not Started; Current Value: 0%; Activity Date: 2025-03-12 08:50:09 UTC;","Checkin Date: 2025-01-31; User: Jon Magnus Hushovd; Note: To be activated next week without actual routing, but it will allow us to monitor and see if we are happy with the suggested routing targets (teams), before we also start the actual auto-routing; Metric Name: Progress; Status: Not Started; Current Value: 0%; Activity Date: 2025-01-31 09:34:05 UTC;",,,,,,,,,,,,,,,,,,,,
2348483,Implement Automatic categorization of inbound tickets,CSG,Jo Sverre Lindem,"Jon Magnus Hushovd, Marius Berby",Q1 2025,2025-01-01,2025-03-31,,"Automate categorization and routing of inbound support tickets(weight: 0%, Id: 2352197)",Progress,%,100,Deliverable,Aspirational Goal,0,2025-01-07 09:28:03 UTC,2025-08-06,90,90,Behind,Met a challenge with PCM platform before go-live. API-integration being made instead that will overcome the challenge. Meeting scheduled late week 33 or early week 34 to align and go live shortly after.,,Checkin Date: 2025-08-06; User: Marius Berby; Note: Met a challenge with PCM platform before go-live. API-integration being made instead that will overcome the challenge. Meeting scheduled late week 33 or early week 34 to align and go live shortly after.; Metric Name: Progress; Status: Behind; Current Value: 90%; Activity Date: 2025-08-06 09:57:30 UTC;,"Checkin Date: 2025-06-27; User: Marius Berby; Note: Automatic routing of tickets to correct teams will go live in week 27.
We will start on specific teams and roll it out to the teams with highest volumes when we know it's working as expected. New NLU model has a hit rate of 88%.; Metric Name: Progress; Status: Behind; Current Value: 90%; Activity Date: 2025-06-27 14:48:06 UTC;","Checkin Date: 2025-06-04; User: Marius Berby; Note: Snowflake integration put on hold due to complexity and estimated time to go live.
New NLU model enabled on the bot and currently delivering solid automatic routing hits (over 75% correct)
Automatic routing on a percentage of tickets will be activated very soon.; Metric Name: Progress; Status: Behind; Current Value: 80%; Activity Date: 2025-06-04 08:23:34 UTC;","Checkin Date: 2025-05-07; User: Marius Berby; Note: Waiting for further development and update from the Virtual Agents team.
Meeting scheduled next week.; Metric Name: Progress; Status: Behind; Current Value: 80%; Activity Date: 2025-05-07 09:34:05 UTC;",Checkin Date: 2025-04-29; User: Jo Sverre Lindem; Note: Bot in training mode - soon to be switched on.; Metric Name: Progress; Status: Behind; Current Value: 80%; Activity Date: 2025-04-29 11:38:00 UTC;,Checkin Date: 2025-04-08; User: Marius Berby; Note: Meeting scheduled 10.04.2025 with VA team to decide of BOT is ready to go live.; Metric Name: Progress; Status: On Track; Current Value: 80%; Activity Date: 2025-04-08 10:26:55 UTC;,"Checkin Date: 2025-03-12; User: Jon Magnus Hushovd; Note: BOT has been active since 14th February. It is not accurate enough yet, so we will have to spend more time on training the BOT before we can activate it for actual automatic routing. We will do some training during this week and check the status again next week; Metric Name: Progress; Status: On Track; Current Value: 78%; Activity Date: 2025-03-12 07:18:48 UTC;","Checkin Date: 2025-02-14; User: Jon Magnus Hushovd; Note: Ready to go-live. However, have not had the time. Will try to delegate, or I will look into this again in week 9; Metric Name: Progress; Status: On Track; Current Value: 75%; Activity Date: 2025-02-14 08:59:23 UTC;","Checkin Date: 2025-01-30; User: Jon Magnus Hushovd; Note: To be activated next week without actual routing, but it will allow us to monitor and see if we are happy with the suggested routing targets (teams), before we also start the actual auto-routing; Metric Name: Progress; Status: On Track; Current Value: 75%; Activity Date: 2025-01-30 07:09:15 UTC;",,,,,,,,,,,,,,,,,,
2346062,80% of support tickets automatically routed to suport engineer,CSG,Jo Sverre Lindem,"Jon Magnus Hushovd, Marius Berby",Q4 2025,2025-10-01,2025-12-31,,"Automate categorization and routing of inbound support tickets(weight: 50%, Id: 2352197)",Progress,%,100,Key result,Aspirational Goal,0,2025-01-06 13:21:39 UTC,2025-08-06,0,0,Not Started,Met a challenge with PCM platform before go-live. API-integration being made instead that will overcome the challenge. Meeting scheduled late week 33 or early week 34 to align and go live shortly after.,,Checkin Date: 2025-08-06; User: Marius Berby; Note: Met a challenge with PCM platform before go-live. API-integration being made instead that will overcome the challenge. Meeting scheduled late week 33 or early week 34 to align and go live shortly after.; Metric Name: Progress; Status: Not Started; Current Value: 0%; Activity Date: 2025-08-06 09:58:02 UTC;,"Checkin Date: 2025-06-27; User: Marius Berby; Note: Automatic routing of tickets to correct teams will go live in week 27.
We will start on specific teams and roll it out to the teams with highest volumes when we know it's working as expected. New NLU model has a hit rate of 88%.; Metric Name: Progress; Status: Not Started; Current Value: 0%; Activity Date: 2025-06-27 14:47:39 UTC;","Checkin Date: 2025-06-04; User: Marius Berby; Note: Dependent on ""Implement Automatic categorization of inbound tickets"", but automatic routing will be enabled very soon.; Metric Name: Progress; Status: Not Started; Current Value: 0%; Activity Date: 2025-06-04 08:24:27 UTC;",Checkin Date: 2025-05-07; User: Marius Berby; Note: Dependent on the VA routing bot going live.; Metric Name: Progress; Status: Not Started; Current Value: 0%; Activity Date: 2025-05-07 09:35:18 UTC;,Checkin Date: 2025-04-08; User: Marius Berby; Note: Dependent on the VA routing bot going live.; Metric Name: Progress; Status: Not Started; Current Value: 0%; Activity Date: 2025-04-08 10:27:45 UTC;,Checkin Date: 2025-01-31; User: Jon Magnus Hushovd; Note: ; Metric Name: Progress; Status: Not Started; Current Value: 0%; Activity Date: 2025-01-31 08:42:59 UTC;,,,,,,,,,,,,,,,,,,,,,
2345845,50% of support tickets automatically routed to support engineer,CSG,Jo Sverre Lindem,"Jon Magnus Hushovd, Marius Berby",Q2 2025,2025-04-01,2025-06-30,,"Automate categorization and routing of inbound support tickets(weight: 50%, Id: 2352197)",Progress,%,100,Key result,Aspirational Goal,0,2025-01-06 12:17:25 UTC,2025-08-06,0,0,Not Started,Met a challenge with PCM platform before go-live. API-integration being made instead that will overcome the challenge. Meeting scheduled late week 33 or early week 34 to align and go live shortly after.,,Checkin Date: 2025-08-06; User: Marius Berby; Note: Met a challenge with PCM platform before go-live. API-integration being made instead that will overcome the challenge. Meeting scheduled late week 33 or early week 34 to align and go live shortly after.; Metric Name: Progress; Status: Not Started; Current Value: 0%; Activity Date: 2025-08-06 09:57:54 UTC;,"Checkin Date: 2025-06-27; User: Marius Berby; Note: Automatic routing of tickets to correct teams will go live in week 27.
We will start on specific teams and roll it out to the teams with highest volumes when we know it's working as expected. New NLU model has a hit rate of 88%.; Metric Name: Progress; Status: Not Started; Current Value: 0%; Activity Date: 2025-06-27 14:47:30 UTC;","Checkin Date: 2025-06-04; User: Marius Berby; Note: Dependent on ""Implement Automatic categorization of inbound tickets"", but automatic routing will be enabled very soon.; Metric Name: Progress; Status: Not Started; Current Value: 0%; Activity Date: 2025-06-04 08:24:21 UTC;",Checkin Date: 2025-05-07; User: Marius Berby; Note: Dependent on the VA routing bot going live.; Metric Name: Progress; Status: Not Started; Current Value: 0%; Activity Date: 2025-05-07 09:35:07 UTC;,Checkin Date: 2025-04-08; User: Marius Berby; Note: Dependent on the VA routing bot going live.; Metric Name: Progress; Status: Not Started; Current Value: 0%; Activity Date: 2025-04-08 10:27:38 UTC;,Checkin Date: 2025-01-31; User: Jon Magnus Hushovd; Note: ; Metric Name: Progress; Status: Not Started; Current Value: 0%; Activity Date: 2025-01-31 08:42:43 UTC;,,,,,,,,,,,,,,,,,,,,,
2352230,Agents provided with high quality reply suggestions (Agent Assist),CSG,Jo Sverre Lindem,"Jon Magnus Hushovd, Marius Berby",Annual 2025,2025-01-01,2025-12-31,,"Improve adoption and shorten time to value(weight: 0%, Id: 2295789)",Progress,%,100,Objective,Aspirational Goal,0,2025-01-08 08:40:17 UTC,2025-08-06,50,50,On Track,Meeting scheduled late week 33 or early week 34 to review hit rate. Needs to be higher before sending automatic replies.,,Checkin Date: 2025-08-06; User: Marius Berby; Note: Meeting scheduled late week 33 or early week 34 to review hit rate. Needs to be higher before sending automatic replies.; Metric Name: Progress; Status: On Track; Current Value: 50%; Activity Date: 2025-08-06 09:59:31 UTC;,"Checkin Date: 2025-06-27; User: Marius Berby; Note: Webscraper BOT has a 51% hit rate. Needs more training and analysis before sending public replies.
Training ongoing.; Metric Name: Progress; Status: On Track; Current Value: 50%; Activity Date: 2025-06-27 14:49:51 UTC;","Checkin Date: 2025-06-04; User: Marius Berby; Note: Webscraper bot is active and giving suggestions, but needs training to provide better quality suggestions. In progress.; Metric Name: Progress; Status: On Track; Current Value: 50%; Activity Date: 2025-06-04 08:30:35 UTC;","Checkin Date: 2025-05-07; User: Marius Berby; Note: Email bot is live and providing the support team with suggested replies and articles as internal notes on every ticket.
The quality of the suggested replies is not that good and needs more training.; Metric Name: Progress; Status: On Track; Current Value: 40%; Activity Date: 2025-05-07 09:44:11 UTC;",Checkin Date: 2025-04-08; User: Marius Berby; Note: Dependent on activating the webscraper bot.; Metric Name: Progress; Status: Behind; Current Value: 25%; Activity Date: 2025-04-08 10:33:35 UTC;,Checkin Date: 2025-03-12; User: Jon Magnus Hushovd; Note: Not started; Metric Name: Progress; Status: Not Started; Current Value: 0%; Activity Date: 2025-03-12 07:20:08 UTC;,Checkin Date: 2025-01-31; User: Jon Magnus Hushovd; Note: Not Started; Metric Name: Progress; Status: Not Started; Current Value: 0%; Activity Date: 2025-01-31 09:34:30 UTC;,,,,,,,,,,,,,,,,,,,,
2346135,20% of email replies are provided by / supported by a qualified mail-bot suggestion,CSG,Jo Sverre Lindem,"Jon Magnus Hushovd, Marius Berby",Annual 2025,2025-01-01,2025-12-31,,"Agents provided with high quality reply suggestions (Agent Assist)(weight: 100%, Id: 2352230)",Agent Assist Rate,%,20,Key result,Aspirational Goal,0,2025-01-06 13:45:18 UTC,2025-08-06,50,10,On Track,Meeting scheduled late week 33 or early week 34 to review hit rate. Needs to be higher before sending automatic replies.,,Checkin Date: 2025-08-06; User: Marius Berby; Note: Meeting scheduled late week 33 or early week 34 to review hit rate. Needs to be higher before sending automatic replies.; Metric Name: Agent Assist Rate; Status: On Track; Current Value: 10%; Activity Date: 2025-08-06 09:59:20 UTC;,"Checkin Date: 2025-06-27; User: Marius Berby; Note: Webscraper BOT has a 51% hit rate. Needs more training and analysis before sending public replies.
Training ongoing.; Metric Name: Agent Assist Rate; Status: On Track; Current Value: 10%; Activity Date: 2025-06-27 14:49:35 UTC;","Checkin Date: 2025-06-04; User: Marius Berby; Note: Webscraper bot is active and giving suggestions, but needs training to provide better quality suggestions. In progress.; Metric Name: Agent Assist Rate; Status: On Track; Current Value: 10%; Activity Date: 2025-06-04 08:30:03 UTC;","Checkin Date: 2025-05-07; User: Marius Berby; Note: Email bot is live and providing the support team with suggested replies and articles as internal notes on every ticket.
The quality of the suggested replies is not that good and needs more training.; Metric Name: Agent Assist Rate; Status: On Track; Current Value: 10%; Activity Date: 2025-05-07 09:43:19 UTC;","Checkin Date: 2025-04-08; User: Marius Berby; Note: Dependent on the webscraper initiative.
Looking into status.io integration
Meeting on 10.04.2025 to discuss further; Metric Name: Agent Assist Rate; Status: Not Started; Current Value: 0%; Activity Date: 2025-04-08 10:32:13 UTC;",,,,,,,,,,,,,,,,,,,,,,
2348496,Implement and train SupWiz e-mail bot for support tickets,CSG,Jo Sverre Lindem,"Jon Magnus Hushovd, Marius Berby",Q1 2025,2025-01-01,2025-03-31,,"Agents provided with high quality reply suggestions (Agent Assist)(weight: 0%, Id: 2352230)",Progress,%,100,Deliverable,Aspirational Goal,0,2025-01-07 09:30:18 UTC,2025-06-04,100,100,Closed,"Webscraper bot on help.puzzel.com is live and giving suggestions.
Bot needs training, but will be followed up in ""20 % of email replies are provided by a qualified mail-bot suggestion"" goal.",1,"Checkin Date: 2025-06-04; User: Marius Berby; Note: Webscraper bot on help.puzzel.com is live and giving suggestions.
Bot needs training, but will be followed up in ""20 % of email replies are provided by a qualified mail-bot suggestion"" goal.; Metric Name: Progress; Status: Closed; Current Value: 100%; Activity Date: 2025-06-04 08:29:17 UTC;","Checkin Date: 2025-05-07; User: Marius Berby; Note: Email bot is live and providing the support team with suggested replies and articles as internal notes on every ticket.
The quality of the suggested replies is not that good enough and needs more training.; Metric Name: Progress; Status: Behind; Current Value: 75%; Activity Date: 2025-05-07 09:40:58 UTC;","Checkin Date: 2025-04-08; User: Marius Berby; Note: Webscraper on help.puzzel.com.
Next step is to provide Support Engineers with suggested answers and links.; Metric Name: Progress; Status: Behind; Current Value: 50%; Activity Date: 2025-04-08 10:29:58 UTC;",,,,,,,,,,,,,,,,,,,,,,,,
2352260,Eliminate low-value interactions & enhance self service capabilities,CSG,Jo Sverre Lindem,"Jon Magnus Hushovd, Marius Berby, Yusuf Daya",Annual 2025,2025-01-01,2025-12-31,,"Improve adoption and shorten time to value(weight: 0%, Id: 2295789)",Progress,%,100,Objective,Aspirational Goal,0,2025-01-08 08:43:46 UTC,2025-10-03,53,53,At Risk,,,,,,,,,,,,,,,,,,,,,,,,,,,,,
2346196,Identify 15 ticket categories suitable for self-service and/or FAQ articles,,Jo Sverre Lindem,"Jon Magnus Hushovd, Marius Berby, Yusuf Daya",Annual 2025,2025-01-01,2025-12-31,,"Eliminate low-value interactions & enhance self service capabilities(weight: 0%, Id: 2352260)",Progress,%,100,Deliverable,Aspirational Goal,0,2025-01-06 14:03:18 UTC,2025-04-08,100,100,Closed,15 ticket categories identified and allocated to team to implement.,1,Checkin Date: 2025-04-08; User: Yusuf Daya; Note: 15 ticket categories identified and allocated to team to implement.; Metric Name: Progress; Status: Closed; Current Value: 100%; Activity Date: 2025-04-08 10:24:36 UTC;,Checkin Date: 2025-03-12; User: Jon Magnus Hushovd; Note: We had a lot of good ideas during our workshops in Sofia. We will continue to work with these and decide on some areas; Metric Name: Progress; Status: On Track; Current Value: 13%; Activity Date: 2025-03-12 07:23:49 UTC;,"Checkin Date: 2025-01-30; User: Jon Magnus Hushovd; Note: Found two recurring ticket types we receive related to Puzzel Admin. Both are discussed with Product and they have released an improvement for one of them, and are planning an improvement for the other. This should eliminate these requests.; Metric Name: Progress; Status: On Track; Current Value: 13%; Activity Date: 2025-01-30 07:16:06 UTC;",,,,,,,,,,,,,,,,,,,,,,,,
2348635,Handle 150 proactive support cases,CSG,Jo Sverre Lindem,"Jon Magnus Hushovd, Marius Berby, Yusuf Daya",Annual 2025,2025-01-01,2025-12-31,,"Eliminate low-value interactions & enhance self service capabilities(weight: 50%, Id: 2352260)",Proactive Support,,150,Key result,Aspirational Goal,0,2025-01-07 09:52:38 UTC,2025-10-03,73.33333333,110,Behind,110 as of 03.10.2025,,Checkin Date: 2025-10-03; User: Jon Magnus Hushovd; Note: 110 as of 03.10.2025; Metric Name: Proactive Support; Status: Behind; Current Value: 110; Activity Date: 2025-10-03 12:57:33 UTC;,Checkin Date: 2025-10-03; User: Jon Magnus Hushovd; Note: ; Metric Name: Proactive Support; Status: Behind; Current Value: 110; Activity Date: 2025-10-03 12:57:19 UTC;,Checkin Date: 2025-09-19; User: Jon Magnus Hushovd; Note: 81 as of 19.09.2025; Metric Name: Proactive Support; Status: Behind; Current Value: 81; Activity Date: 2025-09-19 05:29:23 UTC;,Checkin Date: 2025-09-19; User: Jon Magnus Hushovd; Note: ; Metric Name: Proactive Support; Status: Behind; Current Value: 81; Activity Date: 2025-09-19 05:29:03 UTC;,Checkin Date: 2025-08-06; User: Marius Berby; Note: 72 as of 05.08.2025; Metric Name: Proactive Support; Status: Behind; Current Value: 72; Activity Date: 2025-08-06 10:00:19 UTC;,"Checkin Date: 2025-06-27; User: Marius Berby; Note: 67 so far.
Process established with Danske Bank which will allow us to address issues specifically for them.; Metric Name: Proactive Support; Status: Behind; Current Value: 67; Activity Date: 2025-06-27 14:51:24 UTC;",Checkin Date: 2025-06-11; User: Yusuf Daya; Note: 64 Proactive Support tickets resolved (2 behind target). Weekly meeting to assign PS tickets ongoing.; Metric Name: Proactive Support; Status: On Track; Current Value: 64; Activity Date: 2025-06-11 09:15:44 UTC;,Checkin Date: 2025-06-04; User: Marius Berby; Note: 52 as of 04.06.2025; Metric Name: Proactive Support; Status: Behind; Current Value: 52; Activity Date: 2025-06-04 08:32:28 UTC;,Checkin Date: 2025-04-30; User: Yusuf Daya; Note: 10 proactive support tickets assigned to each engineer in 121s; Metric Name: Proactive Support; Status: Behind; Current Value: 36; Activity Date: 2025-04-30 09:26:08 UTC;,Checkin Date: 2025-04-08; User: Yusuf Daya; Note: Weekly meetings for proactive support cases ongoing. Monitoring resolved cases on weekly basis.; Metric Name: Proactive Support; Status: On Track; Current Value: 27; Activity Date: 2025-04-08 10:21:23 UTC;,Checkin Date: 2025-03-12; User: Jon Magnus Hushovd; Note: 21 proactive tickets so far. More Support Engineers are now engaged in the task; Metric Name: Proactive Support; Status: Behind; Current Value: 21; Activity Date: 2025-03-12 07:22:43 UTC;,Checkin Date: 2025-03-12; User: Jon Magnus Hushovd; Note: ; Metric Name: Proactive Support; Status: Behind; Current Value: 21; Activity Date: 2025-03-12 07:21:59 UTC;,Checkin Date: 2025-02-14; User: Jon Magnus Hushovd; Note: ; Metric Name: Proactive Support; Status: Behind; Current Value: 6; Activity Date: 2025-02-14 09:01:19 UTC;,Checkin Date: 2025-01-30; User: Jon Magnus Hushovd; Note: ; Metric Name: Proactive Support; Status: Behind; Current Value: 4; Activity Date: 2025-01-30 07:20:19 UTC;,Checkin Date: 2025-01-30; User: Jon Magnus Hushovd; Note: Currently only handled 4 tickets. This is part of the agenda for our team gathering; how can we make this part of daily work?; Metric Name: Proactive Support; Status: Behind; Current Value: 2; Activity Date: 2025-01-30 07:20:06 UTC;,,,,,,,,,,,,
2803796,Handle 10 proactive support cases,CSG,Yusuf Daya,Simon Batten,Annual 2025,2025-01-01,2025-12-31,,"Handle 150 proactive support cases(weight: 100%, Id: 2348635)",Handle 10 proactive support cases,,10,Key result,Aspirational Goal,0,2025-06-18 09:15:38 UTC,,0,0,Not Started,,,,,,,,,,,,,,,,,,,,,,,,,,,,,
2346174,Define action plan or execute action the 15 ticket categories identified.,CSG,Jo Sverre Lindem,"Jon Magnus Hushovd, Marius Berby, Yusuf Daya",Q3 2025,2025-07-01,2025-09-30,All 15 identified categories should have either an action plan or beeing executed by end of Q3,"Eliminate low-value interactions & enhance self service capabilities(weight: 50%, Id: 2352260)",FAQ/SelfService Action,,15,Key result,Aspirational Goal,0,2025-01-06 13:57:14 UTC,2025-09-19,33.33333333,5,At Risk,4 ideas complete and one pending product development,,Checkin Date: 2025-09-19; User: Jon Magnus Hushovd; Note: 4 ideas complete and one pending product development; Metric Name: FAQ/SelfService Action; Status: At Risk; Current Value: 5; Activity Date: 2025-09-19 05:31:09 UTC;,Checkin Date: 2025-06-11; User: Yusuf Daya; Note: All ticket categories have been assigned to Team members. Completion of tasks is ongoing.; Metric Name: FAQ/SelfService Action; Status: On Track; Current Value: 4; Activity Date: 2025-06-11 09:17:35 UTC;,Checkin Date: 2025-04-30; User: Yusuf Daya; Note: Each engineer will be assigned one low-value interactions to eliminate in 121 in May.; Metric Name: FAQ/SelfService Action; Status: On Track; Current Value: 4; Activity Date: 2025-04-30 09:46:08 UTC;,Checkin Date: 2025-04-08; User: Yusuf Daya; Note: Each member of Customer Care give responsibility for one initiative each.; Metric Name: FAQ/SelfService Action; Status: On Track; Current Value: 2; Activity Date: 2025-04-08 10:23:31 UTC;,Checkin Date: 2025-01-30; User: Jon Magnus Hushovd; Note: 2 Product improvements will be released eliminating 2 ticket types; Metric Name: FAQ/SelfService Action; Status: On Track; Current Value: 2; Activity Date: 2025-01-30 07:16:46 UTC;,,,,,,,,,,,,,,,,,,,,,,
2352272,"Introduce new service plans for Customer combining services from support, training and consultancy.",CSG,Jo Sverre Lindem,"Jon Magnus Hushovd, Jo Sverre Lindem, Scott Maryan, Sofia Rossi",Annual 2025,2025-01-01,2025-12-31,,"Improve adoption and shorten time to value(weight: 0%, Id: 2295789)",Progress,%,100,Objective,Aspirational Goal,0,2025-01-08 08:47:02 UTC,2025-04-07,30,30,On Track,Plan presented to commercial teams. Positive feedback. Productification process started.,,Checkin Date: 2025-04-07; User: Jo Sverre Lindem; Note: ; Metric Name: Progress; Status: On Track; Current Value: 30%; Activity Date: 2025-04-07 11:51:13 UTC;,Checkin Date: 2025-04-07; User: Jo Sverre Lindem; Note: Plan presented to commercial teams. Positive feedback. Productification process started.; Metric Name: Progress; Status: Not Started; Current Value: 0%; Activity Date: 2025-04-07 08:57:13 UTC;,"Checkin Date: 2025-03-12; User: Jo Sverre Lindem; Note: We have made a suggestion for new service plans, including services from Customer Care, Enablement and Adoption. These will be presented for Ram, JP and Thomas later this week to get their feedback and potentially to test them in a few deals.; Metric Name: Progress; Status: Not Started; Current Value: 0%; Activity Date: 2025-03-12 08:53:21 UTC;",,,,,,,,,,,,,,,,,,,,,,,,
2348738,"Create and enable Commercial  on new service plan with services from Training, Consultancy and Support",CSG,Jo Sverre Lindem,"Jon Magnus Hushovd, Scott Maryan, Sofia Rossi",Annual 2025,2025-01-01,2025-12-31,,"Introduce new service plans for Customer combining services from support, training and consultancy.(weight: 0%, Id: 2352272)",Progress,%,100,Deliverable,Aspirational Goal,0,2025-01-07 10:10:44 UTC,2025-03-12,25,25,On Track,"We have made a suggestion for new service plans, including services from Customer Care, Enablement and Adoption. These will be presented for Ram, JP and Thomas later this week to get their feedback and potentially to test them in a few deals.",,"Checkin Date: 2025-03-12; User: Jon Magnus Hushovd; Note: We have made a suggestion for new service plans, including services from Customer Care, Enablement and Adoption. These will be presented for Ram, JP and Thomas later this week to get their feedback and potentially to test them in a few deals.; Metric Name: Progress; Status: On Track; Current Value: 25%; Activity Date: 2025-03-12 07:26:03 UTC;",Checkin Date: 2025-01-31; User: Jon Magnus Hushovd; Note: New Service Plan suggested and reviewed by entire CSG. Next step TBD; Metric Name: Progress; Status: On Track; Current Value: 8%; Activity Date: 2025-01-31 08:40:59 UTC;,,,,,,,,,,,,,,,,,,,,,,,,,
2348731,25% of NewBiz deals include an upgraded Service Plan,CSG,Jo Sverre Lindem,"Jon Magnus Hushovd, Scott Maryan, Sofia Rossi",Annual 2025,2025-01-01,2025-12-31,,"Introduce new service plans for Customer combining services from support, training and consultancy.(weight: 100%, Id: 2352272)",Progress,%,100,Key result,Aspirational Goal,0,2025-01-07 10:08:59 UTC,,0,0,Not Started,,,,,,,,,,,,,,,,,,,,,,,,,,,,,
2352287,Increase LMS adoption for Customers.,CSG,Jo Sverre Lindem,Scott Maryan,Q2 2025,2025-04-01,2025-06-30,,"Improve adoption and shorten time to value(weight: 0%, Id: 2295789)",Progress,%,100,Objective,Aspirational Goal,0,2025-01-08 08:50:04 UTC,2025-07-24,75,75,On Track,On track,,Checkin Date: 2025-07-24; User: Scott Maryan; Note: ; Metric Name: Progress; Status: On Track; Current Value: 75%; Activity Date: 2025-07-24 12:18:28 UTC;,Checkin Date: 2025-07-16; User: Scott Maryan; Note: On track; Metric Name: Progress; Status: On Track; Current Value: 70%; Activity Date: 2025-07-16 11:19:54 UTC;,Checkin Date: 2025-07-16; User: Scott Maryan; Note: ; Metric Name: Progress; Status: On Track; Current Value: 70%; Activity Date: 2025-07-16 11:19:02 UTC;,Checkin Date: 2025-07-16; User: Scott Maryan; Note: ; Metric Name: Progress; Status: On Track; Current Value: 60%; Activity Date: 2025-07-16 11:18:47 UTC;,Checkin Date: 2025-04-07; User: Jo Sverre Lindem; Note: LMS Manager under recruitment; Metric Name: Progress; Status: On Track; Current Value: 30%; Activity Date: 2025-04-07 11:53:15 UTC;,Checkin Date: 2025-03-12; User: Scott Maryan; Note: New LMS one pager; Metric Name: Progress; Status: On Track; Current Value: 30%; Activity Date: 2025-03-12 08:43:53 UTC;,Checkin Date: 2025-02-18; User: Scott Maryan; Note: ; Metric Name: Progress; Status: On Track; Current Value: 30%; Activity Date: 2025-02-18 07:37:45 UTC;,,,,,,,,,,,,,,,,,,,,
2349238,20 LMS Cources created and published,CSG,Jo Sverre Lindem,Scott Maryan,Q2 2025,2025-04-01,2025-06-30,,"Increase LMS adoption for Customers.(weight: 50%, Id: 2352287)",LMS cources,,20,Key result,Aspirational Goal,0,2025-01-07 11:18:57 UTC,2025-07-16,75,15,On Track,new course added for Puzzel ID,,Checkin Date: 2025-07-16; User: Scott Maryan; Note: ; Metric Name: LMS cources; Status: On Track; Current Value: 15; Activity Date: 2025-07-16 11:17:17 UTC;,Checkin Date: 2025-06-06; User: Scott Maryan; Note: ; Metric Name: LMS cources; Status: On Track; Current Value: 13; Activity Date: 2025-06-06 07:04:00 UTC;,Checkin Date: 2025-05-28; User: Scott Maryan; Note: ; Metric Name: LMS cources; Status: On Track; Current Value: 11; Activity Date: 2025-05-28 11:22:23 UTC;,Checkin Date: 2025-05-09; User: Scott Maryan; Note: ; Metric Name: LMS cources; Status: On Track; Current Value: 8; Activity Date: 2025-05-09 08:26:02 UTC;,Checkin Date: 2025-04-04; User: Scott Maryan; Note: new course added for Puzzel ID; Metric Name: LMS cources; Status: On Track; Current Value: 6; Activity Date: 2025-04-04 08:46:52 UTC;,Checkin Date: 2025-04-04; User: Scott Maryan; Note: ; Metric Name: LMS cources; Status: On Track; Current Value: 6; Activity Date: 2025-04-04 08:46:21 UTC;,Checkin Date: 2025-03-12; User: Scott Maryan; Note: ; Metric Name: LMS cources; Status: On Track; Current Value: 5; Activity Date: 2025-03-12 08:43:25 UTC;,"Checkin Date: 2025-03-12; User: Scott Maryan; Note: New Puzzel ID Enablement course for Partners
New Puzzel VA course for Partners Enablement
New Puzzel VA course for Sales Enablement
New Puzzel CI course for Partners Enablement
New Puzzel CI course for Sales Enablement; Metric Name: LMS cources; Status: On Track; Current Value: 4; Activity Date: 2025-03-12 08:43:17 UTC;",Checkin Date: 2025-03-12; User: Scott Maryan; Note: ; Metric Name: LMS cources; Status: On Track; Current Value: 4; Activity Date: 2025-03-12 08:11:11 UTC;,Checkin Date: 2025-01-31; User: Scott Maryan; Note: ; Metric Name: LMS cources; Status: On Track; Current Value: 2; Activity Date: 2025-01-31 09:39:43 UTC;,Checkin Date: 2025-01-31; User: Scott Maryan; Note: ; Metric Name: LMS cources; Status: On Track; Current Value: 5; Activity Date: 2025-01-31 09:39:30 UTC;,,,,,,,,,,,,,,,,
2349245,500 LMS courses completed by Customers,CSG,Jo Sverre Lindem,Scott Maryan,Q2 2025,2025-04-01,2025-06-30,,"Increase LMS adoption for Customers.(weight: 50%, Id: 2352287)",LMS Trainings,,500,Key result,Aspirational Goal,0,2025-01-07 11:20:13 UTC,2025-07-16,80,400,On Track,186 courses completed,,Checkin Date: 2025-07-16; User: Scott Maryan; Note: ; Metric Name: LMS Trainings; Status: On Track; Current Value: 400; Activity Date: 2025-07-16 11:17:04 UTC;,Checkin Date: 2025-05-28; User: Scott Maryan; Note: ; Metric Name: LMS Trainings; Status: On Track; Current Value: 201; Activity Date: 2025-05-28 11:22:58 UTC;,Checkin Date: 2025-04-04; User: Scott Maryan; Note: 186 courses completed; Metric Name: LMS Trainings; Status: On Track; Current Value: 177; Activity Date: 2025-04-04 08:46:38 UTC;,Checkin Date: 2025-03-12; User: Scott Maryan; Note: ; Metric Name: LMS Trainings; Status: On Track; Current Value: 177; Activity Date: 2025-03-12 10:12:53 UTC;,Checkin Date: 2025-03-12; User: Scott Maryan; Note: 177 courses completed; Metric Name: LMS Trainings; Status: Behind; Current Value: 87; Activity Date: 2025-03-12 10:12:43 UTC;,Checkin Date: 2025-03-12; User: Scott Maryan; Note: ; Metric Name: LMS Trainings; Status: Behind; Current Value: 87; Activity Date: 2025-03-12 08:11:34 UTC;,,,,,,,,,,,,,,,,,,,,,
2349211,Create a LMS Strategy and execution plan,CSG,Jo Sverre Lindem,Scott Maryan,Q1 2025,2025-01-01,2025-03-31,,"Increase LMS adoption for Customers.(weight: 0%, Id: 2352287)",Progress,%,100,Deliverable,Aspirational Goal,0,2025-01-07 11:16:55 UTC,2025-07-24,100,100,Closed,Completed,1,Checkin Date: 2025-07-24; User: Scott Maryan; Note: Completed; Metric Name: Progress; Status: Closed; Current Value: 100%; Activity Date: 2025-07-24 12:18:14 UTC;,Checkin Date: 2025-05-28; User: Scott Maryan; Note: ; Metric Name: Progress; Status: On Track; Current Value: 100%; Activity Date: 2025-05-28 11:22:32 UTC;,Checkin Date: 2025-05-09; User: Scott Maryan; Note: ; Metric Name: Progress; Status: Behind; Current Value: 90%; Activity Date: 2025-05-09 08:26:16 UTC;,Checkin Date: 2025-04-04; User: Scott Maryan; Note: currently on hold until new recruit starts; Metric Name: Progress; Status: On Track; Current Value: 80%; Activity Date: 2025-04-04 08:35:46 UTC;,Checkin Date: 2025-03-12; User: Scott Maryan; Note: Plan is complete with just some minor tweaks and then sign off; Metric Name: Progress; Status: On Track; Current Value: 80%; Activity Date: 2025-03-12 08:39:50 UTC;,Checkin Date: 2025-03-12; User: Scott Maryan; Note: ; Metric Name: Progress; Status: On Track; Current Value: 80%; Activity Date: 2025-03-12 08:11:47 UTC;,Checkin Date: 2025-02-18; User: Scott Maryan; Note: ; Metric Name: Progress; Status: Behind; Current Value: 50%; Activity Date: 2025-02-18 07:37:56 UTC;,Checkin Date: 2025-02-18; User: Scott Maryan; Note: ; Metric Name: Progress; Status: Behind; Current Value: 40%; Activity Date: 2025-02-18 07:36:51 UTC;,Checkin Date: 2025-01-31; User: Scott Maryan; Note: ; Metric Name: Progress; Status: Behind; Current Value: 20%; Activity Date: 2025-01-31 09:38:56 UTC;,,,,,,,,,,,,,,,,,,
2349218,Create LMS Onboarding content,CSG,Jo Sverre Lindem,Scott Maryan,Q2 2025,2025-04-01,2025-06-30,,"Increase LMS adoption for Customers.(weight: 0%, Id: 2352287)",Progress,%,100,Deliverable,Aspirational Goal,0,2025-01-07 11:18:00 UTC,2025-07-07,80,80,On Track,"Currently working on a number of courses for Partner Internal and Client enablement,",,Checkin Date: 2025-07-07; User: Scott Maryan; Note: ; Metric Name: Progress; Status: On Track; Current Value: 80%; Activity Date: 2025-07-07 08:35:47 UTC;,Checkin Date: 2025-05-28; User: Scott Maryan; Note: ; Metric Name: Progress; Status: On Track; Current Value: 65%; Activity Date: 2025-05-28 11:22:45 UTC;,"Checkin Date: 2025-03-12; User: Scott Maryan; Note: Currently working on a number of courses for Partner Internal and Client enablement,; Metric Name: Progress; Status: On Track; Current Value: 40%; Activity Date: 2025-03-12 08:40:58 UTC;",Checkin Date: 2025-02-18; User: Scott Maryan; Note: ; Metric Name: Progress; Status: On Track; Current Value: 40%; Activity Date: 2025-02-18 07:36:59 UTC;,Checkin Date: 2025-01-31; User: Scott Maryan; Note: ; Metric Name: Progress; Status: On Track; Current Value: 30%; Activity Date: 2025-01-31 09:39:10 UTC;,,,,,,,,,,,,,,,,,,,,,,
2536454,Recruit a LMS admin Manager,CSG,Scott Maryan,Scott Maryan,Annual 2025,2025-01-01,2025-12-31,,"Increase LMS adoption for Customers.(weight: 0%, Id: 2352287)",Progress,%,100,Deliverable,Aspirational Goal,0,2025-03-24 10:02:18 UTC,2025-07-24,100,100,Closed,Started April 2025,1,Checkin Date: 2025-07-24; User: Scott Maryan; Note: Started April 2025; Metric Name: Progress; Status: Closed; Current Value: 100%; Activity Date: 2025-07-24 12:18:01 UTC;,Checkin Date: 2025-04-10; User: Scott Maryan; Note: Recruited and starting on 22nd April; Metric Name: Progress; Status: On Track; Current Value: 100%; Activity Date: 2025-04-10 09:16:24 UTC;,Checkin Date: 2025-04-10; User: Scott Maryan; Note: ; Metric Name: Progress; Status: On Track; Current Value: 100%; Activity Date: 2025-04-10 09:16:02 UTC;,Checkin Date: 2025-04-04; User: Scott Maryan; Note: 4 interviews completed. 2nd round; Metric Name: Progress; Status: On Track; Current Value: 80%; Activity Date: 2025-04-04 08:35:26 UTC;,Checkin Date: 2025-04-04; User: Scott Maryan; Note: ; Metric Name: Progress; Status: On Track; Current Value: 80%; Activity Date: 2025-04-04 08:34:52 UTC;,Checkin Date: 2025-03-24; User: Scott Maryan; Note: ; Metric Name: Progress; Status: On Track; Current Value: 40%; Activity Date: 2025-03-24 10:02:36 UTC;,,,,,,,,,,,,,,,,,,,,,
2790308,Create new CI course,CSG,Scott Maryan,Scott Maryan,Q2 2025,2025-04-01,2025-06-30,,"Increase LMS adoption for Customers.(weight: 0%, Id: 2352287)",Progress,%,100,Deliverable,Aspirational Goal,0,2025-05-28 11:25:10 UTC,2025-07-24,100,100,Closed,Completed and uploaded to LMS,1,Checkin Date: 2025-07-24; User: Scott Maryan; Note: Completed and uploaded to LMS; Metric Name: Progress; Status: Closed; Current Value: 100%; Activity Date: 2025-07-24 12:17:46 UTC;,Checkin Date: 2025-07-24; User: Scott Maryan; Note: created; Metric Name: Progress; Status: On Track; Current Value: 100%; Activity Date: 2025-07-24 09:49:21 UTC;,Checkin Date: 2025-05-28; User: Scott Maryan; Note: ; Metric Name: Progress; Status: On Track; Current Value: 100%; Activity Date: 2025-05-28 11:25:21 UTC;,,,,,,,,,,,,,,,,,,,,,,,,
2790312,Create new Webchat course,CSG,Scott Maryan,Scott Maryan,Q2 2025,2025-04-01,2025-06-30,,"Increase LMS adoption for Customers.(weight: 0%, Id: 2352287)",Progress,%,100,Deliverable,Aspirational Goal,0,2025-05-28 11:26:22 UTC,2025-07-24,100,100,Closed,Completed and uploaded to LMS,1,Checkin Date: 2025-07-24; User: Scott Maryan; Note: Completed and uploaded to LMS; Metric Name: Progress; Status: Closed; Current Value: 100%; Activity Date: 2025-07-24 12:17:29 UTC;,Checkin Date: 2025-07-24; User: Scott Maryan; Note: Completed; Metric Name: Progress; Status: On Track; Current Value: 100%; Activity Date: 2025-07-24 09:53:12 UTC;,Checkin Date: 2025-05-28; User: Scott Maryan; Note: ; Metric Name: Progress; Status: On Track; Current Value: 100%; Activity Date: 2025-05-28 11:26:32 UTC;,,,,,,,,,,,,,,,,,,,,,,,,
2845074,Create a new CFT Course,CSG,Scott Maryan,Scott Maryan,Q2 2025,2025-04-01,2025-06-30,,"Increase LMS adoption for Customers.(weight: 0%, Id: 2352287)",Progress,%,100,Deliverable,Aspirational Goal,0,2025-07-24 12:15:26 UTC,2025-10-03,100,100,On Track,Awaiting sign off and final video,,Checkin Date: 2025-10-03; User: Scott Maryan; Note: ; Metric Name: Progress; Status: On Track; Current Value: 100%; Activity Date: 2025-10-03 11:57:22 UTC;,Checkin Date: 2025-07-24; User: Scott Maryan; Note: ; Metric Name: Progress; Status: On Track; Current Value: 90%; Activity Date: 2025-07-24 12:16:51 UTC;,Checkin Date: 2025-07-24; User: Scott Maryan; Note: Awaiting sign off and final video; Metric Name: Progress; Status: Not Started; Current Value: 0%; Activity Date: 2025-07-24 12:16:47 UTC;,,,,,,,,,,,,,,,,,,,,,,,,
2845076,Create a new Dialler course,CSG,Scott Maryan,Scott Maryan,Annual 2025,2025-01-01,2025-12-31,,"Increase LMS adoption for Customers.(weight: 0%, Id: 2352287)",Progress,%,100,Deliverable,Aspirational Goal,0,2025-07-24 12:16:19 UTC,2025-07-24,100,100,Closed,Completed,1,Checkin Date: 2025-07-24; User: Scott Maryan; Note: Completed; Metric Name: Progress; Status: Closed; Current Value: 100%; Activity Date: 2025-07-24 12:17:10 UTC;,,,,,,,,,,,,,,,,,,,,,,,,,,
2352315,AI-Trainer Fast Track onboarding program,CSG,Jo Sverre Lindem,Ida Østergård Nielsen,Annual 2025,2025-01-01,2025-12-31,,"Improve adoption and shorten time to value(weight: 0%, Id: 2295789)",Progress,%,100,Objective,Aspirational Goal,0,2025-01-08 08:55:25 UTC,2025-04-07,50,50,On Track,On track - new recruits almost up to speed. 1 of 2 fully billable. Support program in place for the second recruit.,,Checkin Date: 2025-04-07; User: Jo Sverre Lindem; Note: ; Metric Name: Progress; Status: On Track; Current Value: 50%; Activity Date: 2025-04-07 09:02:30 UTC;,Checkin Date: 2025-04-07; User: Jo Sverre Lindem; Note: On track - new recruits almost up to speed. 1 of 2 fully billable. Support program in place for the second recruit.; Metric Name: Progress; Status: Behind; Current Value: 10%; Activity Date: 2025-04-07 09:02:01 UTC;,Checkin Date: 2025-03-11; User: Jo Sverre Lindem; Note: ; Metric Name: Progress; Status: Behind; Current Value: 10%; Activity Date: 2025-03-11 12:16:58 UTC;,"Checkin Date: 2025-03-11; User: Jo Sverre Lindem; Note: Initiative handed over to Ida. Mette started the work, and Ida will pick up where Mette left of; Metric Name: Progress; Status: Not Started; Current Value: 0%; Activity Date: 2025-03-11 12:14:22 UTC;",,,,,,,,,,,,,,,,,,,,,,,
2352077,"100% billability on AI Trainers after 2,5 months",CSG,Jo Sverre Lindem,Ida Østergård Nielsen,Annual 2025,2025-01-01,2025-12-31,,"AI-Trainer Fast Track onboarding program(weight: 100%, Id: 2352315)",Progress,%,100,Key result,Aspirational Goal,0,2025-01-08 08:11:16 UTC,2025-04-07,70,70,On Track,1 of 2 are 100% billable.,,Checkin Date: 2025-04-07; User: Jo Sverre Lindem; Note: 1 of 2 are 100% billable.; Metric Name: Progress; Status: On Track; Current Value: 70%; Activity Date: 2025-04-07 11:46:06 UTC;,"Checkin Date: 2025-04-07; User: Jo Sverre Lindem; Note: ; Metric Name: Progress; Status: On Track; Current Value: 70%; Activity Date: 2025-04-07 11:20:23 UTC; Comment #1 [2025-04-07 11:20:58 UTC, Jo Sverre Lindem]:I fully enabled, 1 resorce not fully billable;",,,,,,,,,,,,,,,,,,,,,,,,,
2352074,Fast Track program for onboarding AI-Trainers,CSG,Jo Sverre Lindem,Ida Østergård Nielsen,Q2 2025,2025-04-01,2025-06-30,,"AI-Trainer Fast Track onboarding program(weight: 0%, Id: 2352315)",Progress,%,100,Deliverable,Aspirational Goal,0,2025-01-08 08:10:21 UTC,2025-04-07,100,100,On Track,Onboarding complete,,Checkin Date: 2025-04-07; User: Jo Sverre Lindem; Note: Onboarding complete; Metric Name: Progress; Status: On Track; Current Value: 100%; Activity Date: 2025-04-07 11:46:23 UTC;,"Checkin Date: 2025-04-07; User: Jo Sverre Lindem; Note: ; Metric Name: Progress; Status: On Track; Current Value: 100%; Activity Date: 2025-04-07 11:22:07 UTC; Comment #1 [2025-04-07 11:22:33 UTC, Jo Sverre Lindem]:Closed;",,,,,,,,,,,,,,,,,,,,,,,,,
2352319,Best Practice Fast Track AI Implementation process,CSG,Jo Sverre Lindem,Ida Østergård Nielsen,Annual 2025,2025-01-01,2025-12-31,,"Improve adoption and shorten time to value(weight: 0%, Id: 2295789)",Progress,%,100,Objective,Aspirational Goal,0,2025-01-08 08:56:45 UTC,2025-03-11,25,25,On Track,Work in progress - template for VA ChatBot defined and will be used as template for the other process descriptions. The process include hours to be quoted and project description for commercial.,,Checkin Date: 2025-03-11; User: Jo Sverre Lindem; Note: ; Metric Name: Progress; Status: On Track; Current Value: 25%; Activity Date: 2025-03-11 12:16:34 UTC;,Checkin Date: 2025-03-11; User: Jo Sverre Lindem; Note: Work in progress - template for VA ChatBot defined and will be used as template for the other process descriptions. The process include hours to be quoted and project description for commercial.; Metric Name: Progress; Status: Not Started; Current Value: 0%; Activity Date: 2025-03-11 12:15:39 UTC;,,,,,,,,,,,,,,,,,,,,,,,,,
2352089,Decrease implementation time from 7 to 5 weeks,CSG,Jo Sverre Lindem,Ida Østergård Nielsen,Annual 2025,2025-01-01,2025-12-31,,"Best Practice Fast Track AI Implementation process(weight: 100%, Id: 2352319)",AI Impl Time,,5,Key result,Aspirational Goal,7,2025-01-08 08:14:58 UTC,2025-04-07,0,30,At Risk,,,Checkin Date: 2025-04-07; User: Jo Sverre Lindem; Note: ; Metric Name: AI Impl Time; Status: At Risk; Current Value: 30; Activity Date: 2025-04-07 11:45:36 UTC;,,,,,,,,,,,,,,,,,,,,,,,,,,
2352084,Best practice for fast track implementations (small standard projects with template bot),CSG,Jo Sverre Lindem,Ida Østergård Nielsen,Annual 2025,2025-01-01,2025-12-31,,"Best Practice Fast Track AI Implementation process(weight: 0%, Id: 2352319)",Progress,%,100,Deliverable,Aspirational Goal,0,2025-01-08 08:13:48 UTC,2025-04-07,60,60,On Track,,,Checkin Date: 2025-04-07; User: Jo Sverre Lindem; Note: ; Metric Name: Progress; Status: On Track; Current Value: 60%; Activity Date: 2025-04-07 11:45:24 UTC;,,,,,,,,,,,,,,,,,,,,,,,,,,
2295793,Customer engagement model to improve retention,Commercial,Frederic Laziou,Mel Lawn,Annual 2025,2025-01-01,2025-12-31,,"SP2: Customer excellence(weight: 0%, Id: 2295711)",Progress,%,100,Objective,Aspirational Goal,0,2024-12-09 14:53:32 UTC,2025-11-10,66,66,At Risk,,0,,,,,,,,,,,,,,,,,,,,,,,,,,,
2324026,GRR improvement to 91% end of Q1,Commercial,Roland Green,Roland Green,Q1 2025,2025-01-01,2025-03-31,,"Customer engagement model to improve retention(weight: 14.29%, Id: 2295793)",Improve GRR from 89% to 91% by end of Q1,%,91,Key result,Aspirational Goal,0,2024-12-19 12:20:25 UTC,2025-05-01,0,0,Closed,ended Q1 at 88% so falling well below the goal of 91%,0,Checkin Date: 2025-05-01; User: Roland Green; Note: ended Q1 at 88% so falling well below the goal of 91%; Metric Name: Improve GRR from 89% to 91% by end of Q1; Status: Closed; Current Value: 0%; Activity Date: 2025-05-01 15:31:42 UTC;,Checkin Date: 2025-05-01; User: Roland Green; Note: ; Metric Name: Improve GRR from 89% to 91% by end of Q1; Status: At Risk; Current Value: 0%; Activity Date: 2025-05-01 15:23:43 UTC;,Checkin Date: 2025-05-01; User: Roland Green; Note: Finished Q1 reverting back to 88% on GRR based on large churn cases and leading to Burn the churn imitative in Q2; Metric Name: Improve GRR from 89% to 91% by end of Q1; Status: Behind; Current Value: 89%; Activity Date: 2025-05-01 15:23:21 UTC;,Checkin Date: 2025-04-08; User: Roland Green; Note: still awaiting final Q1 result but with 18m of churn I expect NRR to fall below 90% again unfortunately.; Metric Name: Improve GRR from 89% to 91% by end of Q1; Status: Behind; Current Value: 89%; Activity Date: 2025-04-08 19:04:10 UTC;,Checkin Date: 2025-03-17; User: Frederic Laziou; Note: ; Metric Name: Improve GRR from 89% to 91% by end of Q1; Status: On Track; Current Value: 89%; Activity Date: 2025-03-17 21:47:57 UTC;,Checkin Date: 2025-03-12; User: Roland Green; Note: awaiting current GRR in monthly report; Metric Name: Improve GRR from 89% to 91% by end of Q1; Status: Behind; Current Value: 70%; Activity Date: 2025-03-12 12:13:55 UTC;,Checkin Date: 2025-03-12; User: Frederic Laziou; Note: ; Metric Name: Improve GRR from 89% to 91% by end of Q1; Status: On Track; Current Value: 90%; Activity Date: 2025-03-12 09:54:33 UTC;,Checkin Date: 2025-03-12; User: Frederic Laziou; Note: ; Metric Name: Improve GRR from 89% to 91% by end of Q1; Status: On Track; Current Value: 90; Activity Date: 2025-03-12 09:53:55 UTC;,,,,,,,,,,,,,,,,,,,
2789033,Enhance account Health Scoring beyond phase 1 to include other sources and automate inputs where possible.,Commercial,Thomas Hammerich,Thomas Hammerich,Q2 2025,2025-04-01,2025-06-30,,"Customer engagement model to improve retention(weight: 0%, Id: 2295793) / Keep Q3 Churn to <10m(weight: 0%, Id: 2826207)",Progress,%,100,Objective,Aspirational Goal,0,2025-05-27 08:18:06 UTC,2025-11-10,60,60,Closed,CSM moved to CCO,0.6,Checkin Date: 2025-11-10; User: Roland Green; Note: CSM moved to CCO; Metric Name: Progress; Status: Closed; Current Value: 60%; Activity Date: 2025-11-10 19:59:02 UTC;,"Checkin Date: 2025-07-04; User: Thomas Hammerich; Note: There is still much work to be done in terms of what is possible, which data sources are available, and how we utilize that data. 
Not to mention the whole automation aspect, as everything is far too manual today.
We are moving towards having a dataset of health data and then complementing it with knowledge and sentiment.; Metric Name: Progress; Status: Postponed; Current Value: 60%; Activity Date: 2025-07-04 07:11:35 UTC;",,,,,,,,,,,,,,,,,,,,,,,,,
2789035,Health scores across all A customers + 50% of B customers GTG success rate of 50% or better,Commercial,Thomas Hammerich,Thomas Hammerich,Q2 2025,2025-04-01,2025-06-30,,"Enhance account Health Scoring beyond phase 1 to include other sources and automate inputs where possible.(weight: 0%, Id: 2789033)",Progress,%,100,Deliverable,Aspirational Goal,0,2025-05-27 08:19:07 UTC,2025-06-30,60,60,At Risk,"We are behind on this one and plan to make a concentrated effort on it during the upcoming silent summer months. It has been a struggle to find time for administrative work within SF, with numerous customer meetings, escalations, billing questions, sunsettings/migrations, platform instability, and more.",,"Checkin Date: 2025-06-30; User: Thomas Hammerich; Note: We are behind on this one and plan to make a concentrated effort on it during the upcoming silent summer months. It has been a struggle to find time for administrative work within SF, with numerous customer meetings, escalations, billing questions, sunsettings/migrations, platform instability, and more.; Metric Name: Progress; Status: At Risk; Current Value: 60%; Activity Date: 2025-06-30 07:35:22 UTC;",,,,,,,,,,,,,,,,,,,,,,,,,,
2789039,"Ensure we implement GtG and CS plans into Salesforce, so we can get actionable data insights tracked and even automated in the future.",Commercial,Thomas Hammerich,Thomas Hammerich,Q3 2025,2025-07-01,2025-09-30,,"Customer engagement model to improve retention(weight: 0%, Id: 2295793) / GRR back to 90% min(weight: 0%, Id: 2772540)",Progress,%,100,Objective,Aspirational Goal,0,2025-05-27 08:20:50 UTC,2025-11-10,70,70,Closed,CSM moved to CCO,0.7,Checkin Date: 2025-11-10; User: Roland Green; Note: CSM moved to CCO; Metric Name: Progress; Status: Closed; Current Value: 70%; Activity Date: 2025-11-10 19:59:12 UTC;,"Checkin Date: 2025-07-04; User: Thomas Hammerich; Note: We have deployed the 360 dashboard successfully, and it is well adopted; however, still missing multiple datapoints, so work continues on that. 

There is work being done on how we get the GtG and CS plans into a tool like SF, as we do not have a CS tool anymore. Going theory right now, is using Cases in SF, but we will need to test it out during the summer and align with what thoughts Melanie might have on this.; Metric Name: Progress; Status: Postponed; Current Value: 70%; Activity Date: 2025-07-04 07:22:47 UTC;",,,,,,,,,,,,,,,,,,,,,,,,,
2789040,Deploy and adopt the 360 dashboard. Have ready to deploy plans for how GtG and CS plans will go into SFDC,Commercial,Thomas Hammerich,Thomas Hammerich,Q3 2025,2025-07-01,2025-09-30,,"Ensure we implement GtG and CS plans into Salesforce, so we can get actionable data insights tracked and even automated in the future.(weight: 0%, Id: 2789039)",Progress,%,100,Deliverable,Aspirational Goal,0,2025-05-27 08:21:09 UTC,2025-07-04,70,70,Behind,"The dashboard is deployed and being utilized by the CS team. 
Though there is still much data missing, it is certainly a step in the right direction and very useful. 

We have yet to finalize plans for how we get GtG and CS plans within SF in a better way than today. A going theory right now is to attempt by using Cases (formerly used for churn before the current process). But this needs to be set up and tested, which time has not permitted yet.",,Checkin Date: 2025-07-04; User: Thomas Hammerich; Note: ; Metric Name: Progress; Status: Behind; Current Value: 70%; Activity Date: 2025-07-04 07:19:22 UTC;,Checkin Date: 2025-07-04; User: Thomas Hammerich; Note: ; Metric Name: Progress; Status: At Risk; Current Value: 70%; Activity Date: 2025-07-04 07:19:10 UTC;,"Checkin Date: 2025-06-30; User: Thomas Hammerich; Note: The dashboard is deployed and being utilized by the CS team. 
Though there is still much data missing, it is certainly a step in the right direction and very useful. 

We have yet to finalize plans for how we get GtG and CS plans within SF in a better way than today. A going theory right now is to attempt by using Cases (formerly used for churn before the current process). But this needs to be set up and tested, which time has not permitted yet.; Metric Name: Progress; Status: Behind; Current Value: 80%; Activity Date: 2025-06-30 07:40:17 UTC;",,,,,,,,,,,,,,,,,,,,,,,,
2324251,Limit Churn to 8m or better in Q1,Commercial,Roland Green,Roland Green,Q1 2025,2025-01-01,2025-03-31,,"Customer engagement model to improve retention(weight: 14.29%, Id: 2295793)",Progress,%,100,Key result,Aspirational Goal,0,2024-12-19 12:59:25 UTC,2025-05-01,0,0,Closed,exceeded the goal by more than 200% meaning this was missed significantly in Q1,0,Checkin Date: 2025-05-01; User: Roland Green; Note: exceeded the goal by more than 200% meaning this was missed significantly in Q1; Metric Name: Progress; Status: Closed; Current Value: 0%; Activity Date: 2025-05-01 15:32:14 UTC;,Checkin Date: 2025-05-01; User: Roland Green; Note: ; Metric Name: Progress; Status: At Risk; Current Value: 0%; Activity Date: 2025-05-01 15:24:40 UTC;,Checkin Date: 2025-05-01; User: Roland Green; Note: 17.6m vs OKR of 8m; Metric Name: Progress; Status: Closed; Current Value: 20%; Activity Date: 2025-05-01 15:20:23 UTC;,Checkin Date: 2025-04-08; User: Roland Green; Note: churn in Q1 18.6m vs stretch goal of 8m and budget of 13.1m; Metric Name: Progress; Status: At Risk; Current Value: 20%; Activity Date: 2025-04-08 18:56:12 UTC;,Checkin Date: 2025-03-10; User: Roland Green; Note: ; Metric Name: Progress; Status: At Risk; Current Value: 20%; Activity Date: 2025-03-10 20:54:27 UTC;,"Checkin Date: 2025-03-10; User: Roland Green; Note: 11.5m at end of Feb well over goal, due to Vergic migrations, Telenor and clean ups from previous months; Metric Name: Progress; Status: On Track; Current Value: 20%; Activity Date: 2025-03-10 20:47:50 UTC;",,,,,,,,,,,,,,,,,,,,,
2324289,New engagement  model rolled out to 25 highest risk customers by end of Q1 and 25 of our 50 A customers,Commercial,Roland Green,"Roland Green, Thomas Hammerich",Q1 2025,2025-01-01,2025-03-31,,"Customer engagement model to improve retention(weight: 0%, Id: 2295793)",Progress,%,100,Deliverable,Aspirational Goal,0,2024-12-19 13:08:41 UTC,2025-05-01,70,70,Closed,"Achieved the needed number of accounts, however I question how effective we have been so far in creating a seamless and value add engagement model so far, given no evidence yet (NPS not ready) Churn still high.",0.7,"Checkin Date: 2025-05-01; User: Roland Green; Note: Achieved the needed number of accounts, however I question how effective we have been so far in creating a seamless and value add engagement model so far, given no evidence yet (NPS not ready) Churn still high.; Metric Name: Progress; Status: Closed; Current Value: 70%; Activity Date: 2025-05-01 15:26:39 UTC;",Checkin Date: 2025-05-01; User: Roland Green; Note: ; Metric Name: Progress; Status: On Track; Current Value: 70%; Activity Date: 2025-05-01 15:25:13 UTC;,Checkin Date: 2025-04-08; User: Roland Green; Note: 17 A accounts completed and 24 B accounts; Metric Name: Progress; Status: On Track; Current Value: 100%; Activity Date: 2025-04-08 12:17:53 UTC;,"Checkin Date: 2025-03-11; User: Roland Green; Note: A customers x 36 are covered in Nordics however UK x 21 we have top 5 covered but not rest as Mashud starts in April properly.

High risk customers x 20 in total with GTG plans where new engagement model is automatically rolled out and CS plans are requested.; Metric Name: Progress; Status: On Track; Current Value: 100%; Activity Date: 2025-03-11 12:48:12 UTC;",,,,,,,,,,,,,,,,,,,,,,,
2324296,"Introduce a targeted adoption plan, ensuring A = personalised adoption plans for top 25 of 50 A customers",Commercial,Roland Green,"Roland Green, Thomas Hammerich",Q1 2025,2025-01-01,2025-03-31,,"Customer engagement model to improve retention(weight: 0%, Id: 2295793)",Progress,%,100,Deliverable,Aspirational Goal,0,2024-12-19 13:09:53 UTC,2025-05-01,70,70,Closed,"CSP are being rolled out, however I am lacking visibility of how we are supporting better adoption of the ecosystem, given I don't believe we have been using or had access to usage reporting?",0.7,"Checkin Date: 2025-05-01; User: Roland Green; Note: CSP are being rolled out, however I am lacking visibility of how we are supporting better adoption of the ecosystem, given I don't believe we have been using or had access to usage reporting?; Metric Name: Progress; Status: Closed; Current Value: 70%; Activity Date: 2025-05-01 15:28:10 UTC;",Checkin Date: 2025-05-01; User: Roland Green; Note: ; Metric Name: Progress; Status: On Track; Current Value: 70%; Activity Date: 2025-05-01 15:27:01 UTC;,Checkin Date: 2025-04-08; User: Roland Green; Note: 17 A accounts completed and 24 B accounts; Metric Name: Progress; Status: On Track; Current Value: 100%; Activity Date: 2025-04-08 12:20:44 UTC;,"Checkin Date: 2025-03-11; User: Roland Green; Note: Customer success plan incorporates adoption plans and in this plan we discover:

what they use
What's their goals
what metrics they use
what do they not use
what could they use

13 x A Completed
15 x B Completed; Metric Name: Progress; Status: Behind; Current Value: 50%; Activity Date: 2025-03-11 12:54:49 UTC;",,,,,,,,,,,,,,,,,,,,,,,
2324257,Health Scores created for top 25 A customers by end of Q1,Commercial,Roland Green,"Roland Green, Thomas Hammerich",Q1 2025,2025-01-01,2025-03-31,,"Customer engagement model to improve retention(weight: 0%, Id: 2295793)",Progress,%,100,Deliverable,Aspirational Goal,0,2024-12-19 13:01:04 UTC,2025-05-01,50,50,Closed,Current health score section now included in SFDC however information is sketchy at best and lacking many meaningful fields as per the feedback I provided in late April. This needs to move into phase 2 quickly to become meaningful and useful.,0.5,Checkin Date: 2025-05-01; User: Roland Green; Note: Current health score section now included in SFDC however information is sketchy at best and lacking many meaningful fields as per the feedback I provided in late April. This needs to move into phase 2 quickly to become meaningful and useful.; Metric Name: Progress; Status: Closed; Current Value: 50%; Activity Date: 2025-05-01 15:29:34 UTC;,Checkin Date: 2025-05-01; User: Roland Green; Note: ; Metric Name: Progress; Status: Behind; Current Value: 50%; Activity Date: 2025-05-01 15:28:24 UTC;,Checkin Date: 2025-04-08; User: Roland Green; Note: 36 A accounts completed and 120 done in total (50 B); Metric Name: Progress; Status: On Track; Current Value: 100%; Activity Date: 2025-04-08 12:18:26 UTC;,Checkin Date: 2025-03-11; User: Roland Green; Note: Heath scoring is still very manual today however 10-12 scores are in place; Metric Name: Progress; Status: Behind; Current Value: 50%; Activity Date: 2025-03-11 12:57:22 UTC;,,,,,,,,,,,,,,,,,,,,,,,
2324269,Get to Green plans in place for top 25 highest risk customers with Green/Amber status by end of Q1,Commercial,Roland Green,"Roland Green, Thomas Hammerich",Q1 2025,2025-01-01,2025-03-31,,"Customer engagement model to improve retention(weight: 0%, Id: 2295793)",Progress,%,100,Deliverable,Aspirational Goal,0,2024-12-19 13:03:53 UTC,2025-05-01,50,50,Closed,"GTG plans underway, however format of document is not in line with best practice and many of the plans are sparsely filled in, a great deal of work to do to get this up to a high standard based on my spot checks on several of the largest high risk customers.",0.5,"Checkin Date: 2025-05-01; User: Roland Green; Note: GTG plans underway, however format of document is not in line with best practice and many of the plans are sparsely filled in, a great deal of work to do to get this up to a high standard based on my spot checks on several of the largest high risk customers.; Metric Name: Progress; Status: Closed; Current Value: 50%; Activity Date: 2025-05-01 15:31:02 UTC;",Checkin Date: 2025-05-01; User: Roland Green; Note: ; Metric Name: Progress; Status: Behind; Current Value: 50%; Activity Date: 2025-05-01 15:29:49 UTC;,Checkin Date: 2025-04-08; User: Roland Green; Note: 26 GTG plans in place (15 x a and 11 x B); Metric Name: Progress; Status: On Track; Current Value: 100%; Activity Date: 2025-04-08 12:21:44 UTC;,Checkin Date: 2025-03-11; User: Roland Green; Note: There are currently 20 customers in high risk who all have GTG plans in place; Metric Name: Progress; Status: On Track; Current Value: 100%; Activity Date: 2025-03-11 12:58:05 UTC;,,,,,,,,,,,,,,,,,,,,,,,
2772549,Burn Churn - Complete 25 customer interviews and ensure 4-5 key mitigation workstreams are kicked off and underway,Commercial,Roland Green,Roland Green,Q2 2025,2025-04-01,2025-06-30,,"Customer engagement model to improve retention(weight: 14.29%, Id: 2295793)",Progress,%,100,Key result,Aspirational Goal,0,2025-05-02 13:12:23 UTC,2025-11-10,60,60,Closed,completed at 60%,0.6,Checkin Date: 2025-11-10; User: Roland Green; Note: completed at 60%; Metric Name: Progress; Status: Closed; Current Value: 60%; Activity Date: 2025-11-10 19:54:56 UTC;,"Checkin Date: 2025-07-01; User: Roland Green; Note: 14 interviews conducted, allowing us to gather very meaningful insights and trends.

Workstreams not yet finalised but key themes identified and internal staff interviews now underway to get 360 view of the key issues.; Metric Name: Progress; Status: At Risk; Current Value: 60%; Activity Date: 2025-07-01 14:08:17 UTC;",,,,,,,,,,,,,,,,,,,,,,,,,
2772540,GRR back to 90% min,Commercial,Roland Green,Roland Green,Q2 2025,2025-04-01,2025-06-30,,"Customer engagement model to improve retention(weight: 14.29%, Id: 2295793)",Progress,%,100,Key result,Aspirational Goal,0,2025-05-02 13:07:03 UTC,2025-11-10,98,98,Closed,completed at 98%,1,Checkin Date: 2025-11-10; User: Roland Green; Note: completed at 98%; Metric Name: Progress; Status: Closed; Current Value: 98%; Activity Date: 2025-11-10 19:57:00 UTC;,Checkin Date: 2025-07-01; User: Roland Green; Note: GRR still at 89% due to churn being 4.3m adverse to budget in Q2; Metric Name: Progress; Status: At Risk; Current Value: 30%; Activity Date: 2025-07-01 14:52:38 UTC;,,,,,,,,,,,,,,,,,,,,,,,,,
2772546,Limit Churn to 17.5m (current forecast or improve it by saving customers,Commercial,Roland Green,Roland Green,Q2 2025,2025-04-01,2025-06-30,,"Customer engagement model to improve retention(weight: 14.29%, Id: 2295793)",Progress,%,100,Key result,Aspirational Goal,0,2025-05-02 13:11:21 UTC,2025-11-10,89,89,Closed,15.6m vs 17.5m achieved (89%),0.9,Checkin Date: 2025-11-10; User: Roland Green; Note: 15.6m vs 17.5m achieved (89%); Metric Name: Progress; Status: Closed; Current Value: 89%; Activity Date: 2025-11-10 19:58:13 UTC;,Checkin Date: 2025-07-01; User: Roland Green; Note: Churn limited to 15m in Q2 ahead of forecast but well over budget; Metric Name: Progress; Status: On Track; Current Value: 100%; Activity Date: 2025-07-01 14:53:42 UTC;,,,,,,,,,,,,,,,,,,,,,,,,,
2789041,Unify CI and Puzzel Customer Success teams to improve scalability and customer experience across the Ecosystem segment,Commercial,Kenny Jepsen,Kenny Jepsen,Q2 2025,2025-04-01,2025-06-30,,"Customer engagement model to improve retention(weight: 0%, Id: 2295793)",Progress,%,100,Objective,Aspirational Goal,0,2025-05-27 08:21:41 UTC,2025-11-10,45,45,Closed,CSM moved to CCO,0.5,Checkin Date: 2025-11-10; User: Roland Green; Note: CSM moved to CCO; Metric Name: Progress; Status: Closed; Current Value: 45%; Activity Date: 2025-11-10 19:58:38 UTC;,Checkin Date: 2025-07-01; User: Kenny Jepsen; Note: We are off to a great start - but pausing for a bit and bringing Mel in before we push forward; Metric Name: Progress; Status: At Risk; Current Value: 35%; Activity Date: 2025-07-01 19:06:46 UTC;,,,,,,,,,,,,,,,,,,,,,,,,,
2789907,Shared CS operating model at CS meetup 23rd June.,Commercial,Kenny Jepsen,Kenny Jepsen,Q2 2025,2025-04-01,2025-06-30,,"Unify CI and Puzzel Customer Success teams to improve scalability and customer experience across the Ecosystem segment(weight: 50%, Id: 2789041)",Fremskridt,%,100,Key result,Aspirational Goal,0,2025-05-28 06:05:11 UTC,2025-07-01,40,40,At Risk,"As mentioned below, we have created a great base to start working from - but we need to wait for Mel to get things done right the first time",,Checkin Date: 2025-07-01; User: Kenny Jepsen; Note: ; Metric Name: Fremskridt; Status: At Risk; Current Value: 40%; Activity Date: 2025-07-01 19:05:46 UTC;,"Checkin Date: 2025-07-01; User: Kenny Jepsen; Note: As mentioned below, we have created a great base to start working from - but we need to wait for Mel to get things done right the first time; Metric Name: Fremskridt; Status: At Risk; Current Value: 20%; Activity Date: 2025-07-01 19:05:39 UTC;",Checkin Date: 2025-07-01; User: Kenny Jepsen; Note: ; Metric Name: Fremskridt; Status: At Risk; Current Value: 20%; Activity Date: 2025-07-01 19:03:14 UTC;,Checkin Date: 2025-07-01; User: Kenny Jepsen; Note: ; Metric Name: Fremskridt; Status: At Risk; Current Value: 1%; Activity Date: 2025-07-01 19:03:06 UTC;,,,,,,,,,,,,,,,,,,,,,,,
2826204,Discuss the best of two worlds on CS gathering to stand united moving forward,Commercial,Kenny Jepsen,Kenny Jepsen,Q2 2025,2025-04-01,2025-06-30,,"Shared CS operating model at CS meetup 23rd June.(weight: 0%, Id: 2789907)",Progress,%,100,Deliverable,Aspirational Goal,0,2025-07-01 19:03:51 UTC,2025-07-01,80,80,Behind,"Great discussion held at the CS Gathering. We have a lot to work with together with Mel, but we are not pushing until she lands",,"Checkin Date: 2025-07-01; User: Kenny Jepsen; Note: Great discussion held at the CS Gathering. We have a lot to work with together with Mel, but we are not pushing until she lands; Metric Name: Progress; Status: Behind; Current Value: 80%; Activity Date: 2025-07-01 19:04:36 UTC;",Checkin Date: 2025-07-01; User: Kenny Jepsen; Note: ; Metric Name: Progress; Status: Behind; Current Value: 80%; Activity Date: 2025-07-01 19:03:59 UTC;,,,,,,,,,,,,,,,,,,,,,,,,,
2789908,At least 3 CSMs from both teams ready to take lead on ecosystem customers with peer support by end of Q2.,Commercial,Kenny Jepsen,Kenny Jepsen,Q2 2025,2025-04-01,2025-06-30,,"Unify CI and Puzzel Customer Success teams to improve scalability and customer experience across the Ecosystem segment(weight: 50%, Id: 2789041)",Fremskridt,%,100,Key result,Aspirational Goal,0,2025-05-28 06:05:44 UTC,2025-07-04,50,50,At Risk,We have the started building the foundation through the CS gathering and the first pairings have been made. Thomas and I are working closely together trying to devide and conquer equaly between the CSMs.,,Checkin Date: 2025-07-04; User: Kenny Jepsen; Note: ; Metric Name: Fremskridt; Status: At Risk; Current Value: 50%; Activity Date: 2025-07-04 08:50:59 UTC;,Checkin Date: 2025-07-01; User: Kenny Jepsen; Note: ; Metric Name: Fremskridt; Status: At Risk; Current Value: 30%; Activity Date: 2025-07-01 19:02:48 UTC;,Checkin Date: 2025-07-01; User: Kenny Jepsen; Note: We have the started building the foundation through the CS gathering and the first pairings have been made. Thomas and I are working closely together trying to devide and conquer equaly between the CSMs.; Metric Name: Fremskridt; Status: At Risk; Current Value: 20%; Activity Date: 2025-07-01 19:00:03 UTC;,Checkin Date: 2025-07-01; User: Kenny Jepsen; Note: ; Metric Name: Fremskridt; Status: At Risk; Current Value: 20%; Activity Date: 2025-07-01 18:56:32 UTC;,,,,,,,,,,,,,,,,,,,,,,,
2789918,"Unite CI CS team with Puzzel CS team by launching a joint operating model, enabling both teams to handle Ecosystem customers with scalability and customer journey as a priority",Commercial,Kenny Jepsen,Kenny Jepsen,Q2 2025,2025-04-01,2025-06-30,,"At least 3 CSMs from both teams ready to take lead on ecosystem customers with peer support by end of Q2.(weight: 0%, Id: 2789908)",Fremskridt,%,100,Deliverable,Aspirational Goal,0,2025-05-28 06:24:11 UTC,2025-07-01,30,30,At Risk,Joint operating model on pause until we have Mel onboard. Makes no sense pushing initiatives before we are aligned. For morale we don't want to get in a situation where we need to roll back initiatives at the current state,,Checkin Date: 2025-07-01; User: Kenny Jepsen; Note: ; Metric Name: Fremskridt; Status: At Risk; Current Value: 30%; Activity Date: 2025-07-01 19:02:43 UTC;,Checkin Date: 2025-07-01; User: Kenny Jepsen; Note: Joint operating model on pause until we have Mel onboard. Makes no sense pushing initiatives before we are aligned. For morale we don't want to get in a situation where we need to roll back initiatives at the current state; Metric Name: Fremskridt; Status: At Risk; Current Value: 20%; Activity Date: 2025-07-01 18:57:54 UTC;,Checkin Date: 2025-07-01; User: Kenny Jepsen; Note: ; Metric Name: Fremskridt; Status: At Risk; Current Value: 20%; Activity Date: 2025-07-01 18:56:49 UTC;,,,,,,,,,,,,,,,,,,,,,,,,
2826200,Bring the teams together for a CS gathering by the end of Q2,Commercial,Kenny Jepsen,Kenny Jepsen,Q2 2025,2025-04-01,2025-06-30,,"At least 3 CSMs from both teams ready to take lead on ecosystem customers with peer support by end of Q2.(weight: 0%, Id: 2789908)",Progress,%,100,Deliverable,Aspirational Goal,0,2025-07-01 18:55:18 UTC,2025-07-01,100,100,On Track,"Held a very successful two day seminar with the teams, establishing personal foundation for closer collaboration moving forward",,"Checkin Date: 2025-07-01; User: Kenny Jepsen; Note: Held a very successful two day seminar with the teams, establishing personal foundation for closer collaboration moving forward; Metric Name: Progress; Status: On Track; Current Value: 100%; Activity Date: 2025-07-01 18:56:18 UTC;",Checkin Date: 2025-07-01; User: Kenny Jepsen; Note: ; Metric Name: Progress; Status: On Track; Current Value: 100%; Activity Date: 2025-07-01 18:55:26 UTC;,,,,,,,,,,,,,,,,,,,,,,,,,
2826203,Educate CSMs in CI way of working through workshops,Commercial,Kenny Jepsen,Kenny Jepsen,Q2 2025,2025-04-01,2025-06-30,,"At least 3 CSMs from both teams ready to take lead on ecosystem customers with peer support by end of Q2.(weight: 0%, Id: 2789908)",Progress,%,100,Deliverable,Aspirational Goal,0,2025-07-01 19:01:52 UTC,2025-07-01,80,80,Behind,"4 CI CS workshops held for the Puzzel team of CS. 
Now we need to get it out there and start working",,"Checkin Date: 2025-07-01; User: Kenny Jepsen; Note: 4 CI CS workshops held for the Puzzel team of CS. 
Now we need to get it out there and start working; Metric Name: Progress; Status: Behind; Current Value: 80%; Activity Date: 2025-07-01 19:02:36 UTC;",Checkin Date: 2025-07-01; User: Kenny Jepsen; Note: ; Metric Name: Progress; Status: Behind; Current Value: 80%; Activity Date: 2025-07-01 19:02:02 UTC;,,,,,,,,,,,,,,,,,,,,,,,,,
2789036,"Collaborate with the Conversational Intelligence CS team, on further enablement both ways, with the aim of ultimately becoming a united team after summer.",Commercial,Thomas Hammerich,Thomas Hammerich,Q2 2025,2025-04-01,2025-06-30,,"Customer engagement model to improve retention(weight: 0%, Id: 2295793)",Progress,%,100,Objective,Aspirational Goal,0,2025-05-27 08:20:11 UTC,2025-07-04,100,100,Closed,"Well, on track to making the entire CS team one big team. We have briefed the team on the progress and plan, and enabled 3 individuals in each team to handle customers across the Puzzel product offering.",1,"Checkin Date: 2025-07-04; User: Thomas Hammerich; Note: Well, on track to making the entire CS team one big team. We have briefed the team on the progress and plan, and enabled 3 individuals in each team to handle customers across the Puzzel product offering.; Metric Name: Progress; Status: Closed; Current Value: 100%; Activity Date: 2025-07-04 07:17:19 UTC;",,,,,,,,,,,,,,,,,,,,,,,,,,
2789037,3 Puzzel CSMs to be ready for primary lead on CI customers. 3 CI CSMs to be ready for Primary lead on Puzzel core customers,Commercial,Thomas Hammerich,"Kenny Jepsen, Thomas Hammerich",Q2 2025,2025-04-01,2025-06-30,Joint deliverable with Kenny Jepsen. As a initial step towards building one united CS team.,"Collaborate with the Conversational Intelligence CS team, on further enablement both ways, with the aim of ultimately becoming a united team after summer.(weight: 0%, Id: 2789036)",Progress,%,100,Deliverable,Aspirational Goal,0,2025-05-27 08:20:28 UTC,2025-07-04,100,100,Closed,Cross enablement in continous progress and the indviduals that will handle customers across products have been identified and are taking on customers according to the plan.,N/A,Checkin Date: 2025-07-04; User: Thomas Hammerich; Note: Cross enablement in continous progress and the indviduals that will handle customers across products have been identified and are taking on customers according to the plan.; Metric Name: Progress; Status: Closed; Current Value: 100%; Activity Date: 2025-07-04 07:18:49 UTC;,"Checkin Date: 2025-06-30; User: Thomas Hammerich; Note: We have identified and notified the individuals in question on this, and training/enablement is well on the way for them all. So we are on track with this. 

From the Puzzel side the 3 are: 
Christoffer Solstad
Samir B
Salla Svensson; Metric Name: Progress; Status: On Track; Current Value: 100%; Activity Date: 2025-06-30 07:37:36 UTC;",,,,,,,,,,,,,,,,,,,,,,,,,
2789913,Scale the CI Customer Success model to meet increasing demand for AI-powered solutions and reduce churn.,Commercial,Kenny Jepsen,Kenny Jepsen,Q2 2025,2025-04-01,2025-06-30,,"Customer engagement model to improve retention(weight: 0%, Id: 2295793)",Progress,%,100,Objective,Aspirational Goal,0,2025-05-28 06:15:50 UTC,2025-11-10,25,25,Closed,CSM moved to CCO,0.3,Checkin Date: 2025-11-10; User: Roland Green; Note: CSM moved to CCO; Metric Name: Progress; Status: Closed; Current Value: 25%; Activity Date: 2025-11-10 19:59:22 UTC;,Checkin Date: 2025-07-01; User: Kenny Jepsen; Note: I have a suggestive framework and it's shared with the CI CS Team. But we are missing to get a thumbs up to move it forward and start building the packages.; Metric Name: Progress; Status: At Risk; Current Value: 50%; Activity Date: 2025-07-01 19:08:31 UTC;,,,,,,,,,,,,,,,,,,,,,,,,,
2789914,CI scalability plan finalized and shared with the CS team by end of Q2. 100% CSM working with CI ready to adopt by end of Q2,Commercial,Kenny Jepsen,Kenny Jepsen,Q2 2025,2025-04-01,2025-06-30,,"Scale the CI Customer Success model to meet increasing demand for AI-powered solutions and reduce churn.(weight: 50%, Id: 2789913)",Fremskridt,%,100,Key result,Aspirational Goal,0,2025-05-28 06:17:04 UTC,2025-07-01,50,50,At Risk,,,Checkin Date: 2025-07-01; User: Kenny Jepsen; Note: ; Metric Name: Fremskridt; Status: At Risk; Current Value: 50%; Activity Date: 2025-07-01 19:07:07 UTC;,,,,,,,,,,,,,,,,,,,,,,,,,,
2789917,Design and implement a CI scalability framework to guide how Customer Success supports AI solution growth.,Commercial,Kenny Jepsen,Kenny Jepsen,Q2 2025,2025-04-01,2025-06-30,,"CI scalability plan finalized and shared with the CS team by end of Q2. 100% CSM working with CI ready to adopt by end of Q2(weight: 0%, Id: 2789914)",Fremskridt,%,100,Deliverable,Aspirational Goal,0,2025-05-28 06:20:33 UTC,2025-07-01,50,50,At Risk,,,Checkin Date: 2025-07-01; User: Kenny Jepsen; Note: ; Metric Name: Fremskridt; Status: At Risk; Current Value: 50%; Activity Date: 2025-07-01 19:07:17 UTC;,,,,,,,,,,,,,,,,,,,,,,,,,,
2826205,"Present ""packaging"" for the sales and expansion teams before end of Q2",Commercial,Kenny Jepsen,Kenny Jepsen,Q2 2025,2025-04-01,2025-06-30,,"Scale the CI Customer Success model to meet increasing demand for AI-powered solutions and reduce churn.(weight: 50%, Id: 2789913)",Progress,%,100,Key result,Aspirational Goal,0,2025-07-01 19:09:58 UTC,2025-07-01,0,0,Not Started,"Not ready yet
Awaiting invite to initiative on the packaging from Roland, Jo S etc.",,"Checkin Date: 2025-07-01; User: Kenny Jepsen; Note: Not ready yet
Awaiting invite to initiative on the packaging from Roland, Jo S etc.; Metric Name: Progress; Status: Not Started; Current Value: 0%; Activity Date: 2025-07-01 19:12:03 UTC;",,,,,,,,,,,,,,,,,,,,,,,,,,
2826206,Have sessions with the teams to present learnings from the prior onboardings AND present the packaging to ensure customer journey through the entire process,Commercial,Kenny Jepsen,Kenny Jepsen,Q2 2025,2025-04-01,2025-06-30,,"Present ""packaging"" for the sales and expansion teams before end of Q2(weight: 0%, Id: 2826205)",Progress,%,100,Deliverable,Aspirational Goal,0,2025-07-01 19:11:19 UTC,,0,0,Not Started,,,,,,,,,,,,,,,,,,,,,,,,,,,,,
2826207,Keep Q3 Churn to <10m,Commercial,Roland Green,"Roland Green, Thomas Hammerich",Q3 2025,2025-07-01,2025-09-30,,"Customer engagement model to improve retention(weight: 14.29%, Id: 2295793)",Churn,,10,Key result,Aspirational Goal,0,2025-07-01 19:14:22 UTC,2025-11-10,120,12,Closed,12m of churn vs goal of 10m (80%),1,Checkin Date: 2025-11-10; User: Roland Green; Note: 12m of churn vs goal of 10m (80%); Metric Name: Churn; Status: Closed; Current Value: 12; Activity Date: 2025-11-10 19:48:13 UTC;,"Checkin Date: 2025-09-11; User: Roland Green; Note: On track to deliver 11.7m vs goal of 10m so 83% of target, however good progress with CSMM collab evolving the model for our CSMs to focus on B churn issue first whilst securing A.; Metric Name: Churn; Status: On Track; Current Value: 83; Activity Date: 2025-09-11 08:57:54 UTC;","Checkin Date: 2025-08-06; User: Roland Green; Note: July was on track, however 2.5m shifted to Aug, so Q3 forecast is for 12m +; Metric Name: Churn; Status: At Risk; Current Value: 12; Activity Date: 2025-08-06 08:54:15 UTC;",,,,,,,,,,,,,,,,,,,,,,,,
2826208,GRR back to 93% min,Commercial,Roland Green,"Roland Green, Thomas Hammerich",Q3 2025,2025-07-01,2025-09-30,,"Customer engagement model to improve retention(weight: 14.29%, Id: 2295793)",Progress,%,100,Key result,Aspirational Goal,0,2025-07-01 19:15:18 UTC,2025-11-10,96,96,Closed,90%,1,Checkin Date: 2025-11-10; User: Roland Green; Note: 90%; Metric Name: Progress; Status: Closed; Current Value: 96%; Activity Date: 2025-11-10 19:48:43 UTC;,Checkin Date: 2025-09-11; User: Roland Green; Note: Still stuck at 89.5 vs goal of 93%; Metric Name: Progress; Status: On Track; Current Value: 96%; Activity Date: 2025-09-11 09:15:25 UTC;,Checkin Date: 2025-08-06; User: Roland Green; Note: ; Metric Name: Progress; Status: Behind; Current Value: 50%; Activity Date: 2025-08-06 08:56:02 UTC;,Checkin Date: 2025-08-06; User: Roland Green; Note: stuck at 89% currently; Metric Name: Progress; Status: On Track; Current Value: 50%; Activity Date: 2025-08-06 08:55:53 UTC;,,,,,,,,,,,,,,,,,,,,,,,
2829890,"Plan for how we implement GtG and CS plans into Salesforce, so we can get actionable data insights tracked and even automated in the future.",Commercial,Thomas Hammerich,Thomas Hammerich,Q3 2025,2025-07-01,2025-09-30,,"Customer engagement model to improve retention(weight: 0%, Id: 2295793)",Progress,%,100,Objective,Aspirational Goal,0,2025-07-04 07:22:46 UTC,2025-07-04,0,0,Not Started,,,,,,,,,,,,,,,,,,,,,,,,,,,,,
2295796,"Enhance delivery Efficiency, Quality and Security",,Frederic Laziou,"Peter Willemoes Kondrup, Signe Roesgaard-Gran",Annual 2025,2025-01-01,2025-12-31,,"SP2: Customer excellence(weight: 0%, Id: 2295711)",Progress,%,100,Objective,Aspirational Goal,0,2024-12-09 14:54:01 UTC,2025-11-20,0,0,At Risk,,,,,,,,,,,,,,,,,,,,,,,,,,,,,
2433368,Strengthen Security posture,,Jan Rygh,"Niklas Larsson, Signe Roesgaard-Gran",Annual 2025,2025-01-01,2025-12-31,,"Enhance delivery Efficiency, Quality and Security(weight: 0%, Id: 2295796)",Progress,%,100,Objective,Aspirational Goal,0,2025-02-05 08:27:45 UTC,2025-09-27,75,75,On Track,,,Checkin Date: 2025-09-27; User: Signe Roesgaard-Gran; Note: ; Metric Name: Progress; Status: On Track; Current Value: 75%; Activity Date: 2025-09-27 17:33:18 UTC;,,,,,,,,,,,,,,,,,,,,,,,,,,
2433434,Number of vulnerabilities (critical & high) in 3rd party libraries.,,Jan Rygh,Jan Rygh,Annual 2025,2025-08-28,2025-12-30,,"Strengthen Security posture(weight: 12.5%, Id: 2433368)",# vulnerabilities,,0,Key result,Aspirational Goal,1296,2025-02-05 08:41:12 UTC,2025-11-20,36.11111111,828,At Risk,Started from scratch as part of project zero including Virtual Agent and Conversational Intelligence team,,Checkin Date: 2025-11-20; User: Jan Rygh; Note: ; Metric Name: # vulnerabilities; Status: At Risk; Current Value: 828; Activity Date: 2025-11-20 08:25:19 UTC;,Checkin Date: 2025-11-04; User: Jan Rygh; Note: ; Metric Name: # vulnerabilities; Status: Behind; Current Value: 738; Activity Date: 2025-11-04 15:39:08 UTC;,Checkin Date: 2025-10-30; User: Jan Rygh; Note: ; Metric Name: # vulnerabilities; Status: Behind; Current Value: 774; Activity Date: 2025-10-30 08:41:20 UTC;,Checkin Date: 2025-10-23; User: Jan Rygh; Note: ; Metric Name: # vulnerabilities; Status: Behind; Current Value: 781; Activity Date: 2025-10-23 07:32:33 UTC;,Checkin Date: 2025-10-15; User: Jan Rygh; Note: ; Metric Name: # vulnerabilities; Status: On Track; Current Value: 787; Activity Date: 2025-10-15 07:53:55 UTC;,Checkin Date: 2025-09-25; User: Jan Rygh; Note: ; Metric Name: # vulnerabilities; Status: On Track; Current Value: 982; Activity Date: 2025-09-25 07:40:09 UTC;,Checkin Date: 2025-09-17; User: Jan Rygh; Note: ; Metric Name: # vulnerabilities; Status: On Track; Current Value: 989; Activity Date: 2025-09-17 15:11:45 UTC;,Checkin Date: 2025-09-17; User: Jan Rygh; Note: ; Metric Name: # vulnerabilities; Status: On Track; Current Value: 993; Activity Date: 2025-09-17 08:43:55 UTC;,Checkin Date: 2025-09-04; User: Jan Rygh; Note: ; Metric Name: # vulnerabilities; Status: On Track; Current Value: 1.1 K; Activity Date: 2025-09-04 06:30:21 UTC;,Checkin Date: 2025-08-28; User: Jan Rygh; Note: ; Metric Name: # vulnerabilities; Status: On Track; Current Value: 1.3 K; Activity Date: 2025-08-28 09:16:13 UTC;,Checkin Date: 2025-08-28; User: Jan Rygh; Note: ; Metric Name: # vulnerabilities; Status: On Track; Current Value: 1.31 K; Activity Date: 2025-08-28 09:02:21 UTC;,Checkin Date: 2025-08-28; User: Jan Rygh; Note: Started from scratch as part of project zero including Virtual Agent and Conversational Intelligence team; Metric Name: # vulnerabilities; Status: On Track; Current Value: 1.31 K; Activity Date: 2025-08-28 08:58:38 UTC;,Checkin Date: 2025-08-28; User: Jan Rygh; Note: ; Metric Name: # vulnerabilities; Status: On Track; Current Value: 1.31 K; Activity Date: 2025-08-28 08:57:54 UTC;,Checkin Date: 2025-08-21; User: Jan Rygh; Note: ; Metric Name: # vulnerabilities; Status: At Risk; Current Value: 1.27 K; Activity Date: 2025-08-21 08:45:48 UTC;,Checkin Date: 2025-08-21; User: Jan Rygh; Note: Removal of interactive services that still has more than 900 vulnerabilities and Vergic platform qith 150 vulnerabilities; Metric Name: # vulnerabilities; Status: At Risk; Current Value: 1.27 K; Activity Date: 2025-08-21 07:31:48 UTC;,"Checkin Date: 2025-06-02; User: Jan Rygh; Note: Waiting for removal of interactive services that still has more than 900 vulnerabilities.
Core services and WFM has removed a lot of vulnerabilities.; Metric Name: # vulnerabilities; Status: At Risk; Current Value: 1.19 K; Activity Date: 2025-06-02 14:39:04 UTC;",Checkin Date: 2025-02-05; User: Jan Rygh; Note: created; Metric Name: # vulnerabilities; Status: Behind; Current Value: 1.37 K; Activity Date: 2025-02-05 14:57:07 UTC;,,,,,,,,,,
2434897,3rd party vulnerabilities Interactive,,Jan Rygh,Jan Rygh,Annual 2025,2025-01-01,2025-12-31,,"Number of vulnerabilities (critical & high) in 3rd party libraries.(weight: 7.69%, Id: 2433434)",Critical & High vulnerabilities,,0,Key result,Aspirational Goal,952,2025-02-05 14:48:56 UTC,2025-11-20,38.02521008,590,At Risk,Operation zero started to kick in,,Checkin Date: 2025-11-20; User: Jan Rygh; Note: ; Metric Name: Critical & High vulnerabilities; Status: At Risk; Current Value: 590; Activity Date: 2025-11-20 08:23:29 UTC;,Checkin Date: 2025-11-04; User: Jan Rygh; Note: ; Metric Name: Critical & High vulnerabilities; Status: At Risk; Current Value: 583; Activity Date: 2025-11-04 15:39:39 UTC;,Checkin Date: 2025-10-30; User: Jan Rygh; Note: ; Metric Name: Critical & High vulnerabilities; Status: At Risk; Current Value: 583; Activity Date: 2025-10-30 08:40:37 UTC;,Checkin Date: 2025-10-23; User: Jan Rygh; Note: ; Metric Name: Critical & High vulnerabilities; Status: At Risk; Current Value: 627; Activity Date: 2025-10-23 07:28:06 UTC;,Checkin Date: 2025-10-15; User: Jan Rygh; Note: ; Metric Name: Critical & High vulnerabilities; Status: At Risk; Current Value: 627; Activity Date: 2025-10-15 07:51:50 UTC;,Checkin Date: 2025-09-25; User: Jan Rygh; Note: ; Metric Name: Critical & High vulnerabilities; Status: At Risk; Current Value: 749; Activity Date: 2025-09-25 07:40:24 UTC;,Checkin Date: 2025-09-17; User: Jan Rygh; Note: ; Metric Name: Critical & High vulnerabilities; Status: At Risk; Current Value: 739; Activity Date: 2025-09-17 08:40:03 UTC;,Checkin Date: 2025-09-04; User: Jan Rygh; Note: ; Metric Name: Critical & High vulnerabilities; Status: At Risk; Current Value: 853; Activity Date: 2025-09-04 06:23:39 UTC;,Checkin Date: 2025-08-28; User: Jan Rygh; Note: Operation zero started to kick in; Metric Name: Critical & High vulnerabilities; Status: At Risk; Current Value: 871; Activity Date: 2025-08-28 07:45:43 UTC;,Checkin Date: 2025-08-21; User: Jan Rygh; Note: improvement; Metric Name: Critical & High vulnerabilities; Status: At Risk; Current Value: 942; Activity Date: 2025-08-21 08:48:32 UTC;,Checkin Date: 2025-08-21; User: Jan Rygh; Note: ; Metric Name: Critical & High vulnerabilities; Status: At Risk; Current Value: 942; Activity Date: 2025-08-21 07:21:32 UTC;,Checkin Date: 2025-07-07; User: Jan Rygh; Note: ; Metric Name: Critical & High vulnerabilities; Status: At Risk; Current Value: 966; Activity Date: 2025-07-07 12:58:31 UTC;,Checkin Date: 2025-06-30; User: Jan Rygh; Note: ; Metric Name: Critical & High vulnerabilities; Status: At Risk; Current Value: 969; Activity Date: 2025-06-30 14:00:44 UTC;,Checkin Date: 2025-06-19; User: Jan Rygh; Note: No change; Metric Name: Critical & High vulnerabilities; Status: At Risk; Current Value: 963; Activity Date: 2025-06-19 07:40:56 UTC;,Checkin Date: 2025-06-02; User: Jan Rygh; Note: Still wainting for SMS rewrite; Metric Name: Critical & High vulnerabilities; Status: At Risk; Current Value: 962; Activity Date: 2025-06-02 14:37:05 UTC;,Checkin Date: 2025-06-02; User: Jan Rygh; Note: ; Metric Name: Critical & High vulnerabilities; Status: At Risk; Current Value: 962; Activity Date: 2025-06-02 13:54:46 UTC;,Checkin Date: 2025-05-15; User: Jan Rygh; Note: ; Metric Name: Critical & High vulnerabilities; Status: At Risk; Current Value: 957; Activity Date: 2025-05-15 07:19:53 UTC;,Checkin Date: 2025-04-24; User: Jan Rygh; Note: ; Metric Name: Critical & High vulnerabilities; Status: At Risk; Current Value: 957; Activity Date: 2025-04-24 07:38:04 UTC;,Checkin Date: 2025-03-27; User: Jan Rygh; Note: ; Metric Name: Critical & High vulnerabilities; Status: Behind; Current Value: 961; Activity Date: 2025-03-27 09:04:09 UTC;,Checkin Date: 2025-03-10; User: Jan Rygh; Note: ; Metric Name: Critical & High vulnerabilities; Status: Behind; Current Value: 960; Activity Date: 2025-03-10 12:25:22 UTC;,Checkin Date: 2025-02-14; User: Jan Rygh; Note: ; Metric Name: Critical & High vulnerabilities; Status: Behind; Current Value: 960; Activity Date: 2025-02-14 15:56:25 UTC;,Checkin Date: 2025-02-05; User: Jan Rygh; Note: created; Metric Name: Critical & High vulnerabilities; Status: On Track; Current Value: 952; Activity Date: 2025-02-05 14:57:12 UTC;,Checkin Date: 2025-02-05; User: Jan Rygh; Note: ; Metric Name: Critical & High vulnerabilities; Status: On Track; Current Value: 952; Activity Date: 2025-02-05 14:55:06 UTC;,,,,
2434905,3rd party vulnerabilities Core services,,Jan Rygh,Jan Rygh,Annual 2025,2025-01-01,2025-12-31,,"Number of vulnerabilities (critical & high) in 3rd party libraries.(weight: 7.69%, Id: 2433434)",Critical and High vulnerabilities,,0,Key result,Aspirational Goal,268,2025-02-05 14:50:09 UTC,2025-11-20,75.37313433,66,Behind,project zero,,Checkin Date: 2025-11-20; User: Jan Rygh; Note: ; Metric Name: Critical and High vulnerabilities; Status: Behind; Current Value: 66; Activity Date: 2025-11-20 08:23:37 UTC;,Checkin Date: 2025-11-04; User: Jan Rygh; Note: ; Metric Name: Critical and High vulnerabilities; Status: Behind; Current Value: 62; Activity Date: 2025-11-04 15:39:48 UTC;,Checkin Date: 2025-10-30; User: Jan Rygh; Note: ; Metric Name: Critical and High vulnerabilities; Status: Behind; Current Value: 63; Activity Date: 2025-10-30 08:40:53 UTC;,Checkin Date: 2025-10-23; User: Jan Rygh; Note: ; Metric Name: Critical and High vulnerabilities; Status: Behind; Current Value: 62; Activity Date: 2025-10-23 07:28:15 UTC;,Checkin Date: 2025-10-15; User: Jan Rygh; Note: ; Metric Name: Critical and High vulnerabilities; Status: Behind; Current Value: 63; Activity Date: 2025-10-15 07:52:06 UTC;,Checkin Date: 2025-09-25; User: Jan Rygh; Note: ; Metric Name: Critical and High vulnerabilities; Status: Behind; Current Value: 91; Activity Date: 2025-09-25 07:40:33 UTC;,Checkin Date: 2025-09-17; User: Jan Rygh; Note: ; Metric Name: Critical and High vulnerabilities; Status: Behind; Current Value: 108; Activity Date: 2025-09-17 08:40:14 UTC;,Checkin Date: 2025-09-04; User: Jan Rygh; Note: ; Metric Name: Critical and High vulnerabilities; Status: Behind; Current Value: 105; Activity Date: 2025-09-04 06:23:52 UTC;,Checkin Date: 2025-08-28; User: Jan Rygh; Note: project zero; Metric Name: Critical and High vulnerabilities; Status: Behind; Current Value: 109; Activity Date: 2025-08-28 08:48:52 UTC;,Checkin Date: 2025-08-28; User: Jan Rygh; Note: ; Metric Name: Critical and High vulnerabilities; Status: Behind; Current Value: 109; Activity Date: 2025-08-28 07:46:18 UTC;,Checkin Date: 2025-08-21; User: Jan Rygh; Note: ; Metric Name: Critical and High vulnerabilities; Status: Behind; Current Value: 108; Activity Date: 2025-08-21 07:21:53 UTC;,Checkin Date: 2025-07-07; User: Jan Rygh; Note: ; Metric Name: Critical and High vulnerabilities; Status: Behind; Current Value: 140; Activity Date: 2025-07-07 12:58:42 UTC;,Checkin Date: 2025-06-30; User: Jan Rygh; Note: new vulnerabilities discovered in aurelia 3.0.3; Metric Name: Critical and High vulnerabilities; Status: Behind; Current Value: 140; Activity Date: 2025-06-30 14:03:32 UTC;,Checkin Date: 2025-06-30; User: Jan Rygh; Note: ; Metric Name: Critical and High vulnerabilities; Status: Behind; Current Value: 140; Activity Date: 2025-06-30 14:01:09 UTC;,Checkin Date: 2025-06-19; User: Jan Rygh; Note: ctively working on removing vulnerabilities; Metric Name: Critical and High vulnerabilities; Status: On Track; Current Value: 121; Activity Date: 2025-06-19 07:41:39 UTC;,Checkin Date: 2025-06-02; User: Jan Rygh; Note: Good progress; Metric Name: Critical and High vulnerabilities; Status: On Track; Current Value: 134; Activity Date: 2025-06-02 14:37:19 UTC;,Checkin Date: 2025-06-02; User: Jan Rygh; Note: ; Metric Name: Critical and High vulnerabilities; Status: On Track; Current Value: 134; Activity Date: 2025-06-02 13:54:55 UTC;,Checkin Date: 2025-05-15; User: Jan Rygh; Note: ; Metric Name: Critical and High vulnerabilities; Status: At Risk; Current Value: 275; Activity Date: 2025-05-15 07:20:02 UTC;,Checkin Date: 2025-04-24; User: Jan Rygh; Note: ; Metric Name: Critical and High vulnerabilities; Status: At Risk; Current Value: 271; Activity Date: 2025-04-24 07:38:15 UTC;,Checkin Date: 2025-03-27; User: Jan Rygh; Note: ; Metric Name: Critical and High vulnerabilities; Status: Behind; Current Value: 275; Activity Date: 2025-03-27 09:04:20 UTC;,Checkin Date: 2025-03-10; User: Jan Rygh; Note: ; Metric Name: Critical and High vulnerabilities; Status: Behind; Current Value: 268; Activity Date: 2025-03-10 12:25:31 UTC;,Checkin Date: 2025-02-14; User: Jan Rygh; Note: ; Metric Name: Critical and High vulnerabilities; Status: Behind; Current Value: 269; Activity Date: 2025-02-14 15:56:36 UTC;,Checkin Date: 2025-02-05; User: Jan Rygh; Note: created; Metric Name: Critical and High vulnerabilities; Status: On Track; Current Value: 268; Activity Date: 2025-02-05 14:57:18 UTC;,Checkin Date: 2025-02-05; User: Jan Rygh; Note: ; Metric Name: Critical and High vulnerabilities; Status: On Track; Current Value: 268; Activity Date: 2025-02-05 14:54:58 UTC;,,,
2434910,3rd party vulnerabilities WFM,,Jan Rygh,Jan Rygh,Annual 2025,2025-01-01,2025-12-31,,"Number of vulnerabilities (critical & high) in 3rd party libraries.(weight: 7.69%, Id: 2433434)",Critical and High vulnerabilities,,0,Key result,Aspirational Goal,74,2025-02-05 14:50:55 UTC,2025-11-20,100,0,On Track,All vulnerabilties removed,,Checkin Date: 2025-11-20; User: Jan Rygh; Note: ; Metric Name: Critical and High vulnerabilities; Status: On Track; Current Value: 0; Activity Date: 2025-11-20 08:23:44 UTC;,Checkin Date: 2025-11-04; User: Jan Rygh; Note: ; Metric Name: Critical and High vulnerabilities; Status: On Track; Current Value: 3; Activity Date: 2025-11-04 15:40:00 UTC;,Checkin Date: 2025-10-30; User: Jan Rygh; Note: ; Metric Name: Critical and High vulnerabilities; Status: On Track; Current Value: 3; Activity Date: 2025-10-30 08:41:05 UTC;,Checkin Date: 2025-10-23; User: Jan Rygh; Note: ; Metric Name: Critical and High vulnerabilities; Status: On Track; Current Value: 3; Activity Date: 2025-10-23 07:28:27 UTC;,Checkin Date: 2025-10-15; User: Jan Rygh; Note: ; Metric Name: Critical and High vulnerabilities; Status: On Track; Current Value: 0; Activity Date: 2025-10-15 07:52:28 UTC;,Checkin Date: 2025-09-25; User: Jan Rygh; Note: ; Metric Name: Critical and High vulnerabilities; Status: On Track; Current Value: 4; Activity Date: 2025-09-25 07:40:42 UTC;,Checkin Date: 2025-09-17; User: Jan Rygh; Note: ; Metric Name: Critical and High vulnerabilities; Status: On Track; Current Value: 4; Activity Date: 2025-09-17 08:40:25 UTC;,Checkin Date: 2025-09-04; User: Jan Rygh; Note: ; Metric Name: Critical and High vulnerabilities; Status: On Track; Current Value: 0; Activity Date: 2025-09-04 06:24:03 UTC;,Checkin Date: 2025-08-28; User: Jan Rygh; Note: ; Metric Name: Critical and High vulnerabilities; Status: On Track; Current Value: 0; Activity Date: 2025-08-28 08:54:14 UTC;,Checkin Date: 2025-08-28; User: Jan Rygh; Note: All vulnerabilties removed; Metric Name: Critical and High vulnerabilities; Status: On Track; Current Value: 74; Activity Date: 2025-08-28 08:53:59 UTC;,Checkin Date: 2025-08-28; User: Jan Rygh; Note: ; Metric Name: Critical and High vulnerabilities; Status: On Track; Current Value: 0; Activity Date: 2025-08-28 08:53:30 UTC;,Checkin Date: 2025-08-28; User: Jan Rygh; Note: project zero; Metric Name: Critical and High vulnerabilities; Status: On Track; Current Value: 74; Activity Date: 2025-08-28 08:49:00 UTC;,Checkin Date: 2025-08-28; User: Jan Rygh; Note: ; Metric Name: Critical and High vulnerabilities; Status: On Track; Current Value: 0; Activity Date: 2025-08-28 07:46:37 UTC;,Checkin Date: 2025-08-21; User: Jan Rygh; Note: ; Metric Name: Critical and High vulnerabilities; Status: On Track; Current Value: 0; Activity Date: 2025-08-21 07:22:05 UTC;,"Checkin Date: 2025-07-07; User: Jan Rygh; Note: Great, all critical and high removed after moving customers to Puzzel ID; Metric Name: Critical and High vulnerabilities; Status: On Track; Current Value: 0; Activity Date: 2025-07-07 12:59:22 UTC;",Checkin Date: 2025-06-30; User: Jan Rygh; Note: Kudos. All vulnerabilities high and critical removed.; Metric Name: Critical and High vulnerabilities; Status: On Track; Current Value: 74; Activity Date: 2025-06-30 14:04:15 UTC;,Checkin Date: 2025-06-30; User: Jan Rygh; Note: ; Metric Name: Critical and High vulnerabilities; Status: On Track; Current Value: 0; Activity Date: 2025-06-30 14:03:48 UTC;,Checkin Date: 2025-06-19; User: Jan Rygh; Note: No change last 2 weeks; Metric Name: Critical and High vulnerabilities; Status: On Track; Current Value: 25; Activity Date: 2025-06-19 07:42:20 UTC;,Checkin Date: 2025-06-02; User: Jan Rygh; Note: Good progress; Metric Name: Critical and High vulnerabilities; Status: On Track; Current Value: 25; Activity Date: 2025-06-02 14:37:34 UTC;,Checkin Date: 2025-06-02; User: Jan Rygh; Note: ; Metric Name: Critical and High vulnerabilities; Status: On Track; Current Value: 25; Activity Date: 2025-06-02 13:55:05 UTC;,Checkin Date: 2025-05-15; User: Jan Rygh; Note: ; Metric Name: Critical and High vulnerabilities; Status: At Risk; Current Value: 67; Activity Date: 2025-05-15 07:20:12 UTC;,Checkin Date: 2025-04-24; User: Jan Rygh; Note: ; Metric Name: Critical and High vulnerabilities; Status: Behind; Current Value: 67; Activity Date: 2025-04-24 07:38:23 UTC;,Checkin Date: 2025-03-27; User: Jan Rygh; Note: ; Metric Name: Critical and High vulnerabilities; Status: Behind; Current Value: 67; Activity Date: 2025-03-27 09:04:27 UTC;,Checkin Date: 2025-03-10; User: Jan Rygh; Note: ; Metric Name: Critical and High vulnerabilities; Status: Behind; Current Value: 67; Activity Date: 2025-03-10 12:25:39 UTC;,Checkin Date: 2025-02-14; User: Jan Rygh; Note: ; Metric Name: Critical and High vulnerabilities; Status: Behind; Current Value: 74; Activity Date: 2025-02-14 15:56:44 UTC;,Checkin Date: 2025-02-05; User: Jan Rygh; Note: created; Metric Name: Critical and High vulnerabilities; Status: On Track; Current Value: 74; Activity Date: 2025-02-05 14:57:23 UTC;,Checkin Date: 2025-02-05; User: Jan Rygh; Note: ; Metric Name: Critical and High vulnerabilities; Status: On Track; Current Value: 74; Activity Date: 2025-02-05 14:55:13 UTC;
2434913,3rd party vulnerabilities Sales Intelligence,,Jan Rygh,Jan Rygh,Annual 2025,2025-01-01,2025-12-31,,"Number of vulnerabilities (critical & high) in 3rd party libraries.(weight: 7.69%, Id: 2433434)",Critical and high vulnerabilities,,0,Key result,Aspirational Goal,29,2025-02-05 14:51:39 UTC,2025-11-20,0,29,At Risk,Awaiting migration to azure,,Checkin Date: 2025-11-20; User: Jan Rygh; Note: ; Metric Name: Critical and high vulnerabilities; Status: At Risk; Current Value: 29; Activity Date: 2025-11-20 08:23:57 UTC;,Checkin Date: 2025-11-04; User: Jan Rygh; Note: ; Metric Name: Critical and high vulnerabilities; Status: At Risk; Current Value: 28; Activity Date: 2025-11-04 15:40:10 UTC;,Checkin Date: 2025-10-30; User: Jan Rygh; Note: ; Metric Name: Critical and high vulnerabilities; Status: At Risk; Current Value: 28; Activity Date: 2025-10-30 08:41:44 UTC;,Checkin Date: 2025-10-23; User: Jan Rygh; Note: ; Metric Name: Critical and high vulnerabilities; Status: At Risk; Current Value: 28; Activity Date: 2025-10-23 07:28:40 UTC;,Checkin Date: 2025-10-15; User: Jan Rygh; Note: ; Metric Name: Critical and high vulnerabilities; Status: At Risk; Current Value: 28; Activity Date: 2025-10-15 07:52:38 UTC;,Checkin Date: 2025-09-25; User: Jan Rygh; Note: ; Metric Name: Critical and high vulnerabilities; Status: At Risk; Current Value: 28; Activity Date: 2025-09-25 07:40:50 UTC;,Checkin Date: 2025-09-17; User: Jan Rygh; Note: ; Metric Name: Critical and high vulnerabilities; Status: At Risk; Current Value: 28; Activity Date: 2025-09-17 08:40:36 UTC;,Checkin Date: 2025-09-04; User: Jan Rygh; Note: ; Metric Name: Critical and high vulnerabilities; Status: At Risk; Current Value: 28; Activity Date: 2025-09-04 06:24:14 UTC;,Checkin Date: 2025-08-28; User: Jan Rygh; Note: Awaiting migration to azure; Metric Name: Critical and high vulnerabilities; Status: At Risk; Current Value: 28; Activity Date: 2025-08-28 08:50:07 UTC;,Checkin Date: 2025-08-28; User: Jan Rygh; Note: ; Metric Name: Critical and high vulnerabilities; Status: At Risk; Current Value: 28; Activity Date: 2025-08-28 07:46:48 UTC;,Checkin Date: 2025-08-21; User: Jan Rygh; Note: ; Metric Name: Critical and high vulnerabilities; Status: At Risk; Current Value: 28; Activity Date: 2025-08-21 07:22:15 UTC;,Checkin Date: 2025-06-30; User: Jan Rygh; Note: ; Metric Name: Critical and high vulnerabilities; Status: At Risk; Current Value: 29; Activity Date: 2025-06-30 14:04:46 UTC;,Checkin Date: 2025-06-19; User: Jan Rygh; Note: Will not change until migration to Azure is finished; Metric Name: Critical and high vulnerabilities; Status: At Risk; Current Value: 29; Activity Date: 2025-06-19 07:46:01 UTC;,Checkin Date: 2025-06-02; User: Jan Rygh; Note: Waiting for migration to Azure; Metric Name: Critical and high vulnerabilities; Status: At Risk; Current Value: 29; Activity Date: 2025-06-02 14:37:48 UTC;,Checkin Date: 2025-06-02; User: Jan Rygh; Note: ; Metric Name: Critical and high vulnerabilities; Status: At Risk; Current Value: 29; Activity Date: 2025-06-02 13:55:14 UTC;,Checkin Date: 2025-05-15; User: Jan Rygh; Note: ; Metric Name: Critical and high vulnerabilities; Status: At Risk; Current Value: 29; Activity Date: 2025-05-15 07:20:19 UTC;,Checkin Date: 2025-04-24; User: Jan Rygh; Note: ; Metric Name: Critical and high vulnerabilities; Status: At Risk; Current Value: 29; Activity Date: 2025-04-24 07:38:30 UTC;,Checkin Date: 2025-03-27; User: Jan Rygh; Note: ; Metric Name: Critical and high vulnerabilities; Status: Behind; Current Value: 29; Activity Date: 2025-03-27 09:04:37 UTC;,Checkin Date: 2025-03-10; User: Jan Rygh; Note: ; Metric Name: Critical and high vulnerabilities; Status: Behind; Current Value: 29; Activity Date: 2025-03-10 12:25:50 UTC;,Checkin Date: 2025-02-14; User: Jan Rygh; Note: ; Metric Name: Critical and high vulnerabilities; Status: Behind; Current Value: 29; Activity Date: 2025-02-14 15:56:50 UTC;,Checkin Date: 2025-02-05; User: Jan Rygh; Note: created; Metric Name: Critical and high vulnerabilities; Status: On Track; Current Value: 29; Activity Date: 2025-02-05 14:57:31 UTC;,Checkin Date: 2025-02-05; User: Jan Rygh; Note: ; Metric Name: Critical and high vulnerabilities; Status: On Track; Current Value: 29; Activity Date: 2025-02-05 14:55:21 UTC;,,,,,
2434916,3rd party vulnerabilities Digital Engagement,,Jan Rygh,Jan Rygh,Annual 2025,2025-01-01,2025-12-31,,"Number of vulnerabilities (critical & high) in 3rd party libraries.(weight: 7.69%, Id: 2433434)",Critical and High vulnerabilities,,0,Key result,Aspirational Goal,18,2025-02-05 14:52:22 UTC,2025-11-20,0,40,At Risk,Updated some images on vergic classic as part of project zero,,Checkin Date: 2025-11-20; User: Jan Rygh; Note: ; Metric Name: Critical and High vulnerabilities; Status: At Risk; Current Value: 40; Activity Date: 2025-11-20 08:24:05 UTC;,Checkin Date: 2025-11-04; User: Jan Rygh; Note: ; Metric Name: Critical and High vulnerabilities; Status: At Risk; Current Value: 30; Activity Date: 2025-11-04 15:40:21 UTC;,Checkin Date: 2025-10-30; User: Jan Rygh; Note: ; Metric Name: Critical and High vulnerabilities; Status: At Risk; Current Value: 30; Activity Date: 2025-10-30 08:41:55 UTC;,Checkin Date: 2025-10-23; User: Jan Rygh; Note: ; Metric Name: Critical and High vulnerabilities; Status: At Risk; Current Value: 30; Activity Date: 2025-10-23 07:28:52 UTC;,Checkin Date: 2025-10-15; User: Jan Rygh; Note: ; Metric Name: Critical and High vulnerabilities; Status: At Risk; Current Value: 32; Activity Date: 2025-10-15 07:52:54 UTC;,Checkin Date: 2025-09-25; User: Jan Rygh; Note: ; Metric Name: Critical and High vulnerabilities; Status: At Risk; Current Value: 82; Activity Date: 2025-09-25 07:40:59 UTC;,Checkin Date: 2025-09-17; User: Jan Rygh; Note: ; Metric Name: Critical and High vulnerabilities; Status: At Risk; Current Value: 86; Activity Date: 2025-09-17 08:41:03 UTC;,Checkin Date: 2025-09-04; User: Jan Rygh; Note: ; Metric Name: Critical and High vulnerabilities; Status: At Risk; Current Value: 22; Activity Date: 2025-09-04 06:24:21 UTC;,Checkin Date: 2025-08-28; User: Jan Rygh; Note: ; Metric Name: Critical and High vulnerabilities; Status: At Risk; Current Value: 18; Activity Date: 2025-08-28 09:15:06 UTC;,Checkin Date: 2025-08-28; User: Jan Rygh; Note: Updated some images on vergic classic as part of project zero; Metric Name: Critical and High vulnerabilities; Status: At Risk; Current Value: 35; Activity Date: 2025-08-28 07:47:33 UTC;,Checkin Date: 2025-08-28; User: Jan Rygh; Note: ; Metric Name: Critical and High vulnerabilities; Status: At Risk; Current Value: 35; Activity Date: 2025-08-28 07:46:58 UTC;,Checkin Date: 2025-08-21; User: Jan Rygh; Note: New scannings of bot and Vergic classic revealed more vulnerabilities. Depend on sunsetting Vergic platform and Puzzel Bots; Metric Name: Critical and High vulnerabilities; Status: At Risk; Current Value: 162; Activity Date: 2025-08-21 07:30:54 UTC;,Checkin Date: 2025-08-21; User: Jan Rygh; Note: ; Metric Name: Critical and High vulnerabilities; Status: At Risk; Current Value: 162; Activity Date: 2025-08-21 07:29:48 UTC;,Checkin Date: 2025-08-21; User: Jan Rygh; Note: ; Metric Name: Critical and High vulnerabilities; Status: At Risk; Current Value: 14; Activity Date: 2025-08-21 07:29:08 UTC;,Checkin Date: 2025-06-30; User: Jan Rygh; Note: ; Metric Name: Critical and High vulnerabilities; Status: Behind; Current Value: 11; Activity Date: 2025-06-30 14:05:39 UTC;,Checkin Date: 2025-06-30; User: Jan Rygh; Note: ; Metric Name: Critical and High vulnerabilities; Status: At Risk; Current Value: 50; Activity Date: 2025-06-30 14:05:01 UTC;,Checkin Date: 2025-06-19; User: Jan Rygh; Note: Most vulnerabilities in Vergic classic including Bots; Metric Name: Critical and High vulnerabilities; Status: Behind; Current Value: 11; Activity Date: 2025-06-19 07:45:19 UTC;,Checkin Date: 2025-06-02; User: Jan Rygh; Note: Mainly on legacy projects; Metric Name: Critical and High vulnerabilities; Status: On Track; Current Value: 6; Activity Date: 2025-06-02 14:38:28 UTC;,Checkin Date: 2025-06-02; User: Jan Rygh; Note: ; Metric Name: Critical and High vulnerabilities; Status: On Track; Current Value: 6; Activity Date: 2025-06-02 13:55:22 UTC;,Checkin Date: 2025-05-15; User: Jan Rygh; Note: ; Metric Name: Critical and High vulnerabilities; Status: On Track; Current Value: 5; Activity Date: 2025-05-15 09:39:25 UTC;,"Checkin Date: 2025-05-15; User: Jan Rygh; Note: ; Metric Name: Critical and High vulnerabilities; Status: At Risk; Current Value: 24; Activity Date: 2025-05-15 07:20:28 UTC; Comment #1 [2025-05-15 09:11:36 UTC, Pétur Hjartarson]:Lowered to 3.;",Checkin Date: 2025-04-24; User: Jan Rygh; Note: ; Metric Name: Critical and High vulnerabilities; Status: At Risk; Current Value: 21; Activity Date: 2025-04-24 07:38:39 UTC;,Checkin Date: 2025-03-27; User: Jan Rygh; Note: ; Metric Name: Critical and High vulnerabilities; Status: Behind; Current Value: 21; Activity Date: 2025-03-27 09:04:44 UTC;,Checkin Date: 2025-03-10; User: Jan Rygh; Note: ; Metric Name: Critical and High vulnerabilities; Status: Behind; Current Value: 21; Activity Date: 2025-03-10 12:25:57 UTC;,Checkin Date: 2025-02-14; User: Jan Rygh; Note: ; Metric Name: Critical and High vulnerabilities; Status: Behind; Current Value: 18; Activity Date: 2025-02-14 15:56:56 UTC;,Checkin Date: 2025-02-05; User: Jan Rygh; Note: created; Metric Name: Critical and High vulnerabilities; Status: On Track; Current Value: 18; Activity Date: 2025-02-05 14:57:37 UTC;,Checkin Date: 2025-02-05; User: Jan Rygh; Note: ; Metric Name: Critical and High vulnerabilities; Status: On Track; Current Value: 18; Activity Date: 2025-02-05 14:55:27 UTC;
2434921,3rd party vulnerabilities Case Management,,Jan Rygh,Jan Rygh,Annual 2025,2025-01-01,2025-12-31,,"Number of vulnerabilities (critical & high) in 3rd party libraries.(weight: 7.69%, Id: 2433434)",Critical and High vulnerabilities,,0,Key result,Aspirational Goal,12,2025-02-05 14:53:08 UTC,2025-11-20,0,19,At Risk,Detected that scan has no been run for 9 months,,Checkin Date: 2025-11-20; User: Jan Rygh; Note: ; Metric Name: Critical and High vulnerabilities; Status: At Risk; Current Value: 19; Activity Date: 2025-11-20 08:24:18 UTC;,Checkin Date: 2025-11-04; User: Jan Rygh; Note: ; Metric Name: Critical and High vulnerabilities; Status: At Risk; Current Value: 19; Activity Date: 2025-11-04 15:40:31 UTC;,Checkin Date: 2025-10-30; User: Jan Rygh; Note: ; Metric Name: Critical and High vulnerabilities; Status: At Risk; Current Value: 19; Activity Date: 2025-10-30 08:42:06 UTC;,Checkin Date: 2025-10-23; User: Jan Rygh; Note: ; Metric Name: Critical and High vulnerabilities; Status: At Risk; Current Value: 19; Activity Date: 2025-10-23 07:29:05 UTC;,Checkin Date: 2025-10-15; User: Jan Rygh; Note: ; Metric Name: Critical and High vulnerabilities; Status: At Risk; Current Value: 19; Activity Date: 2025-10-15 07:53:05 UTC;,Checkin Date: 2025-09-25; User: Jan Rygh; Note: ; Metric Name: Critical and High vulnerabilities; Status: At Risk; Current Value: 10; Activity Date: 2025-09-25 07:41:11 UTC;,Checkin Date: 2025-09-17; User: Jan Rygh; Note: ; Metric Name: Critical and High vulnerabilities; Status: At Risk; Current Value: 10; Activity Date: 2025-09-17 08:41:17 UTC;,Checkin Date: 2025-09-04; User: Jan Rygh; Note: ; Metric Name: Critical and High vulnerabilities; Status: At Risk; Current Value: 18; Activity Date: 2025-09-04 06:24:29 UTC;,Checkin Date: 2025-08-28; User: Jan Rygh; Note: ; Metric Name: Critical and High vulnerabilities; Status: At Risk; Current Value: 16; Activity Date: 2025-08-28 07:47:44 UTC;,Checkin Date: 2025-08-21; User: Jan Rygh; Note: Detected that scan has no been run for 9 months; Metric Name: Critical and High vulnerabilities; Status: At Risk; Current Value: 16; Activity Date: 2025-08-21 08:49:11 UTC;,Checkin Date: 2025-08-21; User: Jan Rygh; Note: ; Metric Name: Critical and High vulnerabilities; Status: At Risk; Current Value: 16; Activity Date: 2025-08-21 07:28:23 UTC;,Checkin Date: 2025-06-30; User: Jan Rygh; Note: ; Metric Name: Critical and High vulnerabilities; Status: At Risk; Current Value: 12; Activity Date: 2025-06-30 14:06:05 UTC;,Checkin Date: 2025-06-19; User: Jan Rygh; Note: 7 of these are in Customer Portal; Metric Name: Critical and High vulnerabilities; Status: At Risk; Current Value: 12; Activity Date: 2025-06-19 07:47:12 UTC;,Checkin Date: 2025-06-02; User: Jan Rygh; Note: Customer hub; Metric Name: Critical and High vulnerabilities; Status: At Risk; Current Value: 12; Activity Date: 2025-06-02 14:38:39 UTC;,Checkin Date: 2025-06-02; User: Jan Rygh; Note: ; Metric Name: Critical and High vulnerabilities; Status: At Risk; Current Value: 12; Activity Date: 2025-06-02 13:55:31 UTC;,Checkin Date: 2025-05-15; User: Jan Rygh; Note: ; Metric Name: Critical and High vulnerabilities; Status: At Risk; Current Value: 12; Activity Date: 2025-05-15 07:20:37 UTC;,Checkin Date: 2025-04-24; User: Jan Rygh; Note: ; Metric Name: Critical and High vulnerabilities; Status: At Risk; Current Value: 12; Activity Date: 2025-04-24 07:38:44 UTC;,Checkin Date: 2025-03-27; User: Jan Rygh; Note: ; Metric Name: Critical and High vulnerabilities; Status: Behind; Current Value: 12; Activity Date: 2025-03-27 09:04:52 UTC;,Checkin Date: 2025-03-10; User: Jan Rygh; Note: ; Metric Name: Critical and High vulnerabilities; Status: Behind; Current Value: 12; Activity Date: 2025-03-10 12:26:07 UTC;,Checkin Date: 2025-02-14; User: Jan Rygh; Note: ; Metric Name: Critical and High vulnerabilities; Status: Behind; Current Value: 12; Activity Date: 2025-02-14 15:57:04 UTC;,Checkin Date: 2025-02-05; User: Jan Rygh; Note: ; Metric Name: Critical and High vulnerabilities; Status: On Track; Current Value: 12; Activity Date: 2025-02-05 14:55:35 UTC;,,,,,,
2856656,3rd party vulnerabilities Virtual Agent,,Jan Rygh,Jan Rygh,Annual 2025,2025-01-01,2025-12-30,,"Number of vulnerabilities (critical & high) in 3rd party libraries.(weight: 7.69%, Id: 2433434)",Critical and High vulnerabilities,,0,Key result,Aspirational Goal,220,2025-08-21 07:35:56 UTC,2025-11-20,99.54545455,1,On Track,Removed unused repositories and updated some librariies as part of project zero,,Checkin Date: 2025-11-20; User: Jan Rygh; Note: ; Metric Name: Critical and High vulnerabilities; Status: On Track; Current Value: 1; Activity Date: 2025-11-20 08:24:32 UTC;,Checkin Date: 2025-11-04; User: Jan Rygh; Note: ; Metric Name: Critical and High vulnerabilities; Status: On Track; Current Value: 1; Activity Date: 2025-11-04 15:40:39 UTC;,Checkin Date: 2025-10-30; User: Jan Rygh; Note: ; Metric Name: Critical and High vulnerabilities; Status: On Track; Current Value: 3; Activity Date: 2025-10-30 08:43:35 UTC;,Checkin Date: 2025-10-23; User: Jan Rygh; Note: ; Metric Name: Critical and High vulnerabilities; Status: On Track; Current Value: 5; Activity Date: 2025-10-23 07:29:22 UTC;,Checkin Date: 2025-10-15; User: Jan Rygh; Note: ; Metric Name: Critical and High vulnerabilities; Status: On Track; Current Value: 4; Activity Date: 2025-10-15 07:53:15 UTC;,Checkin Date: 2025-09-25; User: Jan Rygh; Note: ; Metric Name: Critical and High vulnerabilities; Status: On Track; Current Value: 1; Activity Date: 2025-09-25 07:41:18 UTC;,Checkin Date: 2025-09-17; User: Jan Rygh; Note: ; Metric Name: Critical and High vulnerabilities; Status: On Track; Current Value: 0; Activity Date: 2025-09-17 08:41:27 UTC;,Checkin Date: 2025-09-04; User: Jan Rygh; Note: ; Metric Name: Critical and High vulnerabilities; Status: On Track; Current Value: 31; Activity Date: 2025-09-04 06:24:40 UTC;,Checkin Date: 2025-08-28; User: Jan Rygh; Note: Removed unused repositories and updated some librariies as part of project zero; Metric Name: Critical and High vulnerabilities; Status: On Track; Current Value: 99; Activity Date: 2025-08-28 07:48:33 UTC;,Checkin Date: 2025-08-28; User: Jan Rygh; Note: ; Metric Name: Critical and High vulnerabilities; Status: On Track; Current Value: 99; Activity Date: 2025-08-28 07:47:59 UTC;,Checkin Date: 2025-08-21; User: Jan Rygh; Note: ; Metric Name: Critical and High vulnerabilities; Status: On Track; Current Value: 220; Activity Date: 2025-08-21 08:50:46 UTC;,Checkin Date: 2025-08-21; User: Jan Rygh; Note: First scans not adjusted; Metric Name: Critical and High vulnerabilities; Status: On Track; Current Value: 220; Activity Date: 2025-08-21 08:42:58 UTC;,Checkin Date: 2025-08-21; User: Jan Rygh; Note: ; Metric Name: Critical and High vulnerabilities; Status: On Track; Current Value: 220; Activity Date: 2025-08-21 07:39:09 UTC;,,,,,,,,,,,,,,
2856714,3rd party vulnerabilities Conversational Intelligence,,Jan Rygh,Jan Rygh,Annual 2025,2025-01-01,2025-12-31,,"Number of vulnerabilities (critical & high) in 3rd party libraries.(weight: 7.69%, Id: 2433434)",3rd party vulnerabilities Critical and High,,0,Key result,Aspirational Goal,173,2025-08-21 08:37:40 UTC,2025-11-20,94.21965318,10,On Track,1 Critical 6 High,,Checkin Date: 2025-11-20; User: Jan Rygh; Note: ; Metric Name: 3rd party vulnerabilities Critical and High; Status: On Track; Current Value: 10; Activity Date: 2025-11-20 08:24:42 UTC;,Checkin Date: 2025-11-04; User: Jan Rygh; Note: ; Metric Name: 3rd party vulnerabilities Critical and High; Status: On Track; Current Value: 0; Activity Date: 2025-11-04 15:40:49 UTC;,Checkin Date: 2025-10-30; User: Jan Rygh; Note: ; Metric Name: 3rd party vulnerabilities Critical and High; Status: Behind; Current Value: 35; Activity Date: 2025-10-30 08:42:29 UTC;,Checkin Date: 2025-10-23; User: Jan Rygh; Note: ; Metric Name: 3rd party vulnerabilities Critical and High; Status: On Track; Current Value: 0; Activity Date: 2025-10-23 07:29:41 UTC;,Checkin Date: 2025-10-15; User: Jan Rygh; Note: ; Metric Name: 3rd party vulnerabilities Critical and High; Status: On Track; Current Value: 0; Activity Date: 2025-10-15 07:53:24 UTC;,Checkin Date: 2025-09-25; User: Jan Rygh; Note: ; Metric Name: 3rd party vulnerabilities Critical and High; Status: On Track; Current Value: 3; Activity Date: 2025-09-25 07:41:32 UTC;,Checkin Date: 2025-09-17; User: Jan Rygh; Note: ; Metric Name: 3rd party vulnerabilities Critical and High; Status: On Track; Current Value: 4; Activity Date: 2025-09-17 08:41:38 UTC;,Checkin Date: 2025-09-15; User: Peter Willemoes Kondrup; Note: 1 Critical 6 High; Metric Name: 3rd party vulnerabilities Critical and High; Status: On Track; Current Value: 7; Activity Date: 2025-09-15 07:38:49 UTC;,Checkin Date: 2025-09-04; User: Jan Rygh; Note: ; Metric Name: 3rd party vulnerabilities Critical and High; Status: On Track; Current Value: 44; Activity Date: 2025-09-04 06:24:49 UTC;,Checkin Date: 2025-08-28; User: Jan Rygh; Note: ; Metric Name: 3rd party vulnerabilities Critical and High; Status: Behind; Current Value: 155; Activity Date: 2025-08-28 07:48:44 UTC;,Checkin Date: 2025-08-21; User: Jan Rygh; Note: ; Metric Name: 3rd party vulnerabilities Critical and High; Status: On Track; Current Value: 173; Activity Date: 2025-08-21 08:50:58 UTC;,Checkin Date: 2025-08-21; User: Jan Rygh; Note: ; Metric Name: 3rd party vulnerabilities Critical and High; Status: On Track; Current Value: 173; Activity Date: 2025-08-21 08:44:22 UTC;,Checkin Date: 2025-08-21; User: Jan Rygh; Note: First scans not adjusted for projects not in production; Metric Name: 3rd party vulnerabilities Critical and High; Status: At Risk; Current Value: 173; Activity Date: 2025-08-21 08:42:39 UTC;,Checkin Date: 2025-08-21; User: Jan Rygh; Note: ; Metric Name: 3rd party vulnerabilities Critical and High; Status: Not Started; Current Value: 173; Activity Date: 2025-08-21 08:41:30 UTC;,,,,,,,,,,,,,
2866783,3rd party vulnerabilities Admin,,Jan Rygh,Jan Rygh,Annual 2025,2025-08-28,2025-12-30,,"Number of vulnerabilities (critical & high) in 3rd party libraries.(weight: 7.69%, Id: 2433434)",3rd party vulnerabilities,,0,Key result,Aspirational Goal,14,2025-09-17 08:43:07 UTC,2025-11-20,0,14,At Risk,Added Flex solutions not previously scanned,,Checkin Date: 2025-11-20; User: Jan Rygh; Note: ; Metric Name: 3rd party vulnerabilities; Status: At Risk; Current Value: 14; Activity Date: 2025-11-20 08:24:59 UTC;,Checkin Date: 2025-11-04; User: Jan Rygh; Note: ; Metric Name: 3rd party vulnerabilities; Status: At Risk; Current Value: 12; Activity Date: 2025-11-04 15:41:02 UTC;,Checkin Date: 2025-10-30; User: Jan Rygh; Note: Added Flex solutions not previously scanned; Metric Name: 3rd party vulnerabilities; Status: At Risk; Current Value: 12; Activity Date: 2025-10-30 08:43:10 UTC;,Checkin Date: 2025-10-30; User: Jan Rygh; Note: ; Metric Name: 3rd party vulnerabilities; Status: At Risk; Current Value: 12; Activity Date: 2025-10-30 08:42:41 UTC;,Checkin Date: 2025-10-23; User: Jan Rygh; Note: ; Metric Name: 3rd party vulnerabilities; Status: On Track; Current Value: 7; Activity Date: 2025-10-23 07:29:54 UTC;,Checkin Date: 2025-10-15; User: Jan Rygh; Note: ; Metric Name: 3rd party vulnerabilities; Status: At Risk; Current Value: 14; Activity Date: 2025-10-15 07:56:42 UTC;,Checkin Date: 2025-10-15; User: Jan Rygh; Note: ; Metric Name: 3rd party vulnerabilities; Status: Behind; Current Value: 11; Activity Date: 2025-10-15 07:53:37 UTC;,Checkin Date: 2025-09-25; User: Jan Rygh; Note: ; Metric Name: 3rd party vulnerabilities; Status: Behind; Current Value: 11; Activity Date: 2025-09-25 07:41:40 UTC;,Checkin Date: 2025-09-17; User: Jan Rygh; Note: ; Metric Name: 3rd party vulnerabilities; Status: On Track; Current Value: 14; Activity Date: 2025-09-17 08:43:24 UTC;,,,,,,,,,,,,,,,,,,
2867070,Critical vulnerabilities in components planned for sunsetting and migration,,Jan Rygh,Jan Rygh,Annual 2025,2025-08-28,2025-12-29,,"Number of vulnerabilities (critical & high) in 3rd party libraries.(weight: 7.69%, Id: 2433434)",3rd party vulnerabilities,,10,Key result,Aspirational Goal,42,2025-09-17 14:56:09 UTC,2025-11-20,6.25,40,Behind,Started measuring from 8th September,,Checkin Date: 2025-11-20; User: Jan Rygh; Note: ; Metric Name: 3rd party vulnerabilities; Status: Behind; Current Value: 40; Activity Date: 2025-11-20 08:30:17 UTC;,Checkin Date: 2025-11-04; User: Jan Rygh; Note: ; Metric Name: 3rd party vulnerabilities; Status: On Track; Current Value: 32; Activity Date: 2025-11-04 15:44:29 UTC;,Checkin Date: 2025-10-30; User: Jan Rygh; Note: ; Metric Name: 3rd party vulnerabilities; Status: On Track; Current Value: 33; Activity Date: 2025-10-30 08:46:02 UTC;,Checkin Date: 2025-10-23; User: Jan Rygh; Note: ; Metric Name: 3rd party vulnerabilities; Status: On Track; Current Value: 35; Activity Date: 2025-10-23 07:34:00 UTC;,Checkin Date: 2025-10-15; User: Jan Rygh; Note: ; Metric Name: 3rd party vulnerabilities; Status: On Track; Current Value: 33; Activity Date: 2025-10-15 07:58:29 UTC;,Checkin Date: 2025-09-25; User: Jan Rygh; Note: ; Metric Name: 3rd party vulnerabilities; Status: On Track; Current Value: 35; Activity Date: 2025-09-25 07:44:23 UTC;,Checkin Date: 2025-09-17; User: Jan Rygh; Note: Started measuring from 8th September; Metric Name: 3rd party vulnerabilities; Status: On Track; Current Value: 36; Activity Date: 2025-09-17 15:16:20 UTC;,Checkin Date: 2025-09-17; User: Jan Rygh; Note: ; Metric Name: 3rd party vulnerabilities; Status: On Track; Current Value: 36; Activity Date: 2025-09-17 15:11:31 UTC;,Checkin Date: 2025-09-08; User: Jan Rygh; Note: ; Metric Name: 3rd party vulnerabilities; Status: On Track; Current Value: 42; Activity Date: 2025-09-17 15:13:20 UTC;,,,,,,,,,,,,,,,,,,
2867071,High vulnerabilities in components planned for sunsetting and migration,,Jan Rygh,Jan Rygh,Annual 2025,2025-08-28,2025-12-29,,"Number of vulnerabilities (critical & high) in 3rd party libraries.(weight: 7.69%, Id: 2433434)",3rd party vulnerabilities,,97,Key result,Aspirational Goal,460,2025-09-17 14:57:08 UTC,2025-11-20,34.7107438,334,Behind,Started measuring from 8th September,,Checkin Date: 2025-11-20; User: Jan Rygh; Note: ; Metric Name: 3rd party vulnerabilities; Status: Behind; Current Value: 334; Activity Date: 2025-11-20 08:30:29 UTC;,Checkin Date: 2025-11-04; User: Jan Rygh; Note: ; Metric Name: 3rd party vulnerabilities; Status: On Track; Current Value: 269; Activity Date: 2025-11-04 15:44:47 UTC;,Checkin Date: 2025-10-30; User: Jan Rygh; Note: ; Metric Name: 3rd party vulnerabilities; Status: On Track; Current Value: 294; Activity Date: 2025-10-30 08:46:15 UTC;,Checkin Date: 2025-10-23; User: Jan Rygh; Note: ; Metric Name: 3rd party vulnerabilities; Status: On Track; Current Value: 265; Activity Date: 2025-10-23 07:34:11 UTC;,Checkin Date: 2025-10-15; User: Jan Rygh; Note: ; Metric Name: 3rd party vulnerabilities; Status: On Track; Current Value: 261; Activity Date: 2025-10-15 07:58:46 UTC;,Checkin Date: 2025-09-25; User: Jan Rygh; Note: ; Metric Name: 3rd party vulnerabilities; Status: On Track; Current Value: 304; Activity Date: 2025-09-25 07:45:04 UTC;,Checkin Date: 2025-09-17; User: Jan Rygh; Note: Started measuring from 8th September; Metric Name: 3rd party vulnerabilities; Status: On Track; Current Value: 393; Activity Date: 2025-09-17 15:16:26 UTC;,Checkin Date: 2025-09-17; User: Jan Rygh; Note: ; Metric Name: 3rd party vulnerabilities; Status: On Track; Current Value: 393; Activity Date: 2025-09-17 15:11:15 UTC;,Checkin Date: 2025-09-08; User: Jan Rygh; Note: ; Metric Name: 3rd party vulnerabilities; Status: On Track; Current Value: 460; Activity Date: 2025-09-17 15:13:54 UTC;,,,,,,,,,,,,,,,,,,
2867072,Critical vulnerabilities in components part of our normal CX Eco System,,Jan Rygh,Jan Rygh,Annual 2025,2025-08-28,2025-12-30,,"Number of vulnerabilities (critical & high) in 3rd party libraries.(weight: 7.69%, Id: 2433434)",3rd party vulnerability,,0,Key result,Aspirational Goal,74,2025-09-17 14:58:35 UTC,2025-11-20,54.05405405,34,At Risk,Started measuring from 8th September,,Checkin Date: 2025-11-20; User: Jan Rygh; Note: ; Metric Name: 3rd party vulnerability; Status: At Risk; Current Value: 34; Activity Date: 2025-11-20 08:30:40 UTC;,Checkin Date: 2025-11-04; User: Jan Rygh; Note: ; Metric Name: 3rd party vulnerability; Status: At Risk; Current Value: 33; Activity Date: 2025-11-04 15:44:58 UTC;,Checkin Date: 2025-10-30; User: Jan Rygh; Note: ; Metric Name: 3rd party vulnerability; Status: Behind; Current Value: 33; Activity Date: 2025-10-30 08:46:23 UTC;,Checkin Date: 2025-10-23; User: Jan Rygh; Note: ; Metric Name: 3rd party vulnerability; Status: Behind; Current Value: 37; Activity Date: 2025-10-23 07:34:25 UTC;,Checkin Date: 2025-10-15; User: Jan Rygh; Note: ; Metric Name: 3rd party vulnerability; Status: Behind; Current Value: 38; Activity Date: 2025-10-15 07:58:57 UTC;,Checkin Date: 2025-09-25; User: Jan Rygh; Note: ; Metric Name: 3rd party vulnerability; Status: On Track; Current Value: 43; Activity Date: 2025-09-25 07:42:31 UTC;,Checkin Date: 2025-09-17; User: Jan Rygh; Note: Started measuring from 8th September; Metric Name: 3rd party vulnerability; Status: On Track; Current Value: 51; Activity Date: 2025-09-17 15:16:31 UTC;,Checkin Date: 2025-09-17; User: Jan Rygh; Note: ; Metric Name: 3rd party vulnerability; Status: On Track; Current Value: 51; Activity Date: 2025-09-17 15:10:31 UTC;,Checkin Date: 2025-09-08; User: Jan Rygh; Note: ; Metric Name: 3rd party vulnerability; Status: On Track; Current Value: 74; Activity Date: 2025-09-17 15:14:23 UTC;,,,,,,,,,,,,,,,,,,
2867073,High vulnerabilities in components part of our normal CX Eco System,,Jan Rygh,Jan Rygh,Annual 2025,2025-08-28,2025-12-30,,"Number of vulnerabilities (critical & high) in 3rd party libraries.(weight: 7.69%, Id: 2433434)",3rd party vulnerabilties,,0,Key result,Aspirational Goal,620,2025-09-17 14:59:41 UTC,2025-11-20,32.25806452,420,At Risk,Started measuring from 8th September,,Checkin Date: 2025-11-20; User: Jan Rygh; Note: ; Metric Name: 3rd party vulnerabilties; Status: At Risk; Current Value: 420; Activity Date: 2025-11-20 08:30:51 UTC;,Checkin Date: 2025-11-04; User: Jan Rygh; Note: ; Metric Name: 3rd party vulnerabilties; Status: At Risk; Current Value: 404; Activity Date: 2025-11-04 15:45:08 UTC;,Checkin Date: 2025-10-30; User: Jan Rygh; Note: ; Metric Name: 3rd party vulnerabilties; Status: At Risk; Current Value: 414; Activity Date: 2025-10-30 08:46:34 UTC;,Checkin Date: 2025-10-23; User: Jan Rygh; Note: ; Metric Name: 3rd party vulnerabilties; Status: At Risk; Current Value: 444; Activity Date: 2025-10-23 07:34:35 UTC;,Checkin Date: 2025-10-15; User: Jan Rygh; Note: ; Metric Name: 3rd party vulnerabilties; Status: Behind; Current Value: 455; Activity Date: 2025-10-15 07:59:12 UTC;,Checkin Date: 2025-09-25; User: Jan Rygh; Note: ; Metric Name: 3rd party vulnerabilties; Status: Behind; Current Value: 600; Activity Date: 2025-09-25 07:42:52 UTC;,Checkin Date: 2025-09-17; User: Jan Rygh; Note: Started measuring from 8th September; Metric Name: 3rd party vulnerabilties; Status: On Track; Current Value: 509; Activity Date: 2025-09-17 15:16:37 UTC;,Checkin Date: 2025-09-17; User: Jan Rygh; Note: ; Metric Name: 3rd party vulnerabilties; Status: On Track; Current Value: 509; Activity Date: 2025-09-17 15:10:15 UTC;,Checkin Date: 2025-09-08; User: Jan Rygh; Note: ; Metric Name: 3rd party vulnerabilties; Status: On Track; Current Value: 620; Activity Date: 2025-09-17 15:14:49 UTC;,,,,,,,,,,,,,,,,,,
2433453,Infrastructure Critical and High Vulnerability Non-Compliance rate,,Jan Rygh,Olav Navelsaker,Annual 2025,2025-01-01,2025-12-31,,"Strengthen Security posture(weight: 12.5%, Id: 2433368)",# vulnerabilities > 60 days,,0,Key result,Aspirational Goal,1113,2025-02-05 08:44:10 UTC,2025-10-10,78.07726864,244,On Track,"New change to the widgets: we scan every week, so changed ""Last seen"" to 7 days, was 30. This will be more correct, and much more motivating to work with, as we will see the progress every week. For the first time I have set this OKR to ""On Track"" @Signe Roesgaard-Gran",,Checkin Date: 2025-10-10; User: Olav Navelsaker; Note: ; Metric Name: # vulnerabilities > 60 days; Status: On Track; Current Value: 244; Activity Date: 2025-10-10 12:50:59 UTC;,Checkin Date: 2025-10-10; User: Olav Navelsaker; Note: ; Metric Name: # vulnerabilities > 60 days; Status: On Track; Current Value: 269; Activity Date: 2025-10-10 10:36:13 UTC;,Checkin Date: 2025-10-08; User: Olav Navelsaker; Note: ; Metric Name: # vulnerabilities > 60 days; Status: On Track; Current Value: 275; Activity Date: 2025-10-08 10:11:27 UTC;,Checkin Date: 2025-10-01; User: Olav Navelsaker; Note: ; Metric Name: # vulnerabilities > 60 days; Status: On Track; Current Value: 372; Activity Date: 2025-10-01 07:10:45 UTC;,Checkin Date: 2025-10-01; User: Olav Navelsaker; Note: ; Metric Name: # vulnerabilities > 60 days; Status: On Track; Current Value: 372; Activity Date: 2025-10-01 06:48:57 UTC;,Checkin Date: 2025-09-24; User: Olav Navelsaker; Note: ; Metric Name: # vulnerabilities > 60 days; Status: On Track; Current Value: 438; Activity Date: 2025-09-24 07:29:52 UTC;,"Checkin Date: 2025-09-17; User: Olav Navelsaker; Note: New change to the widgets: we scan every week, so changed ""Last seen"" to 7 days, was 30. This will be more correct, and much more motivating to work with, as we will see the progress every week. For the first time I have set this OKR to ""On Track"" @Signe Roesgaard-Gran; Metric Name: # vulnerabilities > 60 days; Status: On Track; Current Value: 560; Activity Date: 2025-09-17 09:21:46 UTC;",Checkin Date: 2025-09-17; User: Olav Navelsaker; Note: ; Metric Name: # vulnerabilities > 60 days; Status: On Track; Current Value: 560; Activity Date: 2025-09-17 09:19:30 UTC;,"Checkin Date: 2025-09-04; User: Olav Navelsaker; Note: Change in reporting to make it more accurate, reflect measures like accept for false positives and planned mitigations. Slight improvement, expecting better numbers in the weeks to come after starting an initiativ in Ops0.; Metric Name: # vulnerabilities > 60 days; Status: Behind; Current Value: 980; Activity Date: 2025-09-04 06:17:11 UTC;",Checkin Date: 2025-07-03; User: Olav Navelsaker; Note: Not much change.; Metric Name: # vulnerabilities > 60 days; Status: At Risk; Current Value: 1.12 K; Activity Date: 2025-07-03 11:51:06 UTC;,Checkin Date: 2025-05-23; User: Olav Navelsaker; Note: ; Metric Name: # vulnerabilities > 60 days; Status: At Risk; Current Value: 1 K; Activity Date: 2025-05-23 07:13:19 UTC;,"Checkin Date: 2025-05-23; User: Olav Navelsaker; Note: Status 23/5: 1002 total. 61-90 days progressing, 90+ increasing :(; Metric Name: # vulnerabilities > 60 days; Status: On Track; Current Value: 1.11 K; Activity Date: 2025-05-23 07:12:43 UTC;","Checkin Date: 2025-03-10; User: Olav Navelsaker; Note: Status 12/2: 925 total
Status 10/3: 815 total.; Metric Name: # vulnerabilities > 60 days; Status: On Track; Current Value: 1.11 K; Activity Date: 2025-03-10 13:50:03 UTC;",Checkin Date: 2025-03-10; User: Olav Navelsaker; Note: ; Metric Name: # vulnerabilities > 60 days; Status: On Track; Current Value: 1.11 K; Activity Date: 2025-03-10 13:46:10 UTC;,,,,,,,,,,,,,
2433464,Security Training Completion Rate,,Jan Rygh,Niklas Larsson,Annual 2025,2025-01-01,2025-12-31,,"Strengthen Security posture(weight: 12.5%, Id: 2433368)",Security Training Completion Rate,%,90,Key result,Aspirational Goal,90,2025-02-05 08:46:10 UTC,2025-06-03,0,83,At Risk,,,Checkin Date: 2025-06-03; User: Niklas Larsson; Note: ; Metric Name: Security Training Completion Rate; Status: At Risk; Current Value: 83%; Activity Date: 2025-06-03 08:03:21 UTC;,Checkin Date: 2025-04-04; User: Niklas Larsson; Note: ; Metric Name: Security Training Completion Rate; Status: At Risk; Current Value: 67%; Activity Date: 2025-04-04 08:41:33 UTC;,Checkin Date: 2025-03-10; User: Niklas Larsson; Note: ; Metric Name: Security Training Completion Rate; Status: At Risk; Current Value: 87%; Activity Date: 2025-03-10 14:41:26 UTC;,,,,,,,,,,,,,,,,,,,,,,,,
2433468,Employee Phishing Simulation Click Rate,,Jan Rygh,Niklas Larsson,Annual 2025,2025-01-01,2025-12-31,,"Strengthen Security posture(weight: 12.5%, Id: 2433368)",Employee Phishing Simulation Click Rate,%,5,Key result,Aspirational Goal,5,2025-02-05 08:47:02 UTC,2025-06-03,100,1.67,On Track,,,Checkin Date: 2025-06-03; User: Niklas Larsson; Note: ; Metric Name: Employee Phishing Simulation Click Rate; Status: On Track; Current Value: 1.67%; Activity Date: 2025-06-03 08:02:33 UTC;,Checkin Date: 2025-04-04; User: Niklas Larsson; Note: ; Metric Name: Employee Phishing Simulation Click Rate; Status: At Risk; Current Value: 20%; Activity Date: 2025-04-04 08:42:38 UTC;,,,,,,,,,,,,,,,,,,,,,,,,,
2792827,ISO 27001 Secureframe tests pass,,Niklas Larsson,Niklas Larsson,Annual 2025,2025-01-01,2025-12-31,,"Strengthen Security posture(weight: 12.5%, Id: 2433368)",Passed tests,%,100,Key result,Aspirational Goal,0,2025-06-03 08:10:08 UTC,2025-09-17,11,11,On Track,,,Checkin Date: 2025-09-17; User: Niklas Larsson; Note: ; Metric Name: Passed tests; Status: On Track; Current Value: 11%; Activity Date: 2025-09-17 13:58:15 UTC;,Checkin Date: 2025-06-03; User: Niklas Larsson; Note: ; Metric Name: Passed tests; Status: On Track; Current Value: 9%; Activity Date: 2025-06-03 08:10:42 UTC;,,,,,,,,,,,,,,,,,,,,,,,,,
2792830,SOC 2 Secureframe test pass,,Niklas Larsson,Niklas Larsson,Annual 2025,2025-01-01,2025-12-31,,"Strengthen Security posture(weight: 12.5%, Id: 2433368)",Passed tests,%,100,Key result,Aspirational Goal,0,2025-06-03 08:12:19 UTC,2025-09-17,14,14,On Track,,,Checkin Date: 2025-09-17; User: Niklas Larsson; Note: ; Metric Name: Passed tests; Status: On Track; Current Value: 14%; Activity Date: 2025-09-17 13:58:37 UTC;,Checkin Date: 2025-06-03; User: Niklas Larsson; Note: ; Metric Name: Passed tests; Status: On Track; Current Value: 13%; Activity Date: 2025-06-03 08:13:32 UTC;,,,,,,,,,,,,,,,,,,,,,,,,,
2792831,ISO 277001 Secureframe Test pass,,Niklas Larsson,Niklas Larsson,Annual 2025,2025-01-01,2025-12-31,,"Strengthen Security posture(weight: 12.5%, Id: 2433368)",Tests passed,%,100,Key result,Aspirational Goal,0,2025-06-03 08:12:58 UTC,2025-09-17,14,14,On Track,,,Checkin Date: 2025-09-17; User: Niklas Larsson; Note: ; Metric Name: Tests passed; Status: On Track; Current Value: 14%; Activity Date: 2025-09-17 13:59:07 UTC;,Checkin Date: 2025-06-03; User: Niklas Larsson; Note: ; Metric Name: Tests passed; Status: On Track; Current Value: 15%; Activity Date: 2025-06-03 08:13:50 UTC;,,,,,,,,,,,,,,,,,,,,,,,,,
2793655,Complete security team in place,,Niklas Larsson,Niklas Larsson,Annual 2025,2025-01-01,2025-12-31,,"Strengthen Security posture(weight: 12.5%, Id: 2433368)",Progress,%,100,Key result,Aspirational Goal,0,2025-06-04 06:06:34 UTC,2025-06-04,90,90,On Track,Application security engineer recruited. Will start July 1,,Checkin Date: 2025-06-04; User: Niklas Larsson; Note: Application security engineer recruited. Will start July 1; Metric Name: Progress; Status: On Track; Current Value: 90%; Activity Date: 2025-06-04 06:07:27 UTC;,,,,,,,,,,,,,,,,,,,,,,,,,,
2433484,Modernize platform,,Jan Rygh,Signe Roesgaard-Gran,Annual 2025,2025-01-01,2025-12-31,,"Enhance delivery Efficiency, Quality and Security(weight: 0%, Id: 2295796)",Progress,%,100,Objective,Aspirational Goal,0,2025-02-05 08:50:17 UTC,2025-11-20,70,70,Behind,,,,,,,,,,,,,,,,,,,,,,,,,,,,,
2433516,Kubernetes Adoption Rate,,Jan Rygh,Jan Rygh,Annual 2025,2025-01-01,2025-12-31,,"Modernize platform(weight: 11.11%, Id: 2433484)",% of stateless components migrated to Kubernetes,%,50,Key result,Aspirational Goal,34,2025-02-05 09:00:38 UTC,2025-11-20,193.75,65,On Track,"Modernization project in Core Services, Agent, SI and Admin showing results",,Checkin Date: 2025-11-20; User: Jan Rygh; Note: ; Metric Name: % of stateless components migrated to Kubernetes; Status: On Track; Current Value: 65%; Activity Date: 2025-11-20 09:02:51 UTC;,"Checkin Date: 2025-10-15; User: Jan Rygh; Note: Modernization project in Core Services, Agent, SI and Admin showing results; Metric Name: % of stateless components migrated to Kubernetes; Status: On Track; Current Value: 65%; Activity Date: 2025-10-15 08:41:22 UTC;",Checkin Date: 2025-10-15; User: Jan Rygh; Note: ; Metric Name: % of stateless components migrated to Kubernetes; Status: On Track; Current Value: 65%; Activity Date: 2025-10-15 08:40:20 UTC;,Checkin Date: 2025-09-29; User: Jan Rygh; Note: ; Metric Name: % of stateless components migrated to Kubernetes; Status: On Track; Current Value: 60%; Activity Date: 2025-09-29 21:01:22 UTC;,Checkin Date: 2025-06-02; User: Jan Rygh; Note: SI moving closer to releasing in Azure containers; Metric Name: % of stateless components migrated to Kubernetes; Status: On Track; Current Value: 55%; Activity Date: 2025-06-02 13:53:48 UTC;,Checkin Date: 2025-06-02; User: Jan Rygh; Note: ; Metric Name: % of stateless components migrated to Kubernetes; Status: On Track; Current Value: 55%; Activity Date: 2025-06-02 13:53:20 UTC;,Checkin Date: 2025-05-15; User: Jan Rygh; Note: ; Metric Name: % of stateless components migrated to Kubernetes; Status: Behind; Current Value: 36%; Activity Date: 2025-05-15 07:50:13 UTC;,Checkin Date: 2025-03-27; User: Jan Rygh; Note: ; Metric Name: % of stateless components migrated to Kubernetes; Status: Behind; Current Value: 35%; Activity Date: 2025-03-27 09:05:08 UTC;,Checkin Date: 2025-03-10; User: Jan Rygh; Note: ; Metric Name: % of stateless components migrated to Kubernetes; Status: Behind; Current Value: 35%; Activity Date: 2025-03-10 12:24:28 UTC;,Checkin Date: 2025-02-05; User: Jan Rygh; Note: ; Metric Name: % of stateless components migrated to Kubernetes; Status: On Track; Current Value: 34%; Activity Date: 2025-02-05 14:55:51 UTC;,,,,,,,,,,,,,,,,,
2433561,% of TMs generic,,Jan Rygh,Olav Navelsaker,Annual 2025,2025-01-01,2025-12-31,,"Modernize platform(weight: 11.11%, Id: 2433484)",% of TMs generic,%,80,Key result,Aspirational Goal,10,2025-02-05 09:13:50 UTC,2025-09-04,0,10,On Track,Project is progressing. The percentage will not move until we have a clear deployment plan for the gen TMs. After that it will progress fast.,,Checkin Date: 2025-09-04; User: Olav Navelsaker; Note: ; Metric Name: % of TMs generic; Status: On Track; Current Value: 10%; Activity Date: 2025-09-04 06:18:09 UTC;,Checkin Date: 2025-07-03; User: Olav Navelsaker; Note: Project is progressing. The percentage will not move until we have a clear deployment plan for the gen TMs. After that it will progress fast.; Metric Name: % of TMs generic; Status: On Track; Current Value: 10%; Activity Date: 2025-07-03 11:52:26 UTC;,Checkin Date: 2025-05-23; User: Olav Navelsaker; Note: Project is on track 23 May 25.; Metric Name: % of TMs generic; Status: On Track; Current Value: 10%; Activity Date: 2025-05-23 07:15:03 UTC;,Checkin Date: 2025-03-10; User: Olav Navelsaker; Note: Planning phase; Metric Name: % of TMs generic; Status: On Track; Current Value: 10%; Activity Date: 2025-03-10 08:46:50 UTC;,,,,,,,,,,,,,,,,,,,,,,,
2433945,System Coverage for Observability,,Jan Rygh,Jan Rygh,Annual 2025,2025-01-01,2025-12-31,,"Modernize platform(weight: 11.11%, Id: 2433484)","% of systems/services instrumented for logging, tracing, and metrics",%,70,Key result,Aspirational Goal,45,2025-02-05 11:08:37 UTC,2025-11-20,0,45,At Risk,"Stefan has had a go through with all teams, and this is now adjusted according to templates made for how to measure observability coverage",,"Checkin Date: 2025-11-20; User: Jan Rygh; Note: ; Metric Name: % of systems/services instrumented for logging, tracing, and metrics; Status: At Risk; Current Value: 45%; Activity Date: 2025-11-20 09:13:33 UTC;","Checkin Date: 2025-10-15; User: Jan Rygh; Note: ; Metric Name: % of systems/services instrumented for logging, tracing, and metrics; Status: At Risk; Current Value: 45%; Activity Date: 2025-10-15 09:48:49 UTC;","Checkin Date: 2025-09-29; User: Jan Rygh; Note: ; Metric Name: % of systems/services instrumented for logging, tracing, and metrics; Status: At Risk; Current Value: 44%; Activity Date: 2025-09-29 21:02:05 UTC;","Checkin Date: 2025-06-02; User: Jan Rygh; Note: Stefan has had a go through with all teams, and this is now adjusted according to templates made for how to measure observability coverage; Metric Name: % of systems/services instrumented for logging, tracing, and metrics; Status: At Risk; Current Value: 52%; Activity Date: 2025-06-02 14:07:25 UTC;","Checkin Date: 2025-06-02; User: Jan Rygh; Note: ; Metric Name: % of systems/services instrumented for logging, tracing, and metrics; Status: At Risk; Current Value: 52%; Activity Date: 2025-06-02 14:06:21 UTC;","Checkin Date: 2025-03-27; User: Jan Rygh; Note: ; Metric Name: % of systems/services instrumented for logging, tracing, and metrics; Status: Behind; Current Value: 47%; Activity Date: 2025-03-27 09:12:04 UTC;","Checkin Date: 2025-03-10; User: Jan Rygh; Note: ; Metric Name: % of systems/services instrumented for logging, tracing, and metrics; Status: Behind; Current Value: 46%; Activity Date: 2025-03-10 12:26:21 UTC;","Checkin Date: 2025-02-05; User: Jan Rygh; Note: Definition not set yet, so estimated number; Metric Name: % of systems/services instrumented for logging, tracing, and metrics; Status: Behind; Current Value: 45%; Activity Date: 2025-02-05 14:58:50 UTC;","Checkin Date: 2025-02-05; User: Jan Rygh; Note: ; Metric Name: % of systems/services instrumented for logging, tracing, and metrics; Status: Behind; Current Value: 45%; Activity Date: 2025-02-05 14:56:22 UTC;","Checkin Date: 2025-02-05; User: Jan Rygh; Note: ; Metric Name: % of systems/services instrumented for logging, tracing, and metrics; Status: Behind; Current Value: 45%; Activity Date: 2025-02-05 14:56:03 UTC;",,,,,,,,,,,,,,,,,
2433954,Alerting Completeness Rate,,Jan Rygh,Jan Rygh,Annual 2025,2025-01-01,2025-12-31,,"Modernize platform(weight: 11.11%, Id: 2433484)",% of key operations with adequate alerting,%,60,Key result,Aspirational Goal,30,2025-02-05 11:10:02 UTC,2025-11-20,13.33333333,34,At Risk,"Stefan has had a go through with all teams, and this is now adjusted according to templates made for how to measure alerting coverage",,Checkin Date: 2025-11-20; User: Jan Rygh; Note: ; Metric Name: % of key operations with adequate alerting; Status: At Risk; Current Value: 34%; Activity Date: 2025-11-20 09:13:44 UTC;,Checkin Date: 2025-10-15; User: Jan Rygh; Note: ; Metric Name: % of key operations with adequate alerting; Status: At Risk; Current Value: 34%; Activity Date: 2025-10-15 09:48:59 UTC;,Checkin Date: 2025-09-29; User: Jan Rygh; Note: ; Metric Name: % of key operations with adequate alerting; Status: At Risk; Current Value: 33%; Activity Date: 2025-09-29 21:02:30 UTC;,"Checkin Date: 2025-06-02; User: Jan Rygh; Note: Stefan has had a go through with all teams, and this is now adjusted according to templates made for how to measure alerting coverage; Metric Name: % of key operations with adequate alerting; Status: At Risk; Current Value: 34%; Activity Date: 2025-06-02 14:08:55 UTC;",Checkin Date: 2025-06-02; User: Jan Rygh; Note: ; Metric Name: % of key operations with adequate alerting; Status: At Risk; Current Value: 34%; Activity Date: 2025-06-02 14:08:40 UTC;,Checkin Date: 2025-03-27; User: Jan Rygh; Note: ; Metric Name: % of key operations with adequate alerting; Status: Behind; Current Value: 32%; Activity Date: 2025-03-27 09:12:11 UTC;,Checkin Date: 2025-03-10; User: Jan Rygh; Note: ; Metric Name: % of key operations with adequate alerting; Status: Behind; Current Value: 30%; Activity Date: 2025-03-10 12:26:28 UTC;,"Checkin Date: 2025-02-05; User: Jan Rygh; Note: Definition not set yet, so estimated number; Metric Name: % of key operations with adequate alerting; Status: Behind; Current Value: 30%; Activity Date: 2025-02-05 14:58:42 UTC;",,,,,,,,,,,,,,,,,,,
2433961,Average number of TM warnings per day,,Jan Rygh,"Jan Rygh, Jon Magnus Hushovd, Sofia Rossi",Annual 2025,2025-01-01,2025-12-31,,"Modernize platform(weight: 11.11%, Id: 2433484)",Average number of TM warnings per day,,3000,Key result,Aspirational Goal,150000,2025-02-05 11:13:02 UTC,2025-11-20,0,220000,At Risk,Its is increasing rapidly,,Checkin Date: 2025-11-20; User: Jan Rygh; Note: ; Metric Name: Average number of TM warnings per day; Status: At Risk; Current Value: 220 K; Activity Date: 2025-11-20 10:04:56 UTC;,Checkin Date: 2025-10-30; User: Jan Rygh; Note: ; Metric Name: Average number of TM warnings per day; Status: At Risk; Current Value: 215 K; Activity Date: 2025-10-30 08:55:51 UTC;,Checkin Date: 2025-10-23; User: Jan Rygh; Note: ; Metric Name: Average number of TM warnings per day; Status: At Risk; Current Value: 255 K; Activity Date: 2025-10-23 10:24:44 UTC;,Checkin Date: 2025-10-15; User: Jan Rygh; Note: Its is increasing rapidly; Metric Name: Average number of TM warnings per day; Status: At Risk; Current Value: 340 K; Activity Date: 2025-10-15 09:52:35 UTC;,Checkin Date: 2025-10-15; User: Jan Rygh; Note: ; Metric Name: Average number of TM warnings per day; Status: At Risk; Current Value: 340 K; Activity Date: 2025-10-15 09:51:54 UTC;,Checkin Date: 2025-09-29; User: Jan Rygh; Note: ; Metric Name: Average number of TM warnings per day; Status: At Risk; Current Value: 281 K; Activity Date: 2025-09-29 21:14:45 UTC;,Checkin Date: 2025-07-07; User: Jan Rygh; Note: A peek in result taken down after misconfiguration on BoSe; Metric Name: Average number of TM warnings per day; Status: At Risk; Current Value: 151 K; Activity Date: 2025-07-07 13:11:41 UTC;,"Checkin Date: 2025-07-03; User: Jan Rygh; Note: Monday and tuesday this week was high, above 200k warnings.; Metric Name: Average number of TM warnings per day; Status: At Risk; Current Value: 205 K; Activity Date: 2025-07-03 07:40:05 UTC;",Checkin Date: 2025-06-02; User: Jan Rygh; Note: See no real reduction of warnings; Metric Name: Average number of TM warnings per day; Status: Behind; Current Value: 125 K; Activity Date: 2025-06-02 14:23:36 UTC;,Checkin Date: 2025-06-02; User: Jan Rygh; Note: ; Metric Name: Average number of TM warnings per day; Status: Behind; Current Value: 125 K; Activity Date: 2025-06-02 14:22:55 UTC;,Checkin Date: 2025-05-15; User: Jan Rygh; Note: ; Metric Name: Average number of TM warnings per day; Status: Behind; Current Value: 116 K; Activity Date: 2025-05-15 08:28:18 UTC;,Checkin Date: 2025-03-27; User: Jan Rygh; Note: ; Metric Name: Average number of TM warnings per day; Status: On Track; Current Value: 115 K; Activity Date: 2025-03-27 09:21:40 UTC;,Checkin Date: 2025-03-10; User: Jan Rygh; Note: ; Metric Name: Average number of TM warnings per day; Status: On Track; Current Value: 112 K; Activity Date: 2025-03-10 12:32:30 UTC;,Checkin Date: 2025-02-28; User: Jan Rygh; Note: Fixed Virtual Agent software and error in IF e-task script; Metric Name: Average number of TM warnings per day; Status: On Track; Current Value: 120 K; Activity Date: 2025-02-28 09:16:37 UTC;,Checkin Date: 2025-02-25; User: Jan Rygh; Note: ; Metric Name: Average number of TM warnings per day; Status: Behind; Current Value: 180 K; Activity Date: 2025-02-25 13:55:16 UTC;,Checkin Date: 2025-02-05; User: Jan Rygh; Note: ; Metric Name: Average number of TM warnings per day; Status: Behind; Current Value: 200 K; Activity Date: 2025-02-05 14:56:32 UTC;,Checkin Date: 2025-02-04; User: Jan Rygh; Note: ; Metric Name: Average number of TM warnings per day; Status: Behind; Current Value: 200 K; Activity Date: 2025-02-25 13:56:40 UTC;,Checkin Date: 2025-01-02; User: Jan Rygh; Note: Updated numbers; Metric Name: Average number of TM warnings per day; Status: On Track; Current Value: 195 K; Activity Date: 2025-02-25 15:07:57 UTC;,,,,,,,,,
2437124,(Dora) Deployment Frequency,,Jan Rygh,Ulf Sahlin,Annual 2025,2025-01-01,2025-12-31,,"Modernize platform(weight: 11.11%, Id: 2433484)",Number of deployments per week,,45,Key result,Aspirational Goal,25,2025-02-06 10:42:45 UTC,2025-09-30,22.55,29.51,Behind,Numbers based on interviews/monthly checkin,,Checkin Date: 2025-09-30; User: Signe Roesgaard-Gran; Note: ; Metric Name: Number of deployments per week; Status: Behind; Current Value: 29.51; Activity Date: 2025-09-30 06:24:47 UTC;,Checkin Date: 2025-09-30; User: Ulf Sahlin; Note: Numbers based on interviews/monthly checkin; Metric Name: Number of deployments per week; Status: At Risk; Current Value: 29.51; Activity Date: 2025-09-30 05:46:27 UTC;,,,,,,,,,,,,,,,,,,,,,,,,,
2437135,Deployment Frequency - Admin,,Jan Rygh,Ulf Sahlin,Annual 2025,2025-01-01,2025-12-31,,"(Dora) Deployment Frequency(weight: 12.5%, Id: 2437124)",Deployments per week,,10,Key result,Aspirational Goal,7.33,2025-02-06 10:45:36 UTC,2025-09-29,0,5,At Risk,Operation Zero Phase 2 will allow the PCC Admin team to deploy more frequently,,Checkin Date: 2025-09-29; User: Ulf Sahlin; Note: Operation Zero Phase 2 will allow the PCC Admin team to deploy more frequently; Metric Name: Deployments per week; Status: At Risk; Current Value: 5; Activity Date: 2025-09-29 11:22:11 UTC;,Checkin Date: 2025-02-06; User: Jan Rygh; Note: ; Metric Name: Deployments per week; Status: On Track; Current Value: 7.33; Activity Date: 2025-02-06 10:57:26 UTC;,,,,,,,,,,,,,,,,,,,,,,,,,
2437140,Deployment frequency - Agent,,Jan Rygh,Ulf Sahlin,Annual 2025,2025-01-01,2025-12-31,,"(Dora) Deployment Frequency(weight: 12.5%, Id: 2437124)",Number of deployments per week,,8.5,Key result,Aspirational Goal,4.33,2025-02-06 10:47:26 UTC,2025-09-29,16.06714628,5,On Track,"High variance in the deployment count, likely due to OpZero",,"Checkin Date: 2025-09-29; User: Ulf Sahlin; Note: High variance in the deployment count, likely due to OpZero; Metric Name: Number of deployments per week; Status: On Track; Current Value: 5; Activity Date: 2025-09-29 11:24:17 UTC;",Checkin Date: 2025-02-06; User: Jan Rygh; Note: ; Metric Name: Number of deployments per week; Status: On Track; Current Value: 4.33; Activity Date: 2025-02-06 10:57:38 UTC;,,,,,,,,,,,,,,,,,,,,,,,,,
2437151,Deployment Frequency - AI Fundation,,Jan Rygh,Ulf Sahlin,Annual 2025,2025-01-01,2025-12-31,,"(Dora) Deployment Frequency(weight: 12.5%, Id: 2437124)",Number of deployments per week,,1,Key result,Aspirational Goal,0.33,2025-02-06 10:49:36 UTC,2025-09-29,100,1,On Track,,,Checkin Date: 2025-09-29; User: Ulf Sahlin; Note: ; Metric Name: Number of deployments per week; Status: On Track; Current Value: 1; Activity Date: 2025-09-29 13:38:43 UTC;,Checkin Date: 2025-02-06; User: Jan Rygh; Note: ; Metric Name: Number of deployments per week; Status: On Track; Current Value: 0.33; Activity Date: 2025-02-06 10:58:00 UTC;,,,,,,,,,,,,,,,,,,,,,,,,,
2437156,Deployment Frequency - Case Management,,Jan Rygh,Ulf Sahlin,Annual 2025,2025-01-01,2025-12-31,,"(Dora) Deployment Frequency(weight: 12.5%, Id: 2437124)",Number of deployments per week,,1.5,Key result,Aspirational Goal,0.67,2025-02-06 10:51:12 UTC,2025-09-29,160.2409639,2,On Track,,,Checkin Date: 2025-09-29; User: Ulf Sahlin; Note: ; Metric Name: Number of deployments per week; Status: On Track; Current Value: 2; Activity Date: 2025-09-29 13:15:31 UTC;,Checkin Date: 2025-02-06; User: Jan Rygh; Note: ; Metric Name: Number of deployments per week; Status: On Track; Current Value: 0.67; Activity Date: 2025-02-06 10:57:56 UTC;,,,,,,,,,,,,,,,,,,,,,,,,,
2437159,Deployment Frequency - Core Services,,Jan Rygh,Ulf Sahlin,Annual 2025,2025-01-01,2025-12-31,,"(Dora) Deployment Frequency(weight: 12.5%, Id: 2437124)",Number of deployments per week,,6,Key result,Aspirational Goal,4.33,2025-02-06 10:52:04 UTC,2025-09-29,0,4,Behind,,,Checkin Date: 2025-09-29; User: Ulf Sahlin; Note: ; Metric Name: Number of deployments per week; Status: Behind; Current Value: 4; Activity Date: 2025-09-29 13:37:16 UTC;,Checkin Date: 2025-02-06; User: Jan Rygh; Note: ; Metric Name: Number of deployments per week; Status: On Track; Current Value: 4.33; Activity Date: 2025-02-06 10:58:06 UTC;,,,,,,,,,,,,,,,,,,,,,,,,,
2437162,Deployment Frequency - SI,,Jan Rygh,Ulf Sahlin,Annual 2025,2025-01-01,2025-12-31,,"(Dora) Deployment Frequency(weight: 12.5%, Id: 2437124)",Number of deployments per week,,1.5,Key result,Aspirational Goal,1,2025-02-06 10:53:10 UTC,2025-09-29,0,0.5,At Risk,,,Checkin Date: 2025-09-29; User: Ulf Sahlin; Note: ; Metric Name: Number of deployments per week; Status: At Risk; Current Value: 0.5; Activity Date: 2025-09-29 13:37:38 UTC;,Checkin Date: 2025-02-06; User: Jan Rygh; Note: ; Metric Name: Number of deployments per week; Status: On Track; Current Value: 1; Activity Date: 2025-02-06 10:58:11 UTC;,,,,,,,,,,,,,,,,,,,,,,,,,
2437177,Deployment Frequency - Web Engage,,Jan Rygh,Ulf Sahlin,Annual 2025,2025-01-01,2025-12-31,,"(Dora) Deployment Frequency(weight: 12.5%, Id: 2437124)",Number of deployments per week,,9,Key result,Aspirational Goal,6,2025-02-06 10:55:06 UTC,2025-09-29,133.3333333,10,On Track,,,Checkin Date: 2025-09-29; User: Ulf Sahlin; Note: ; Metric Name: Number of deployments per week; Status: On Track; Current Value: 10; Activity Date: 2025-09-29 13:37:54 UTC;,Checkin Date: 2025-02-06; User: Jan Rygh; Note: ; Metric Name: Number of deployments per week; Status: On Track; Current Value: 6; Activity Date: 2025-02-06 10:58:16 UTC;,,,,,,,,,,,,,,,,,,,,,,,,,
2437180,Deployment Frequency - WFM,,Jan Rygh,Ulf Sahlin,Annual 2025,2025-01-01,2025-12-31,,"(Dora) Deployment Frequency(weight: 12.5%, Id: 2437124)",Number of Deployments per week,,1,Key result,Aspirational Goal,0,2025-02-06 10:56:11 UTC,2025-09-29,100,1,On Track,,,Checkin Date: 2025-09-29; User: Ulf Sahlin; Note: ; Metric Name: Number of Deployments per week; Status: On Track; Current Value: 1; Activity Date: 2025-09-29 13:38:08 UTC;,Checkin Date: 2025-02-06; User: Jan Rygh; Note: ; Metric Name: Number of Deployments per week; Status: On Track; Current Value: 0; Activity Date: 2025-02-06 10:58:23 UTC;,,,,,,,,,,,,,,,,,,,,,,,,,
2437189,(Dora) Deployment Failure Rate,,Jan Rygh,Ulf Sahlin,Annual 2025,2025-01-01,2025-12-31,,"Modernize platform(weight: 11.11%, Id: 2433484)",Deployment Failure Rate per month,%,5,Key result,Aspirational Goal,5,2025-02-06 11:00:10 UTC,2025-09-30,100,0,On Track,Numbers based on Jira data,,Checkin Date: 2025-09-30; User: Ulf Sahlin; Note: Numbers based on Jira data; Metric Name: Deployment Failure Rate per month; Status: On Track; Current Value: 0%; Activity Date: 2025-09-30 05:46:36 UTC;,Checkin Date: 2025-09-29; User: Ulf Sahlin; Note: ; Metric Name: Deployment Failure Rate per month; Status: On Track; Current Value: 0%; Activity Date: 2025-09-29 13:40:59 UTC;,,,,,,,,,,,,,,,,,,,,,,,,,
2437209,(Dora) Deployment failure - Time to restore service,,Jan Rygh,Ulf Sahlin,Annual 2025,2025-01-01,2025-12-31,,"Modernize platform(weight: 11.11%, Id: 2433484)",Number of hours to restore services,,1,Key result,Aspirational Goal,1,2025-02-06 11:08:30 UTC,2025-09-30,100,0,On Track,Numbers based on Jira data (no failures so no time to restore),,Checkin Date: 2025-09-30; User: Ulf Sahlin; Note: Numbers based on Jira data (no failures so no time to restore); Metric Name: Number of hours to restore services; Status: On Track; Current Value: 0; Activity Date: 2025-09-30 05:46:49 UTC;,Checkin Date: 2025-09-29; User: Ulf Sahlin; Note: ; Metric Name: Number of hours to restore services; Status: On Track; Current Value: 0; Activity Date: 2025-09-29 13:41:42 UTC;,,,,,,,,,,,,,,,,,,,,,,,,,
2437196,(Dora) Change Lead Time,,Jan Rygh,Ulf Sahlin,Annual 2025,2025-01-01,2025-12-31,,"Modernize platform(weight: 11.11%, Id: 2433484)",Number of days leadtime,,7,Key result,Aspirational Goal,35,2025-02-06 11:00:59 UTC,2025-09-30,203.5714286,-22,On Track,Numbers based on interviews/monthly checkin,,Checkin Date: 2025-09-30; User: Ulf Sahlin; Note: Numbers based on interviews/monthly checkin; Metric Name: Number of days leadtime; Status: On Track; Current Value: -22; Activity Date: 2025-09-30 05:46:30 UTC;,,,,,,,,,,,,,,,,,,,,,,,,,,
2437190,Change Lead Time - Admin,,Jan Rygh,Ulf Sahlin,Annual 2025,2025-01-01,2025-12-31,,"(Dora) Change Lead Time(weight: 12.5%, Id: 2437196)",Change Lead Time Days,,7,Key result,Aspirational Goal,14,2025-02-06 11:00:59 UTC,2025-09-29,0,23,At Risk,,,Checkin Date: 2025-09-29; User: Ulf Sahlin; Note: ; Metric Name: Change Lead Time Days; Status: At Risk; Current Value: 23; Activity Date: 2025-09-29 13:39:25 UTC;,Checkin Date: 2025-02-06; User: Jan Rygh; Note: ; Metric Name: Change Lead Time Days; Status: On Track; Current Value: 14; Activity Date: 2025-02-06 11:23:54 UTC;,,,,,,,,,,,,,,,,,,,,,,,,,
2437191,Change Lead Time - Agent,,Jan Rygh,Ulf Sahlin,Annual 2025,2025-01-01,2025-12-31,,"(Dora) Change Lead Time(weight: 12.5%, Id: 2437196)",Change Lead Time Days,,7,Key result,Aspirational Goal,28,2025-02-06 11:00:59 UTC,2025-09-29,114.2857143,4,On Track,,,Checkin Date: 2025-09-29; User: Ulf Sahlin; Note: ; Metric Name: Change Lead Time Days; Status: On Track; Current Value: 4; Activity Date: 2025-09-29 13:39:42 UTC;,Checkin Date: 2025-02-06; User: Jan Rygh; Note: ; Metric Name: Change Lead Time Days; Status: On Track; Current Value: 28; Activity Date: 2025-02-06 11:24:01 UTC;,,,,,,,,,,,,,,,,,,,,,,,,,
2437192,Change Lead Time - AI Fundation,,Jan Rygh,Ulf Sahlin,Annual 2025,2025-01-01,2025-12-31,,"(Dora) Change Lead Time(weight: 12.5%, Id: 2437196)",Change Lead Time Days,,7,Key result,Aspirational Goal,31,2025-02-06 11:00:59 UTC,2025-09-29,54.16666667,18,Behind,,,Checkin Date: 2025-09-29; User: Ulf Sahlin; Note: ; Metric Name: Change Lead Time Days; Status: Behind; Current Value: 18; Activity Date: 2025-09-29 13:39:59 UTC;,Checkin Date: 2025-02-06; User: Jan Rygh; Note: ; Metric Name: Change Lead Time Days; Status: On Track; Current Value: 31; Activity Date: 2025-02-06 11:24:08 UTC;,,,,,,,,,,,,,,,,,,,,,,,,,
2437193,Change Lead Time - Core Services,,Jan Rygh,Ulf Sahlin,Annual 2025,2025-01-01,2025-12-31,,"(Dora) Change Lead Time(weight: 12.5%, Id: 2437196)",Change Lead Time Days,,7,Key result,Aspirational Goal,16,2025-02-06 11:00:59 UTC,2025-09-29,0,50,At Risk,,,Checkin Date: 2025-09-29; User: Ulf Sahlin; Note: ; Metric Name: Change Lead Time Days; Status: At Risk; Current Value: 50; Activity Date: 2025-09-29 13:40:12 UTC;,Checkin Date: 2025-02-06; User: Jan Rygh; Note: ; Metric Name: Change Lead Time Days; Status: On Track; Current Value: 16; Activity Date: 2025-02-06 11:24:13 UTC;,,,,,,,,,,,,,,,,,,,,,,,,,
2437194,Change Lead Time - Web Engage,,Jan Rygh,Ulf Sahlin,Annual 2025,2025-01-01,2025-12-31,,"(Dora) Change Lead Time(weight: 12.5%, Id: 2437196)",Change Lead Time Days,,7,Key result,Aspirational Goal,7,2025-02-06 11:00:59 UTC,2025-09-30,100,2,On Track,,,Checkin Date: 2025-09-30; User: Ulf Sahlin; Note: ; Metric Name: Change Lead Time Days; Status: On Track; Current Value: 2; Activity Date: 2025-09-30 05:44:25 UTC;,Checkin Date: 2025-02-06; User: Jan Rygh; Note: ; Metric Name: Change Lead Time Days; Status: On Track; Current Value: 5; Activity Date: 2025-02-06 11:24:32 UTC;,Checkin Date: 2025-02-06; User: Jan Rygh; Note: ; Metric Name: Change Lead Time Days; Status: On Track; Current Value: 0; Activity Date: 2025-02-06 11:24:23 UTC;,,,,,,,,,,,,,,,,,,,,,,,,
2437195,Change Lead Time - WFM,,Jan Rygh,Ulf Sahlin,Annual 2025,2025-01-01,2025-12-31,,"(Dora) Change Lead Time(weight: 12.5%, Id: 2437196)",Change Lead Time Days,,7,Key result,Aspirational Goal,16,2025-02-06 11:00:59 UTC,2025-09-29,111.1111111,6,On Track,,,Checkin Date: 2025-09-29; User: Ulf Sahlin; Note: ; Metric Name: Change Lead Time Days; Status: On Track; Current Value: 6; Activity Date: 2025-09-29 13:40:27 UTC;,Checkin Date: 2025-02-06; User: Jan Rygh; Note: ; Metric Name: Change Lead Time Days; Status: On Track; Current Value: 16; Activity Date: 2025-02-06 11:24:41 UTC;,,,,,,,,,,,,,,,,,,,,,,,,,
2437197,Change Lead Time - Case Management,,Jan Rygh,Ulf Sahlin,Annual 2025,2025-01-01,2025-12-31,,"(Dora) Change Lead Time(weight: 12.5%, Id: 2437196)",Change Lead Time Days,,7,Key result,Aspirational Goal,65,2025-02-06 11:00:59 UTC,2025-09-30,94.82758621,10,On Track,,,Checkin Date: 2025-09-30; User: Ulf Sahlin; Note: ; Metric Name: Change Lead Time Days; Status: On Track; Current Value: 10; Activity Date: 2025-09-30 05:44:52 UTC;,Checkin Date: 2025-02-06; User: Jan Rygh; Note: ; Metric Name: Change Lead Time Days; Status: On Track; Current Value: 65; Activity Date: 2025-02-06 11:24:47 UTC;,,,,,,,,,,,,,,,,,,,,,,,,,
2437198,Change Lead Time - SI,,Jan Rygh,Ulf Sahlin,Annual 2025,2025-01-01,2025-12-31,,"(Dora) Change Lead Time(weight: 12.5%, Id: 2437196)",Change Lead Time Days,,7,Key result,Aspirational Goal,21,2025-02-06 11:00:59 UTC,2025-02-06,0,21,On Track,,,Checkin Date: 2025-02-06; User: Jan Rygh; Note: ; Metric Name: Change Lead Time Days; Status: On Track; Current Value: 21; Activity Date: 2025-02-06 11:24:55 UTC;,,,,,,,,,,,,,,,,,,,,,,,,,,
2433565,Simplify platform,,Jan Rygh,Signe Roesgaard-Gran,Annual 2025,2025-01-01,2025-12-31,,"Enhance delivery Efficiency, Quality and Security(weight: 0%, Id: 2295796)",Progress,%,100,Objective,Aspirational Goal,0,2025-02-05 09:14:39 UTC,2025-11-20,56,56,Behind,,,,,,,,,,,,,,,,,,,,,,,,,,,,,
2433573,Number of overlapping components,,Jan Rygh,Jan Rygh,Annual 2025,2025-01-01,2025-12-31,,"Simplify platform(weight: 25%, Id: 2433565)",Number of overlapping components,,18,Key result,Aspirational Goal,52,2025-02-05 09:16:33 UTC,2025-11-20,8.823529412,49,Behind,No progress,,Checkin Date: 2025-11-20; User: Jan Rygh; Note: ; Metric Name: Number of overlapping components; Status: Behind; Current Value: 49; Activity Date: 2025-11-20 09:03:13 UTC;,Checkin Date: 2025-11-05; User: Jan Rygh; Note: ; Metric Name: Number of overlapping components; Status: At Risk; Current Value: 49; Activity Date: 2025-11-05 08:21:31 UTC;,Checkin Date: 2025-10-15; User: Jan Rygh; Note: ; Metric Name: Number of overlapping components; Status: At Risk; Current Value: 50; Activity Date: 2025-10-15 09:14:20 UTC;,Checkin Date: 2025-06-02; User: Jan Rygh; Note: No progress; Metric Name: Number of overlapping components; Status: At Risk; Current Value: 51; Activity Date: 2025-06-02 14:19:32 UTC;,Checkin Date: 2025-06-02; User: Jan Rygh; Note: ; Metric Name: Number of overlapping components; Status: At Risk; Current Value: 51; Activity Date: 2025-06-02 14:19:24 UTC;,Checkin Date: 2025-06-02; User: Jan Rygh; Note: ; Metric Name: Number of overlapping components; Status: At Risk; Current Value: 51; Activity Date: 2025-06-02 13:58:20 UTC;,Checkin Date: 2025-05-15; User: Jan Rygh; Note: Agent.svc sunset; Metric Name: Number of overlapping components; Status: At Risk; Current Value: 51; Activity Date: 2025-05-15 08:01:42 UTC;,Checkin Date: 2025-05-15; User: Jan Rygh; Note: ; Metric Name: Number of overlapping components; Status: At Risk; Current Value: 51; Activity Date: 2025-05-15 08:01:27 UTC;,Checkin Date: 2025-03-27; User: Jan Rygh; Note: ; Metric Name: Number of overlapping components; Status: Behind; Current Value: 52; Activity Date: 2025-03-27 09:05:17 UTC;,Checkin Date: 2025-03-10; User: Jan Rygh; Note: No progress; Metric Name: Number of overlapping components; Status: Behind; Current Value: 52; Activity Date: 2025-03-10 12:10:49 UTC;,Checkin Date: 2025-03-10; User: Jan Rygh; Note: ; Metric Name: Number of overlapping components; Status: Behind; Current Value: 52; Activity Date: 2025-03-10 12:10:32 UTC;,Checkin Date: 2025-02-05; User: Jan Rygh; Note: ; Metric Name: Number of overlapping components; Status: On Track; Current Value: 52; Activity Date: 2025-02-05 14:56:44 UTC;,,,,,,,,,,,,,,,
2433578,Number of components to sunset,,Jan Rygh,Jan Rygh,Annual 2025,2025-01-01,2025-12-30,,"Simplify platform(weight: 25%, Id: 2433565)",Number of sunset components,,19,Key result,Aspirational Goal,93,2025-02-05 09:18:02 UTC,2025-11-20,77.02702703,36,Behind,Turned off flex and SMS services,,Checkin Date: 2025-11-20; User: Jan Rygh; Note: ; Metric Name: Number of sunset components; Status: Behind; Current Value: 36; Activity Date: 2025-11-20 09:03:33 UTC;,Checkin Date: 2025-11-05; User: Jan Rygh; Note: ; Metric Name: Number of sunset components; Status: Behind; Current Value: 42; Activity Date: 2025-11-05 08:40:44 UTC;,Checkin Date: 2025-11-05; User: Jan Rygh; Note: ; Metric Name: Number of sunset components; Status: On Track; Current Value: 42; Activity Date: 2025-11-05 08:40:35 UTC;,Checkin Date: 2025-11-04; User: Jan Rygh; Note: Turned off flex and SMS services; Metric Name: Number of sunset components; Status: On Track; Current Value: 42; Activity Date: 2025-11-04 15:37:18 UTC;,Checkin Date: 2025-11-04; User: Jan Rygh; Note: ; Metric Name: Number of sunset components; Status: On Track; Current Value: 42; Activity Date: 2025-11-04 15:36:41 UTC;,Checkin Date: 2025-10-20; User: Jan Rygh; Note: ; Metric Name: Number of sunset components; Status: Behind; Current Value: 57; Activity Date: 2025-10-20 12:31:46 UTC;,Checkin Date: 2025-06-02; User: Jan Rygh; Note: No progress; Metric Name: Number of sunset components; Status: On Track; Current Value: 61; Activity Date: 2025-06-02 14:19:12 UTC;,Checkin Date: 2025-06-02; User: Jan Rygh; Note: ; Metric Name: Number of sunset components; Status: On Track; Current Value: 61; Activity Date: 2025-06-02 14:19:00 UTC;,Checkin Date: 2025-05-15; User: Jan Rygh; Note: Good progress on sunsetting flex services; Metric Name: Number of sunset components; Status: On Track; Current Value: 61; Activity Date: 2025-05-15 08:04:03 UTC;,Checkin Date: 2025-05-15; User: Jan Rygh; Note: ; Metric Name: Number of sunset components; Status: On Track; Current Value: 61; Activity Date: 2025-05-15 08:02:20 UTC;,Checkin Date: 2025-03-27; User: Jan Rygh; Note: Now up to 22 flex services; Metric Name: Number of sunset components; Status: On Track; Current Value: 71; Activity Date: 2025-03-27 09:08:53 UTC;,Checkin Date: 2025-03-27; User: Jan Rygh; Note: ; Metric Name: Number of sunset components; Status: On Track; Current Value: 71; Activity Date: 2025-03-27 09:08:26 UTC;,Checkin Date: 2025-03-10; User: Jan Rygh; Note: ; Metric Name: Number of sunset components; Status: On Track; Current Value: 77; Activity Date: 2025-03-10 12:10:11 UTC;,Checkin Date: 2025-02-14; User: Jan Rygh; Note: Sunset 18 flex customers that were not active; Metric Name: Number of sunset components; Status: On Track; Current Value: 77; Activity Date: 2025-02-14 15:54:01 UTC;,Checkin Date: 2025-02-14; User: Jan Rygh; Note: ; Metric Name: Number of sunset components; Status: On Track; Current Value: 77; Activity Date: 2025-02-14 15:53:32 UTC;,Checkin Date: 2025-02-05; User: Jan Rygh; Note: ; Metric Name: Number of sunset components; Status: On Track; Current Value: 93; Activity Date: 2025-02-05 14:55:57 UTC;,,,,,,,,,,,
2433596,Migrate customers from Vergic platform,,Jan Rygh,"Jan Rygh, Matt Hughes",Annual 2025,2025-01-01,2025-12-31,,"Simplify platform(weight: 25%, Id: 2433565)",Customers migrated,%,100,Key result,Aspirational Goal,1,2025-02-05 09:23:10 UTC,2025-10-15,76.76767677,77,Behind,184 customers closed/migrated. 85 accounts still active,,Checkin Date: 2025-10-15; User: Jan Rygh; Note: ; Metric Name: Customers migrated; Status: Behind; Current Value: 77%; Activity Date: 2025-10-15 09:48:14 UTC;,Checkin Date: 2025-07-03; User: Jan Rygh; Note: 184 customers closed/migrated. 85 accounts still active; Metric Name: Customers migrated; Status: On Track; Current Value: 71%; Activity Date: 2025-07-03 07:09:18 UTC;,Checkin Date: 2025-06-19; User: Jan Rygh; Note: 182 customers migrated; Metric Name: Customers migrated; Status: On Track; Current Value: 71%; Activity Date: 2025-06-19 07:35:41 UTC;,Checkin Date: 2025-06-02; User: Jan Rygh; Note: ; Metric Name: Customers migrated; Status: On Track; Current Value: 71%; Activity Date: 2025-06-02 14:18:40 UTC;,Checkin Date: 2025-06-02; User: Jan Rygh; Note: 179 accounts removed; Metric Name: Customers migrated; Status: On Track; Current Value: 68%; Activity Date: 2025-06-02 14:17:03 UTC;,Checkin Date: 2025-05-15; User: Jan Rygh; Note: ; Metric Name: Customers migrated; Status: On Track; Current Value: 68%; Activity Date: 2025-05-15 08:13:09 UTC;,Checkin Date: 2025-03-27; User: Jan Rygh; Note: We have removed 169 accounts from the Vergic platform where we did not see any traffic anymore. So 100 accounts remains; Metric Name: Customers migrated; Status: On Track; Current Value: 63%; Activity Date: 2025-03-27 09:11:04 UTC;,Checkin Date: 2025-03-27; User: Jan Rygh; Note: ; Metric Name: Customers migrated; Status: On Track; Current Value: 63%; Activity Date: 2025-03-27 09:09:35 UTC;,"Checkin Date: 2025-03-10; User: Jan Rygh; Note: We have 270 accounts on the vergic platform that need to be turned off. In addition to migrating, we will need to remove unused accounts and also customers that will not migrate; Metric Name: Customers migrated; Status: Behind; Current Value: 1%; Activity Date: 2025-03-10 12:08:45 UTC;",Checkin Date: 2025-03-10; User: Jan Rygh; Note: ; Metric Name: Customers migrated; Status: Behind; Current Value: 1%; Activity Date: 2025-03-10 12:07:15 UTC;,Checkin Date: 2025-03-10; User: Jan Rygh; Note: ; Metric Name: Customers migrated; Status: Behind; Current Value: 2%; Activity Date: 2025-03-10 12:07:00 UTC;,"Checkin Date: 2025-02-25; User: Jan Rygh; Note: Even though 5 customers would not migrate, they are still on the platform, so wrong to add them to migrated status before they are off the platform; Metric Name: Customers migrated; Status: Behind; Current Value: 1%; Activity Date: 2025-02-25 15:05:50 UTC;",Checkin Date: 2025-02-25; User: Jan Rygh; Note: ; Metric Name: Customers migrated; Status: Behind; Current Value: 1%; Activity Date: 2025-02-25 15:04:59 UTC;,Checkin Date: 2025-02-15; User: Jan Rygh; Note: ; Metric Name: Customers migrated; Status: Behind; Current Value: 1%; Activity Date: 2025-02-15 13:54:14 UTC;,Checkin Date: 2025-02-15; User: Jan Rygh; Note: 5 customers will not migrate; Metric Name: Customers migrated; Status: Behind; Current Value: 1%; Activity Date: 2025-02-15 13:54:08 UTC;,Checkin Date: 2025-02-15; User: Jan Rygh; Note: ; Metric Name: Customers migrated; Status: Behind; Current Value: 1%; Activity Date: 2025-02-15 13:50:03 UTC;,Checkin Date: 2025-02-10; User: Jan Rygh; Note: ; Metric Name: Customers migrated; Status: On Track; Current Value: 1%; Activity Date: 2025-02-10 14:24:14 UTC;,,,,,,,,,,
2433614,Migrate PuzzelID customers,,Jan Rygh,"Jan Rygh, Matt Hughes",Annual 2025,2025-01-01,2025-12-31,,"Simplify platform(weight: 25%, Id: 2433565)",Customers migrated,%,80,Key result,Aspirational Goal,1,2025-02-05 09:29:18 UTC,2025-11-20,60.75949367,49,At Risk,Changed to measure % of PCC logins using Puzzel ID instead of PCC authentication,,Checkin Date: 2025-11-20; User: Jan Rygh; Note: Changed to measure % of PCC logins using Puzzel ID instead of PCC authentication; Metric Name: Customers migrated; Status: At Risk; Current Value: 49%; Activity Date: 2025-11-20 09:12:18 UTC;,Checkin Date: 2025-11-20; User: Jan Rygh; Note: ; Metric Name: Customers migrated; Status: At Risk; Current Value: 49%; Activity Date: 2025-11-20 09:11:21 UTC;,Checkin Date: 2025-10-15; User: Jan Rygh; Note: 71 customers with more than 80% of agents logged into Puzzel ID; Metric Name: Customers migrated; Status: At Risk; Current Value: 8%; Activity Date: 2025-10-15 09:22:04 UTC;,Checkin Date: 2025-10-15; User: Jan Rygh; Note: ; Metric Name: Customers migrated; Status: At Risk; Current Value: 8%; Activity Date: 2025-10-15 09:21:12 UTC;,Checkin Date: 2025-07-03; User: Jan Rygh; Note: 52 customers with more than 80% of agents logged into Puzzel ID; Metric Name: Customers migrated; Status: At Risk; Current Value: 6%; Activity Date: 2025-07-03 07:12:31 UTC;,Checkin Date: 2025-06-19; User: Jan Rygh; Note: 49 customers with more than 80% of agents logging in through Puzzel ID; Metric Name: Customers migrated; Status: At Risk; Current Value: 6%; Activity Date: 2025-06-19 07:37:14 UTC;,"Checkin Date: 2025-06-02; User: Jan Rygh; Note: 56 customers migrated. Total number of customers needed to be migrated is reduced from 1766 to 918, therefor increase from 3% to 6%; Metric Name: Customers migrated; Status: At Risk; Current Value: 6%; Activity Date: 2025-06-02 14:15:12 UTC;",Checkin Date: 2025-06-02; User: Jan Rygh; Note: ; Metric Name: Customers migrated; Status: At Risk; Current Value: 6%; Activity Date: 2025-06-02 14:11:07 UTC;,Checkin Date: 2025-05-15; User: Jan Rygh; Note: 53 customers migrated; Metric Name: Customers migrated; Status: At Risk; Current Value: 3%; Activity Date: 2025-05-15 08:16:42 UTC;,Checkin Date: 2025-05-15; User: Jan Rygh; Note: ; Metric Name: Customers migrated; Status: At Risk; Current Value: 3%; Activity Date: 2025-05-15 08:16:27 UTC;,Checkin Date: 2025-05-15; User: Jan Rygh; Note: ; Metric Name: Customers migrated; Status: Behind; Current Value: 6%; Activity Date: 2025-05-15 08:15:42 UTC;,Checkin Date: 2025-03-27; User: Jan Rygh; Note: 41 customers migrated; Metric Name: Customers migrated; Status: Behind; Current Value: 2%; Activity Date: 2025-03-27 09:11:47 UTC;,Checkin Date: 2025-03-10; User: Jan Rygh; Note: 36 customers migrated; Metric Name: Customers migrated; Status: Behind; Current Value: 2%; Activity Date: 2025-03-10 11:51:13 UTC;,Checkin Date: 2025-03-10; User: Jan Rygh; Note: ; Metric Name: Customers migrated; Status: Behind; Current Value: 2%; Activity Date: 2025-03-10 11:50:36 UTC;,Checkin Date: 2025-02-25; User: Jan Rygh; Note: 33 customers migrated; Metric Name: Customers migrated; Status: Behind; Current Value: 2%; Activity Date: 2025-02-25 15:04:08 UTC;,Checkin Date: 2025-02-25; User: Jan Rygh; Note: ; Metric Name: Customers migrated; Status: Behind; Current Value: 2%; Activity Date: 2025-02-25 15:01:54 UTC;,Checkin Date: 2025-02-15; User: Jan Rygh; Note: 24 customers out of 1766 migrated so far; Metric Name: Customers migrated; Status: On Track; Current Value: 1%; Activity Date: 2025-02-15 13:54:47 UTC;,Checkin Date: 2025-02-10; User: Jan Rygh; Note: ; Metric Name: Customers migrated; Status: On Track; Current Value: 1%; Activity Date: 2025-02-10 14:26:02 UTC;,,,,,,,,,
2433633,Consolidate Hosting while maintaining availability,,Jan Rygh,Signe Roesgaard-Gran,Annual 2025,2025-01-01,2025-12-31,,"Enhance delivery Efficiency, Quality and Security(weight: 0%, Id: 2295796)",Progress,%,100,Objective,Aspirational Goal,0,2025-02-05 09:36:26 UTC,2025-10-03,50,50,Behind,,,,,,,,,,,,,,,,,,,,,,,,,,,,,
2433638,% of SI workloads migrated to cloud.,,Jan Rygh,Ulf Sahlin,Annual 2025,2025-01-01,2025-12-31,,"Consolidate Hosting while maintaining availability(weight: 50%, Id: 2433633)",% of SI workloads migrated to cloud.,%,100,Key result,Aspirational Goal,0,2025-02-05 09:38:36 UTC,,0,0,Not Started,,,,,,,,,,,,,,,,,,,,,,,,,,,,,
2433655,Service availability,,Jan Rygh,Olav Navelsaker,Annual 2025,2025-01-01,2025-12-31,,"Consolidate Hosting while maintaining availability(weight: 50%, Id: 2433633)",Monthly service availability,%,99.99,Key result,Aspirational Goal,99.99,2025-02-05 09:41:54 UTC,2025-10-03,100,99.9946,On Track,September 99.9946%,,Checkin Date: 2025-10-03; User: Olav Navelsaker; Note: ; Metric Name: Monthly service availability; Status: On Track; Current Value: 99.99%; Activity Date: 2025-10-03 11:12:51 UTC;,Checkin Date: 2025-10-03; User: Olav Navelsaker; Note: September 99.9946%; Metric Name: Monthly service availability; Status: On Track; Current Value: 99.99%; Activity Date: 2025-10-03 11:12:43 UTC;,Checkin Date: 2025-09-04; User: Olav Navelsaker; Note: ; Metric Name: Monthly service availability; Status: On Track; Current Value: 99.99%; Activity Date: 2025-09-04 06:17:41 UTC;,Checkin Date: 2025-07-03; User: Olav Navelsaker; Note: June: 100%; Metric Name: Monthly service availability; Status: On Track; Current Value: 100%; Activity Date: 2025-07-03 11:54:10 UTC;,Checkin Date: 2025-07-03; User: Olav Navelsaker; Note: May: 100%; Metric Name: Monthly service availability; Status: On Track; Current Value: 100%; Activity Date: 2025-07-03 11:53:53 UTC;,Checkin Date: 2025-05-23; User: Olav Navelsaker; Note: ; Metric Name: Monthly service availability; Status: On Track; Current Value: 100%; Activity Date: 2025-05-23 07:16:50 UTC;,Checkin Date: 2025-05-05; User: Olav Navelsaker; Note: ; Metric Name: Monthly service availability; Status: On Track; Current Value: 33%; Activity Date: 2025-05-05 07:16:48 UTC;,Checkin Date: 2025-05-05; User: Olav Navelsaker; Note: April: 100%; Metric Name: Monthly service availability; Status: On Track; Current Value: 0%; Activity Date: 2025-05-05 07:16:16 UTC;,Checkin Date: 2025-05-05; User: Olav Navelsaker; Note: March: 100%; Metric Name: Monthly service availability; Status: On Track; Current Value: 0%; Activity Date: 2025-05-05 07:15:54 UTC;,"Checkin Date: 2025-03-10; User: Olav Navelsaker; Note: January: 100%
February: 100%; Metric Name: Monthly service availability; Status: On Track; Current Value: 0%; Activity Date: 2025-03-10 13:50:35 UTC;",Checkin Date: 2025-02-11; User: Olav Navelsaker; Note: ; Metric Name: Monthly service availability; Status: On Track; Current Value: 0%; Activity Date: 2025-02-11 13:42:24 UTC;,,,,,,,,,,,,,,,,
2295798,Integrate Discovery & Innovation in SDLC,,Frederic Laziou,"Matt Hughes, Signe Roesgaard-Gran",Annual 2025,2025-01-01,2025-12-31,,"SP2: Customer excellence(weight: 0%, Id: 2295711)",Progress,%,100,Objective,Aspirational Goal,0,2024-12-09 14:54:13 UTC,2025-03-12,50,50,On Track,,,,,,,,,,,,,,,,,,,,,,,,,,,,,
2504057,100% Product Aligned Product Org,,Matt Hughes,Matt Hughes,Annual 2025,2025-01-01,2025-12-31,,"Integrate Discovery & Innovation in SDLC(weight: 100%, Id: 2295798)",Aligned,%,100,Key result,Aspirational Goal,0,2025-03-12 12:36:24 UTC,2025-03-12,50,50,Behind,Lots of moving parts with product organisation,,Checkin Date: 2025-03-12; User: Matt Hughes; Note: ; Metric Name: Aligned; Status: Behind; Current Value: 50%; Activity Date: 2025-03-12 13:51:28 UTC;,Checkin Date: 2025-03-12; User: Matt Hughes; Note: Lots of moving parts with product organisation; Metric Name: Aligned; Status: On Track; Current Value: 50%; Activity Date: 2025-03-12 12:37:41 UTC;,,,,,,,,,,,,,,,,,,,,,,,,,
2445325,Launch Customer Advisory Board (CAB),Marketing,Gabi Warren,"Gabi Warren, Morgan Sandberg",Annual 2025,2025-01-01,2025-12-31,,"SP2: Customer excellence(weight: 0%, Id: 2295711)",Progress,%,100,Objective,Aspirational Goal,0,2025-02-10 10:55:18 UTC,2025-08-21,89,89,On Track,"WIP, strategic and tactical disc Morgan and Raïsa",,"Checkin Date: 2025-02-16; User: Morgan Sandberg; Note: WIP, strategic and tactical disc Morgan and Raïsa; Metric Name: Progress; Status: Not Started; Current Value: 0%; Activity Date: 2025-02-16 13:18:40 UTC;",,,,,,,,,,,,,,,,,,,,,,,,,,
2445347,Recruit min. 10 senior leaders from A and B customer organisations,Marketing,Gabi Warren,"Gabi Warren, Morgan Sandberg",Annual 2025,2025-01-01,2025-12-31,,"Launch Customer Advisory Board (CAB)(weight: 20%, Id: 2445325)",Progress,%,100,Deliverable,Aspirational Goal,0,2025-02-10 10:56:43 UTC,2025-08-21,100,100,Closed,13 confirmed members,1,Checkin Date: 2025-08-21; User: Morgan Sandberg; Note: 13 confirmed members; Metric Name: Progress; Status: Closed; Current Value: 100%; Activity Date: 2025-08-21 13:17:06 UTC;,Checkin Date: 2025-05-30; User: Morgan Sandberg; Note: 9 confirmed members; Metric Name: Progress; Status: On Track; Current Value: 90%; Activity Date: 2025-05-30 10:57:48 UTC;,Checkin Date: 2025-04-14; User: Gabi Warren; Note: ; Metric Name: Progress; Status: On Track; Current Value: 70%; Activity Date: 2025-04-14 09:20:59 UTC;,"Checkin Date: 2025-03-28; User: Morgan Sandberg; Note: 3 confirmed: Acorn, Affinitiy Water and NLTG
1 yes but not confirmed: Yourhosting; Metric Name: Progress; Status: On Track; Current Value: 50%; Activity Date: 2025-03-28 15:22:30 UTC;",Checkin Date: 2025-03-10; User: Morgan Sandberg; Note: Gross wish list with customers ready.; Metric Name: Progress; Status: On Track; Current Value: 30%; Activity Date: 2025-03-10 12:23:16 UTC;,"Checkin Date: 2025-03-03; User: Morgan Sandberg; Note: Customer wish list WIP
Send invitation to customers 10 March.; Metric Name: Progress; Status: Behind; Current Value: 15%; Activity Date: 2025-03-03 15:37:49 UTC;",Checkin Date: 2025-02-16; User: Morgan Sandberg; Note: Listing potential members.; Metric Name: Progress; Status: On Track; Current Value: 10%; Activity Date: 2025-02-16 13:14:46 UTC;,,,,,,,,,,,,,,,,,,,,
2445350,Schedule the first CAB event and secure attendees,Marketing,Gabi Warren,"Gabi Warren, Morgan Sandberg",Annual 2025,2025-01-01,2025-12-31,,"Launch Customer Advisory Board (CAB)(weight: 20%, Id: 2445325)",Progress,%,100,Deliverable,Aspirational Goal,0,2025-02-10 10:57:23 UTC,2025-05-30,100,100,Closed,First CAB meeting was a huge success,1,Checkin Date: 2025-05-30; User: Morgan Sandberg; Note: First CAB meeting was a huge success; Metric Name: Progress; Status: Closed; Current Value: 100%; Activity Date: 2025-05-30 10:59:14 UTC;,Checkin Date: 2025-04-14; User: Gabi Warren; Note: ; Metric Name: Progress; Status: On Track; Current Value: 50%; Activity Date: 2025-04-14 09:21:05 UTC;,"Checkin Date: 2025-03-28; User: Morgan Sandberg; Note: 3 customers confirmed.
6/7 Puzzelers confirmed.; Metric Name: Progress; Status: On Track; Current Value: 50%; Activity Date: 2025-03-28 15:28:58 UTC;","Checkin Date: 2025-03-28; User: Morgan Sandberg; Note: 3 customers confirmed.
6/7 Puzzelers confirmed.; Metric Name: Progress; Status: On Track; Current Value: 50%; Activity Date: 2025-03-28 15:28:26 UTC;","Checkin Date: 2025-03-03; User: Morgan Sandberg; Note: First event scheduled, invitation written, feedback session atm, invitation to be sent next Monday; Metric Name: Progress; Status: On Track; Current Value: 20%; Activity Date: 2025-03-03 15:27:11 UTC;",Checkin Date: 2025-02-16; User: Morgan Sandberg; Note: Planning WIP.; Metric Name: Progress; Status: On Track; Current Value: 10%; Activity Date: 2025-02-16 13:12:22 UTC;,,,,,,,,,,,,,,,,,,,,,
2445356,Secure Puzzel executives to attend and lead CAB,Marketing,Gabi Warren,"Gabi Warren, Morgan Sandberg",Annual 2025,2025-01-01,2025-12-31,,"Launch Customer Advisory Board (CAB)(weight: 20%, Id: 2445325)",Progress,%,100,Deliverable,Aspirational Goal,0,2025-02-10 10:58:15 UTC,2025-03-10,100,100,Closed,"All needed Puzzelers confirmed:
Executive Sponsors: Ensures alignment with company strategy 
Matt Hughes, Head of Product 
Host: Organises meetings 
Morgan Sandberg, Customer Marketing Director 
Moderator: 
Thomas Hammerich, Customer Success 
Puzzel expertise 
Matt Hughes, Head of Product 
Raïsa Van Olden, Product Marketing Director 
Mashud Ahmed, Customer Success Manager 
Michael Larsen, customer Success AI Lead 
Tobias Winther Troelsen, Chief Analytics Officer, Conversational Intelligence 
Deyan Georgiev, Product Manager",1,"Checkin Date: 2025-03-10; User: Morgan Sandberg; Note: All needed Puzzelers confirmed:
Executive Sponsors: Ensures alignment with company strategy 
Matt Hughes, Head of Product 
Host: Organises meetings 
Morgan Sandberg, Customer Marketing Director 
Moderator: 
Thomas Hammerich, Customer Success 
Puzzel expertise 
Matt Hughes, Head of Product 
Raïsa Van Olden, Product Marketing Director 
Mashud Ahmed, Customer Success Manager 
Michael Larsen, customer Success AI Lead 
Tobias Winther Troelsen, Chief Analytics Officer, Conversational Intelligence 
Deyan Georgiev, Product Manager; Metric Name: Progress; Status: Closed; Current Value: 100%; Activity Date: 2025-03-10 12:27:02 UTC;","Checkin Date: 2025-03-03; User: Morgan Sandberg; Note: Matt Hughes Executive sponsor and Head of Product (confirmed)
Thomas Hammerich Moderator and Customer Success Director (confirmed)
Raïsa Van Olden Product Marketing Director
Morgan Sandberg Customer Marketing Director; Metric Name: Progress; Status: On Track; Current Value: 50%; Activity Date: 2025-03-03 15:35:47 UTC;",Checkin Date: 2025-02-16; User: Morgan Sandberg; Note: Planning started; Metric Name: Progress; Status: On Track; Current Value: 5%; Activity Date: 2025-02-16 13:16:17 UTC;,,,,,,,,,,,,,,,,,,,,,,,,
2445357,Integrate CAB feedback into product and GTM strategy,Marketing,Gabi Warren,"Gabi Warren, Morgan Sandberg",Annual 2025,2025-04-01,2025-12-31,,"Launch Customer Advisory Board (CAB)(weight: 20%, Id: 2445325)",Progress,%,100,Deliverable,Aspirational Goal,0,2025-02-10 10:58:49 UTC,2025-07-02,80,80,On Track,"Internal report written and retrospective session on first CAB meeting and follow up interviews done. 
CAB program documentation updated with the routine.",,"Checkin Date: 2025-07-02; User: Morgan Sandberg; Note: Internal report written and retrospective session on first CAB meeting and follow up interviews done. 
CAB program documentation updated with the routine.; Metric Name: Progress; Status: On Track; Current Value: 80%; Activity Date: 2025-07-02 12:30:31 UTC;",Checkin Date: 2025-05-30; User: Morgan Sandberg; Note: Feedback has been discussed in the internal CAB team and we are planning for an internal retrospective to secure stakeholders buy-in to the feedback. Product already has a customer feedback loop built into product strategy development.; Metric Name: Progress; Status: On Track; Current Value: 30%; Activity Date: 2025-05-30 11:01:59 UTC;,Checkin Date: 2025-04-14; User: Gabi Warren; Note: ; Metric Name: Progress; Status: On Track; Current Value: 1%; Activity Date: 2025-04-14 09:21:12 UTC;,Checkin Date: 2025-03-10; User: Morgan Sandberg; Note: ; Metric Name: Progress; Status: On Track; Current Value: 1%; Activity Date: 2025-03-10 14:28:25 UTC;,Checkin Date: 2025-02-16; User: Morgan Sandberg; Note: To discuss with Signe and Matt; Metric Name: Progress; Status: Behind; Current Value: 1%; Activity Date: 2025-02-16 13:16:57 UTC;,,,,,,,,,,,,,,,,,,,,,,
2836122,Launch in-person CAB,Marketing,Raïsa Van Olden,"Anna  Dunn, Morgan Sandberg",Annual 2025,2025-01-01,2025-12-31,,"Launch Customer Advisory Board (CAB)(weight: 20%, Id: 2445325)",Progress,%,100,Key result,Aspirational Goal,0,2025-07-10 08:14:58 UTC,2025-08-21,65,65,On Track,"Attendees confirmed, venue booked, agenda set, planning ongoning",,"Checkin Date: 2025-08-21; User: Morgan Sandberg; Note: Attendees confirmed, venue booked, agenda set, planning ongoning; Metric Name: Progress; Status: On Track; Current Value: 65%; Activity Date: 2025-08-21 13:44:18 UTC;",,,,,,,,,,,,,,,,,,,,,,,,,,
2772504,Health Scores created for top 25 A customers by end of Q1,Commercial,Roland Green,"Roland Green, Thomas Hammerich",Q2 2025,2025-04-01,2025-06-30,,"SP2: Customer excellence(weight: 0%, Id: 2295711)",Progress,%,100,Deliverable,Aspirational Goal,0,2025-05-02 12:45:37 UTC,,0,0,Not Started,,,,,,,,,,,,,,,,,,,,,,,,,,,,,
2772505,Get to Green plans in place for top 25 highest risk customers with Green/Amber status by end of Q1,Commercial,Roland Green,"Roland Green, Thomas Hammerich",Q2 2025,2025-04-01,2025-06-30,,"SP2: Customer excellence(weight: 0%, Id: 2295711)",Progress,%,100,Deliverable,Aspirational Goal,0,2025-05-02 12:45:37 UTC,,0,0,Not Started,,,,,,,,,,,,,,,,,,,,,,,,,,,,,
2772506,New engagement  model rolled out to 25 highest risk customers by end of Q1 and 25 of our 50 A customers,Commercial,Roland Green,"Roland Green, Thomas Hammerich",Q2 2025,2025-04-01,2025-06-30,,"SP2: Customer excellence(weight: 0%, Id: 2295711)",Progress,%,100,Deliverable,Aspirational Goal,0,2025-05-02 12:45:37 UTC,,0,0,Not Started,,,,,,,,,,,,,,,,,,,,,,,,,,,,,
2772507,"Introduce a targeted adoption plan, ensuring A = personalised adoption plans for top 25 of 50 A customers",Commercial,Roland Green,"Roland Green, Thomas Hammerich",Q2 2025,2025-04-01,2025-06-30,,"SP2: Customer excellence(weight: 0%, Id: 2295711)",Progress,%,100,Deliverable,Aspirational Goal,0,2025-05-02 12:45:37 UTC,,0,0,Not Started,,,,,,,,,,,,,,,,,,,,,,,,,,,,,
2792122,Improve Customer insight through increased NPS reach​,Puzzel,Victor Naess,Harriet Edwards,Annual 2025,2025-01-01,2025-12-31,,"SP2: Customer excellence(weight: 0%, Id: 2295711)",Progress,%,100,Objective,Aspirational Goal,0,2025-06-02 09:10:42 UTC,,0,0,Not Started,,,,,,,,,,,,,,,,,,,,,,,,,,,,,
2807343,Launch NPS campaign and collect data,Puzzel,Nils Klöfver,Harriet Edwards,Q2 2025,2025-04-01,2025-06-30,,"Improve Customer insight through increased NPS reach​(weight: 0%, Id: 2792122)",Progress,%,100,Deliverable,Aspirational Goal,0,2025-06-23 11:44:19 UTC,2025-06-23,90,90,Behind,Final checks before launch on 26 June 2025,,Checkin Date: 2025-06-23; User: Nils Klöfver; Note: ; Metric Name: Progress; Status: Behind; Current Value: 90%; Activity Date: 2025-06-23 11:49:35 UTC;,Checkin Date: 2025-06-23; User: Nils Klöfver; Note: ; Metric Name: Progress; Status: Behind; Current Value: 80%; Activity Date: 2025-06-23 11:49:26 UTC;,Checkin Date: 2025-06-23; User: Nils Klöfver; Note: Final checks before launch on 26 June 2025; Metric Name: Progress; Status: On Track; Current Value: 20%; Activity Date: 2025-06-23 11:49:02 UTC;,Checkin Date: 2025-06-23; User: Nils Klöfver; Note: ; Metric Name: Progress; Status: On Track; Current Value: 20%; Activity Date: 2025-06-23 11:48:24 UTC;,,,,,,,,,,,,,,,,,,,,,,,
2295716,SP3: Operational efficiency,Puzzel,Frederic Laziou,Frederic Laziou,Annual 2025,2025-01-01,2025-12-31,,"2025 -- Build the Leading CX Ecosystem in Europe Focusing on Mid-Market and Enterprise(weight: 0%, Id: 2295704)",Progress,%,100,Objective,Aspirational Goal,0,2024-12-09 14:37:26 UTC,2025-11-13,0,0,At Risk,,,,,,,,,,,,,,,,,,,,,,,,,,,,,
2295801,Improve NB sales execution,Commercial,Frederic Laziou,Roland Green,Annual 2025,2025-01-01,2025-12-31,,"SP3: Operational efficiency(weight: 0%, Id: 2295716)",Progress,%,100,Objective,Aspirational Goal,0,2024-12-09 14:54:42 UTC,2025-11-13,60,60,At Risk,,,,,,,,,,,,,,,,,,,,,,,,,,,,,
2295812,85M of NB bookings (20m coming from AI),Commercial,Frederic Laziou,Roland Green,Annual 2025,2025-01-01,2025-12-31,,"Improve NB sales execution(weight: 14.29%, Id: 2295801)",NB bookings,,85000000,Key result,Aspirational Goal,0,2024-12-09 14:57:13 UTC,2025-08-19,70.57882353,59992000,On Track,20% vs 25% of annual completion in Q1,,Checkin Date: 2025-08-19; User: Frederic Laziou; Note: ; Metric Name: NB bookings; Status: On Track; Current Value: 59.99 M; Activity Date: 2025-08-19 10:21:05 UTC;,Checkin Date: 2025-06-16; User: Frederic Laziou; Note: ; Metric Name: NB bookings; Status: On Track; Current Value: 57.85 M; Activity Date: 2025-06-16 05:57:48 UTC;,Checkin Date: 2025-05-19; User: Frederic Laziou; Note: ; Metric Name: NB bookings; Status: On Track; Current Value: 44 M; Activity Date: 2025-05-19 09:33:07 UTC;,Checkin Date: 2025-03-10; User: Roland Green; Note: 20% vs 25% of annual completion in Q1; Metric Name: NB bookings; Status: Behind; Current Value: 20; Activity Date: 2025-03-10 20:58:31 UTC;,,,,,,,,,,,,,,,,,,,,,,,
2780817,Technical support and leadership on AI enablement and launch,Commercial,Sundeep Boughan,Sundeep Boughan,Q2 2025,2025-04-01,2025-06-30,,"Improve NB sales execution(weight: 0%, Id: 2295801) / Exceed 25m of NB bookings in Q2 with 40% coming from AI (10m)(weight: 0%, Id: 2772563)",Progress,%,100,Objective,Aspirational Goal,0,2025-05-14 10:41:22 UTC,2025-11-13,70,70,Closed,Completed,0.7,Checkin Date: 2025-11-13; User: Sundeep Boughan; Note: Completed; Metric Name: Progress; Status: Closed; Current Value: 70%; Activity Date: 2025-11-13 12:04:14 UTC;,,,,,,,,,,,,,,,,,,,,,,,,,,
2780991,"Conduct 2 cross-functional AI Readiness Workshops with Sales, Marketing, and Customer Success to ensure alignment on messaging, positioning, and value stories.",Commercial,Sundeep Boughan,Sundeep Boughan,Q2 2025,2025-04-01,2025-06-30,,"Technical support and leadership on AI enablement and launch(weight: 50%, Id: 2780817)",Progress,%,100,Key result,Aspirational Goal,0,2025-05-14 12:58:22 UTC,2025-07-04,100,100,On Track,,,Checkin Date: 2025-07-04; User: Sundeep Boughan; Note: ; Metric Name: Progress; Status: On Track; Current Value: 100%; Activity Date: 2025-07-04 08:21:46 UTC;,Checkin Date: 2025-07-01; User: Sundeep Boughan; Note: ; Metric Name: Progress; Status: On Track; Current Value: 50%; Activity Date: 2025-07-01 10:24:29 UTC;,,,,,,,,,,,,,,,,,,,,,,,,,
2829930,Define workshop goals and agenda,Commercial,Sundeep Boughan,Sundeep Boughan,Q2 2025,2025-04-01,2025-06-30,,"Conduct 2 cross-functional AI Readiness Workshops with Sales, Marketing, and Customer Success to ensure alignment on messaging, positioning, and value stories.(weight: 0%, Id: 2780991)",Progress,%,100,Deliverable,Aspirational Goal,0,2025-07-04 07:29:49 UTC,2025-07-04,100,100,On Track,,,Checkin Date: 2025-07-04; User: Sundeep Boughan; Note: ; Metric Name: Progress; Status: On Track; Current Value: 100%; Activity Date: 2025-07-04 08:22:12 UTC;,,,,,,,,,,,,,,,,,,,,,,,,,,
2829932,"Invite Sales, Marketing, and Product stakeholders.",Commercial,Sundeep Boughan,Sundeep Boughan,Q2 2025,2025-04-01,2025-06-30,,"Conduct 2 cross-functional AI Readiness Workshops with Sales, Marketing, and Customer Success to ensure alignment on messaging, positioning, and value stories.(weight: 0%, Id: 2780991)",Progress,%,100,Deliverable,Aspirational Goal,0,2025-07-04 07:30:22 UTC,2025-07-04,100,100,On Track,,,Checkin Date: 2025-07-04; User: Sundeep Boughan; Note: ; Metric Name: Progress; Status: On Track; Current Value: 100%; Activity Date: 2025-07-04 08:22:16 UTC;,,,,,,,,,,,,,,,,,,,,,,,,,,
2829935,Publish a post-workshop summary and own follow-up actions,Commercial,Sundeep Boughan,Sundeep Boughan,Q2 2025,2025-04-01,2025-06-30,,"Conduct 2 cross-functional AI Readiness Workshops with Sales, Marketing, and Customer Success to ensure alignment on messaging, positioning, and value stories.(weight: 0%, Id: 2780991)",Progress,%,100,Deliverable,Aspirational Goal,0,2025-07-04 07:30:54 UTC,2025-07-04,100,100,On Track,,,Checkin Date: 2025-07-04; User: Sundeep Boughan; Note: ; Metric Name: Progress; Status: On Track; Current Value: 100%; Activity Date: 2025-07-04 08:22:20 UTC;,,,,,,,,,,,,,,,,,,,,,,,,,,
2780993,"Launch AI Technical Readiness Playbook with integration guides, technical FAQs, and best practices, with at least 80% usage by Sales Engineers",Commercial,Sundeep Boughan,Sundeep Boughan,Q2 2025,2025-04-01,2025-06-30,,"Technical support and leadership on AI enablement and launch(weight: 50%, Id: 2780817)",Progress,%,100,Key result,Aspirational Goal,0,2025-05-14 12:59:27 UTC,2025-07-04,40,40,At Risk,,,Checkin Date: 2025-07-04; User: Sundeep Boughan; Note: ; Metric Name: Progress; Status: At Risk; Current Value: 40%; Activity Date: 2025-07-04 08:22:02 UTC;,Checkin Date: 2025-07-04; User: Sundeep Boughan; Note: ; Metric Name: Progress; Status: At Risk; Current Value: 50%; Activity Date: 2025-07-04 08:21:52 UTC;,Checkin Date: 2025-07-01; User: Sundeep Boughan; Note: ; Metric Name: Progress; Status: At Risk; Current Value: 20%; Activity Date: 2025-07-01 10:24:36 UTC;,,,,,,,,,,,,,,,,,,,,,,,,
2829936,Create a indexed Playbook in Confluence.,Commercial,Sundeep Boughan,Sundeep Boughan,Q2 2025,2025-04-01,2025-06-30,,"Launch AI Technical Readiness Playbook with integration guides, technical FAQs, and best practices, with at least 80% usage by Sales Engineers(weight: 0%, Id: 2780993)",Progress,%,100,Deliverable,Aspirational Goal,0,2025-07-04 07:31:35 UTC,2025-07-04,20,20,At Risk,,,Checkin Date: 2025-07-04; User: Sundeep Boughan; Note: ; Metric Name: Progress; Status: At Risk; Current Value: 20%; Activity Date: 2025-07-04 08:22:35 UTC;,,,,,,,,,,,,,,,,,,,,,,,,,,
2829938,"Promote the Playbook through SE meetings and arrange follow up sessions, use the playbook for SE onboarding",Commercial,Sundeep Boughan,Sundeep Boughan,Q2 2025,2025-04-01,2025-06-30,,"Launch AI Technical Readiness Playbook with integration guides, technical FAQs, and best practices, with at least 80% usage by Sales Engineers(weight: 0%, Id: 2780993)",Progress,%,100,Deliverable,Aspirational Goal,0,2025-07-04 07:32:47 UTC,,0,0,Not Started,,,,,,,,,,,,,,,,,,,,,,,,,,,,,
2502551,Launch and Embed MEDDPICC & Challenger Training Program,Commercial,Harriet Edwards,"Harriet Edwards, Roland Green",Annual 2025,2025-01-01,2025-07-01,,"Improve NB sales execution(weight: 0%, Id: 2295801)",Progress,%,100,Objective,Committed Goal,0,2025-03-11 20:26:58 UTC,2025-03-11,40,40,On Track,,,Checkin Date: 2025-03-11; User: Harriet Edwards; Note: ; Metric Name: Progress; Status: On Track; Current Value: 40%; Activity Date: 2025-03-11 20:33:14 UTC;,,,,,,,,,,,,,,,,,,,,,,,,,,
2502552,Ensure 90% of trained employees pass post-training assessments with a score of 80% or higher,Commercial,Harriet Edwards,Roland Green,Annual 2025,2025-06-01,2025-07-01,,"Launch and Embed MEDDPICC & Challenger Training Program(weight: 33.33%, Id: 2502551)",Progress,%,100,Key result,Committed Goal,0,2025-03-11 20:27:30 UTC,2025-03-11,0,0,At Risk,,,Checkin Date: 2025-03-11; User: Harriet Edwards; Note: ; Metric Name: Progress; Status: At Risk; Current Value: 0%; Activity Date: 2025-03-11 20:30:08 UTC;,Checkin Date: 2025-03-11; User: Harriet Edwards; Note: ; Metric Name: Progress; Status: On Track; Current Value: 50%; Activity Date: 2025-03-11 20:29:38 UTC;,,,,,,,,,,,,,,,,,,,,,,,,,
2807360,Deliver Skill Workouts,Commercial,Tjeerd Veninga,Roland Green,Annual 2025,2025-06-01,2025-07-01,,"Ensure 90% of trained employees pass post-training assessments with a score of 80% or higher(weight: 0%, Id: 2502552)",Progress,%,100,Deliverable,Committed Goal,0,2025-06-23 11:55:48 UTC,,0,0,Not Started,,,,,,,,,,,,,,,,,,,,,,,,,,,,,
2786300,Challenger Sale training wave 1 completed,Puzzel,Tjeerd Veninga,Tjeerd Veninga,Q2 2025,2025-04-01,2025-06-30,,"Launch and Embed MEDDPICC & Challenger Training Program(weight: 0%, Id: 2502551) / Embed Challenger Sale methodology across teams for improved sales performance(weight: 0%, Id: 2786249) / Facilitate Challenger Deal Accelerator Training(weight: 0%, Id: 2786251) / Build Challenger Sale onboarding course(weight: 0%, Id: 2786297) / Run at least 3 Challenger deep dive conversation / coaching sessions(weight: 0%, Id: 2829394)",Sellers trained,,50,Deliverable,Aspirational Goal,0,2025-05-21 14:45:00 UTC,2025-07-15,100,50,Closed,achieved,1,Checkin Date: 2025-07-15; User: Tjeerd Veninga; Note: achieved; Metric Name: Sellers trained; Status: Closed; Current Value: 50; Activity Date: 2025-07-15 13:35:46 UTC;,Checkin Date: 2025-07-15; User: Tjeerd Veninga; Note: ; Metric Name: Sellers trained; Status: On Track; Current Value: 50; Activity Date: 2025-07-15 12:20:09 UTC;,"Checkin Date: 2025-06-30; User: Tjeerd Veninga; Note: now complete, we reached all we needed to reach; Metric Name: Sellers trained; Status: On Track; Current Value: 45; Activity Date: 2025-06-30 09:28:42 UTC;",Checkin Date: 2025-05-22; User: Tjeerd Veninga; Note: Run Deal Accelerator to fully complete training wave 1; Metric Name: Sellers trained; Status: On Track; Current Value: 45; Activity Date: 2025-05-22 11:51:35 UTC;,Checkin Date: 2025-05-22; User: Tjeerd Veninga; Note: Challenger Week completed. Redeliveries later in May for those who could not attend; Metric Name: Sellers trained; Status: On Track; Current Value: 45; Activity Date: 2025-05-22 08:50:36 UTC;,Checkin Date: 2025-05-21; User: Tjeerd Veninga; Note: ; Metric Name: Sellers trained; Status: On Track; Current Value: 45; Activity Date: 2025-05-21 14:51:16 UTC;,,,,,,,,,,,,,,,,,,,,,
2502553,Deliver MEDDPICC & Challenger training sessions to 100% of relevant teams by 01st June 2025,Commercial,Harriet Edwards,Roland Green,Annual 2025,2025-01-01,2025-07-01,,"Launch and Embed MEDDPICC & Challenger Training Program(weight: 33.33%, Id: 2502551)",Progress,%,100,Key result,Committed Goal,0,2025-03-11 20:28:06 UTC,2025-03-11,50,50,On Track,,,Checkin Date: 2025-03-11; User: Harriet Edwards; Note: ; Metric Name: Progress; Status: On Track; Current Value: 50%; Activity Date: 2025-03-11 20:30:22 UTC;,,,,,,,,,,,,,,,,,,,,,,,,,,
2786249,Embed Challenger Sale methodology across teams for improved sales performance,Commercial,Tjeerd Veninga,Tjeerd Veninga,Q2 2025,2025-04-01,2025-06-30,,"Launch and Embed MEDDPICC & Challenger Training Program(weight: 0%, Id: 2502551) / Deliver MEDDPICC & Challenger training sessions to 100% of relevant teams by 01st June 2025(weight: 0%, Id: 2502553) / Run at least 3 Challenger deep dive conversation / coaching sessions(weight: 0%, Id: 2829394)",Progress,%,100,Objective,Aspirational Goal,0,2025-05-21 14:14:13 UTC,2025-07-15,100,100,Closed,Achieved,1,Checkin Date: 2025-07-15; User: Tjeerd Veninga; Note: Achieved; Metric Name: Progress; Status: Closed; Current Value: 100%; Activity Date: 2025-07-15 13:37:06 UTC;,Checkin Date: 2025-05-21; User: Tjeerd Veninga; Note: ; Metric Name: Progress; Status: On Track; Current Value: 0%; Activity Date: 2025-05-21 14:28:01 UTC;,,,,,,,,,,,,,,,,,,,,,,,,,
2786250,Apply Skills - 15 Group Skill Workouts,Puzzel,Tjeerd Veninga,Tjeerd Veninga,Q2 2025,2025-04-01,2025-06-30,,"Embed Challenger Sale methodology across teams for improved sales performance(weight: 25%, Id: 2786249)",Challenger Sale Methodology,,15,Key result,Aspirational Goal,0,2025-05-21 14:14:13 UTC,2025-07-15,100,15,Closed,Achieved,1,Checkin Date: 2025-07-15; User: Tjeerd Veninga; Note: Achieved; Metric Name: Challenger Sale Methodology; Status: Closed; Current Value: 15; Activity Date: 2025-07-15 13:36:52 UTC;,Checkin Date: 2025-05-22; User: Tjeerd Veninga; Note: ; Metric Name: Challenger Sale Methodology; Status: On Track; Current Value: 15; Activity Date: 2025-05-22 08:53:48 UTC;,Checkin Date: 2025-05-22; User: Tjeerd Veninga; Note: complete; Metric Name: Challenger Sale Methodology; Status: Closed; Current Value: 15; Activity Date: 2025-05-22 08:52:13 UTC;,Checkin Date: 2025-05-21; User: Tjeerd Veninga; Note: ; Metric Name: Challenger Sale Methodology; Status: On Track; Current Value: 15; Activity Date: 2025-05-21 14:53:58 UTC;,Checkin Date: 2025-05-21; User: Tjeerd Veninga; Note: ; Metric Name: Challenger Sale Methodology; Status: On Track; Current Value: 14; Activity Date: 2025-05-21 14:53:27 UTC;,Checkin Date: 2025-05-21; User: Tjeerd Veninga; Note: ; Metric Name: Challenger Sale Methodology; Status: On Track; Current Value: 45; Activity Date: 2025-05-21 14:28:34 UTC;,,,,,,,,,,,,,,,,,,,,,
2786251,Facilitate Challenger Deal Accelerator Training,Puzzel,Tjeerd Veninga,Tjeerd Veninga,Q2 2025,2025-04-01,2025-06-30,,"Embed Challenger Sale methodology across teams for improved sales performance(weight: 25%, Id: 2786249)",Sellers trained,,18,Key result,Aspirational Goal,0,2025-05-21 14:14:14 UTC,2025-07-15,100,18,Closed,Achieved,1,Checkin Date: 2025-07-15; User: Tjeerd Veninga; Note: Achieved; Metric Name: Sellers trained; Status: Closed; Current Value: 18; Activity Date: 2025-07-15 13:36:36 UTC;,Checkin Date: 2025-07-15; User: Tjeerd Veninga; Note: ; Metric Name: Sellers trained; Status: On Track; Current Value: 18; Activity Date: 2025-07-15 12:23:35 UTC;,Checkin Date: 2025-06-30; User: Tjeerd Veninga; Note: ; Metric Name: Sellers trained; Status: Behind; Current Value: 16; Activity Date: 2025-06-30 09:50:44 UTC;,Checkin Date: 2025-06-30; User: Tjeerd Veninga; Note: all available sellers reached and trained; Metric Name: Sellers trained; Status: Closed; Current Value: 16; Activity Date: 2025-06-30 09:30:45 UTC;,Checkin Date: 2025-06-23; User: Tjeerd Veninga; Note: ; Metric Name: Sellers trained; Status: Behind; Current Value: 16; Activity Date: 2025-06-23 12:20:27 UTC;,Checkin Date: 2025-06-23; User: Tjeerd Veninga; Note: ; Metric Name: Sellers trained; Status: On Track; Current Value: 18; Activity Date: 2025-06-23 12:20:14 UTC;,Checkin Date: 2025-05-21; User: Tjeerd Veninga; Note: ; Metric Name: Sellers trained; Status: On Track; Current Value: 18; Activity Date: 2025-05-21 14:30:10 UTC;,Checkin Date: 2025-05-21; User: Tjeerd Veninga; Note: ; Metric Name: Sellers trained; Status: On Track; Current Value: 0; Activity Date: 2025-05-21 14:30:00 UTC;,,,,,,,,,,,,,,,,,,,
2786302,"Workshop: AEs, AMs and managers",Puzzel,Tjeerd Veninga,Tjeerd Veninga,Q2 2025,2025-04-01,2025-06-30,,"Embed Challenger Sale methodology across teams for improved sales performance(weight: 0%, Id: 2786249) / Facilitate Challenger Deal Accelerator Training(weight: 0%, Id: 2786251) / Challenger Sale 1:1 coaching(weight: 0%, Id: 2786292) / Build Challenger Sale onboarding course(weight: 0%, Id: 2786297) / Run at least 3 Challenger deep dive conversation / coaching sessions(weight: 0%, Id: 2829394)",#trained,,21,Deliverable,Aspirational Goal,0,2025-05-21 14:46:36 UTC,2025-07-15,100,21,Closed,Achieved,1,Checkin Date: 2025-07-15; User: Tjeerd Veninga; Note: Achieved; Metric Name: #trained; Status: Closed; Current Value: 21; Activity Date: 2025-07-15 13:34:44 UTC;,Checkin Date: 2025-07-15; User: Tjeerd Veninga; Note: ; Metric Name: #trained; Status: On Track; Current Value: 21; Activity Date: 2025-07-15 12:20:15 UTC;,Checkin Date: 2025-06-30; User: Tjeerd Veninga; Note: ; Metric Name: #trained; Status: On Track; Current Value: 18; Activity Date: 2025-06-30 09:29:04 UTC;,Checkin Date: 2025-06-17; User: Tjeerd Veninga; Note: ; Metric Name: #trained; Status: On Track; Current Value: 18; Activity Date: 2025-06-17 11:59:06 UTC;,Checkin Date: 2025-05-22; User: Tjeerd Veninga; Note: ; Metric Name: #trained; Status: On Track; Current Value: 0; Activity Date: 2025-05-22 12:00:28 UTC;,Checkin Date: 2025-05-22; User: Tjeerd Veninga; Note: Scheduled for June 2nd with redeliveries later in June for those who could not attend; Metric Name: Progress; Status: On Track; Current Value: 0%; Activity Date: 2025-05-22 08:49:59 UTC;,Checkin Date: 2025-05-22; User: Tjeerd Veninga; Note: ; Metric Name: Progress; Status: On Track; Current Value: 0%; Activity Date: 2025-05-22 08:48:44 UTC;,,,,,,,,,,,,,,,,,,,,
2786304,Redeliver Deal Accelerator,Puzzel,Tjeerd Veninga,Tjeerd Veninga,Q2 2025,2025-04-01,2025-06-30,,"Facilitate Challenger Deal Accelerator Training(weight: 100%, Id: 2786251)",Sellers trained,,5,Key result,Aspirational Goal,0,2025-05-21 14:55:21 UTC,2025-05-22,0,0,On Track,,,Checkin Date: 2025-05-22; User: Tjeerd Veninga; Note: ; Metric Name: Sellers trained; Status: On Track; Current Value: 0; Activity Date: 2025-05-22 12:00:23 UTC;,,,,,,,,,,,,,,,,,,,,,,,,,,
2786292,Challenger Sale 1:1 coaching,Puzzel,Tjeerd Veninga,Tjeerd Veninga,Q2 2025,2025-04-01,2025-06-30,,"Embed Challenger Sale methodology across teams for improved sales performance(weight: 25%, Id: 2786249)",Coaching sessions,,10,Key result,Aspirational Goal,0,2025-05-21 14:35:49 UTC,2025-07-15,100,10,Closed,Achieved,1,Checkin Date: 2025-07-15; User: Tjeerd Veninga; Note: Achieved; Metric Name: Coaching sessions; Status: Closed; Current Value: 10; Activity Date: 2025-07-15 13:36:22 UTC;,Checkin Date: 2025-07-15; User: Tjeerd Veninga; Note: ; Metric Name: Coaching sessions; Status: On Track; Current Value: 10; Activity Date: 2025-07-15 12:24:52 UTC;,Checkin Date: 2025-06-17; User: Tjeerd Veninga; Note: ; Metric Name: Coaching sessions; Status: On Track; Current Value: 9; Activity Date: 2025-06-17 12:00:15 UTC;,Checkin Date: 2025-06-17; User: Tjeerd Veninga; Note: ; Metric Name: Coaching sessions; Status: Behind; Current Value: 8; Activity Date: 2025-06-17 12:00:04 UTC;,"Checkin Date: 2025-05-22; User: Tjeerd Veninga; Note: Testing coaching modality, potentially roll out coaching program in Q3/4; Metric Name: Coaching sessions; Status: On Track; Current Value: 6; Activity Date: 2025-05-22 09:56:37 UTC;",Checkin Date: 2025-05-21; User: Tjeerd Veninga; Note: ; Metric Name: Coaching sessions; Status: On Track; Current Value: 6; Activity Date: 2025-05-21 14:35:58 UTC;,,,,,,,,,,,,,,,,,,,,,
2786297,Build Challenger Sale onboarding course,Puzzel,Tjeerd Veninga,Tjeerd Veninga,Q2 2025,2025-04-01,2025-06-30,,"Embed Challenger Sale methodology across teams for improved sales performance(weight: 25%, Id: 2786249)",Sales Onboarding,,1,Key result,Aspirational Goal,0,2025-05-21 14:43:05 UTC,2025-07-15,100,1,Closed,course published,1,Checkin Date: 2025-07-15; User: Tjeerd Veninga; Note: course published; Metric Name: Sales Onboarding; Status: Closed; Current Value: 1; Activity Date: 2025-07-15 13:35:23 UTC;,Checkin Date: 2025-06-30; User: Tjeerd Veninga; Note: ; Metric Name: Sales Onboarding; Status: On Track; Current Value: 1; Activity Date: 2025-06-30 09:50:12 UTC;,Checkin Date: 2025-06-23; User: Tjeerd Veninga; Note: ; Metric Name: Sales Onboarding; Status: On Track; Current Value: 9; Activity Date: 2025-06-23 12:18:59 UTC;,Checkin Date: 2025-06-23; User: Tjeerd Veninga; Note: ; Metric Name: Sales Onboarding; Status: Behind; Current Value: 0.9; Activity Date: 2025-06-23 12:18:41 UTC;,Checkin Date: 2025-06-17; User: Tjeerd Veninga; Note: ; Metric Name: Sales Onboarding; Status: Behind; Current Value: 0.7; Activity Date: 2025-06-17 12:00:24 UTC;,Checkin Date: 2025-06-17; User: Tjeerd Veninga; Note: ; Metric Name: Sales Onboarding; Status: Behind; Current Value: 0.6; Activity Date: 2025-06-17 11:57:43 UTC;,,,,,,,,,,,,,,,,,,,,,
2786253,Accelerate and improve sales qualification with MEDDPICC methodology,Commercial,Tjeerd Veninga,Tjeerd Veninga,Q2 2025,2025-04-01,2025-06-30,,"Launch and Embed MEDDPICC & Challenger Training Program(weight: 0%, Id: 2502551) / Deliver MEDDPICC & Challenger training sessions to 100% of relevant teams by 01st June 2025(weight: 0%, Id: 2502553)",Progress,%,100,Objective,Aspirational Goal,0,2025-05-21 14:14:16 UTC,2025-07-15,100,100,Closed,Achieved,1,Checkin Date: 2025-07-15; User: Tjeerd Veninga; Note: Achieved; Metric Name: Progress; Status: Closed; Current Value: 100%; Activity Date: 2025-07-15 13:37:22 UTC;,Checkin Date: 2025-05-22; User: Tjeerd Veninga; Note: ; Metric Name: Progress; Status: On Track; Current Value: 33%; Activity Date: 2025-05-22 11:59:49 UTC;,,,,,,,,,,,,,,,,,,,,,,,,,
2786254,Leadership training MEDDPICC,Puzzel,Tjeerd Veninga,Tjeerd Veninga,Q2 2025,2025-04-01,2025-06-30,,"Accelerate and improve sales qualification with MEDDPICC methodology(weight: 50%, Id: 2786253)",Manager training coverage,,100,Key result,Aspirational Goal,0,2025-05-21 14:14:16 UTC,2025-07-15,100,100,Closed,Achieved,1,Checkin Date: 2025-07-15; User: Tjeerd Veninga; Note: Achieved; Metric Name: Manager training coverage; Status: Closed; Current Value: 100; Activity Date: 2025-07-15 13:37:36 UTC;,Checkin Date: 2025-06-17; User: Tjeerd Veninga; Note: ; Metric Name: Manager training coverage; Status: On Track; Current Value: 100; Activity Date: 2025-06-17 11:58:17 UTC;,Checkin Date: 2025-05-21; User: Tjeerd Veninga; Note: ; Metric Name: Manager training coverage; Status: On Track; Current Value: 33; Activity Date: 2025-05-21 14:39:27 UTC;,Checkin Date: 2025-05-21; User: Tjeerd Veninga; Note: ; Metric Name: Manager training coverage; Status: At Risk; Current Value: 5; Activity Date: 2025-05-21 14:39:13 UTC;,,,,,,,,,,,,,,,,,,,,,,,
2786256,Seller Training MEDDPICC,Puzzel,Tjeerd Veninga,Tjeerd Veninga,Q2 2025,2025-04-01,2025-06-30,,"Accelerate and improve sales qualification with MEDDPICC methodology(weight: 50%, Id: 2786253)",Training campaign,%,100,Key result,Aspirational Goal,0,2025-05-21 14:14:18 UTC,2025-07-15,100,100,Closed,Achieved,1,Checkin Date: 2025-07-15; User: Tjeerd Veninga; Note: Achieved; Metric Name: Training campaign; Status: Closed; Current Value: 100%; Activity Date: 2025-07-15 13:37:46 UTC;,Checkin Date: 2025-06-17; User: Tjeerd Veninga; Note: ; Metric Name: Training campaign; Status: On Track; Current Value: 100%; Activity Date: 2025-06-17 11:58:31 UTC;,Checkin Date: 2025-05-22; User: Tjeerd Veninga; Note: ; Metric Name: Training campaign; Status: Behind; Current Value: 33%; Activity Date: 2025-05-22 11:55:05 UTC;,Checkin Date: 2025-05-21; User: Tjeerd Veninga; Note: ; Metric Name: Win rate improvement; Status: At Risk; Current Value: 1; Activity Date: 2025-05-21 14:41:44 UTC;,,,,,,,,,,,,,,,,,,,,,,,
2502554,Achieve a 15% increase in pipeline conversion rates within six months of program launch,Commercial,Harriet Edwards,Roland Green,Annual 2025,2025-01-01,2025-07-01,,"Launch and Embed MEDDPICC & Challenger Training Program(weight: 33.33%, Id: 2502551)",Progress,%,100,Key result,Committed Goal,0,2025-03-11 20:28:37 UTC,,0,0,Not Started,,,,,,,,,,,,,,,,,,,,,,,,,,,,,
2840161,Develop Role based coaching program to reinforce Challenger & MEDDPICC implementation,,Tjeerd Veninga,Tjeerd Veninga,Q3 2025,2025-07-01,2025-09-30,,"Launch and Embed MEDDPICC & Challenger Training Program(weight: 0%, Id: 2502551)",Progress,%,100,Objective,Aspirational Goal,0,2025-07-15 15:36:26 UTC,2025-09-26,100,100,On Track,,,Checkin Date: 2025-09-26; User: Tjeerd Veninga; Note: ; Metric Name: Progress; Status: On Track; Current Value: 100%; Activity Date: 2025-09-26 12:54:42 UTC;,Checkin Date: 2025-09-11; User: Tjeerd Veninga; Note: ; Metric Name: Progress; Status: On Track; Current Value: 80%; Activity Date: 2025-09-11 15:06:29 UTC;,Checkin Date: 2025-09-04; User: Tjeerd Veninga; Note: ; Metric Name: Progress; Status: On Track; Current Value: 75%; Activity Date: 2025-09-04 07:24:00 UTC;,Checkin Date: 2025-08-20; User: Tjeerd Veninga; Note: ; Metric Name: Progress; Status: Not Started; Current Value: 0%; Activity Date: 2025-08-20 12:08:27 UTC;,,,,,,,,,,,,,,,,,,,,,,,
2840162,SDR coaching program: Prepare coaches,,Tjeerd Veninga,Tjeerd Veninga,Q3 2025,2025-07-01,2025-09-30,,"Develop Role based coaching program to reinforce Challenger & MEDDPICC implementation(weight: 33.33%, Id: 2840161)",Progress,%,100,Deliverable,Aspirational Goal,0,2025-07-15 15:37:19 UTC,2025-09-04,100,100,On Track,,,Checkin Date: 2025-09-04; User: Tjeerd Veninga; Note: ; Metric Name: Progress; Status: On Track; Current Value: 100%; Activity Date: 2025-09-04 07:22:32 UTC;,Checkin Date: 2025-08-20; User: Tjeerd Veninga; Note: ; Metric Name: Progress; Status: On Track; Current Value: 65%; Activity Date: 2025-08-20 12:07:17 UTC;,,,,,,,,,,,,,,,,,,,,,,,,,
2840163,"Build pilot program: program rules, rubric, guidance",,Tjeerd Veninga,Tjeerd Veninga,Q3 2025,2025-07-01,2025-09-30,,"Develop Role based coaching program to reinforce Challenger & MEDDPICC implementation(weight: 33.33%, Id: 2840161)",Progress,%,100,Deliverable,Aspirational Goal,0,2025-07-15 15:37:44 UTC,2025-09-04,100,100,On Track,,,Checkin Date: 2025-09-04; User: Tjeerd Veninga; Note: ; Metric Name: Progress; Status: On Track; Current Value: 100%; Activity Date: 2025-09-04 07:23:14 UTC;,Checkin Date: 2025-07-23; User: Tjeerd Veninga; Note: ; Metric Name: Progress; Status: On Track; Current Value: 75%; Activity Date: 2025-07-23 08:56:38 UTC;,Checkin Date: 2025-07-22; User: Tjeerd Veninga; Note: ; Metric Name: Progress; Status: On Track; Current Value: 60%; Activity Date: 2025-07-22 08:14:05 UTC;,,,,,,,,,,,,,,,,,,,,,,,,
2840164,Coach & Certify all SDRs,,Tjeerd Veninga,Tjeerd Veninga,Q3 2025,2025-07-01,2025-09-30,,"Develop Role based coaching program to reinforce Challenger & MEDDPICC implementation(weight: 33.33%, Id: 2840161)",SDRs certified,,3,Deliverable,Aspirational Goal,0,2025-07-15 15:38:14 UTC,2025-09-25,2666.666667,80,On Track,,,Checkin Date: 2025-09-25; User: Tjeerd Veninga; Note: ; Metric Name: SDRs certified; Status: On Track; Current Value: 80; Activity Date: 2025-09-25 07:15:09 UTC;,,,,,,,,,,,,,,,,,,,,,,,,,,
2840165,Build Challenger Insights Library - stage 1,,Tjeerd Veninga,Tjeerd Veninga,Q3 2025,2025-07-01,2025-09-30,,"Launch and Embed MEDDPICC & Challenger Training Program(weight: 0%, Id: 2502551)",Progress,%,100,Objective,Aspirational Goal,0,2025-07-15 15:40:39 UTC,,0,0,Not Started,,,,,,,,,,,,,,,,,,,,,,,,,,,,,
2840166,Build Challenger Insights program - community generated content,,Tjeerd Veninga,Tjeerd Veninga,Q3 2025,2025-07-01,2025-09-30,,"Build Challenger Insights Library - stage 1(weight: 50%, Id: 2840165)",Progress,%,100,Deliverable,Aspirational Goal,0,2025-07-15 15:41:26 UTC,,0,0,Not Started,,,,,,,,,,,,,,,,,,,,,,,,,,,,,
2840167,Capture initial 5 Insights,,Tjeerd Veninga,Tjeerd Veninga,Q3 2025,2025-07-01,2025-09-30,,"Build Challenger Insights Library - stage 1(weight: 50%, Id: 2840165)",Insights captured,,5,Deliverable,Aspirational Goal,0,2025-07-15 15:42:11 UTC,,0,0,Not Started,,,,,,,,,,,,,,,,,,,,,,,,,,,,,
2325389,Deliver 30m of NB Bookings in Q1 (5m coming from AI),Commercial,Roland Green,Roland Green,Q1 2025,2025-01-01,2025-03-31,,"Improve NB sales execution(weight: 14.29%, Id: 2295801)",Progress,%,100,Key result,Aspirational Goal,0,2024-12-19 16:29:03 UTC,2025-05-02,100,100,Closed,closed well above OKR but with Tryg saving the day. Q2 requires a more consistent approach on BAU closure.,1,Checkin Date: 2025-05-02; User: Roland Green; Note: closed well above OKR but with Tryg saving the day. Q2 requires a more consistent approach on BAU closure.; Metric Name: Progress; Status: Closed; Current Value: 100%; Activity Date: 2025-05-02 12:38:32 UTC;,Checkin Date: 2025-05-02; User: Roland Green; Note: Delivered 41m of bookings vs budget of 28m with 7m of AI bookings at 15% attach rate; Metric Name: Progress; Status: On Track; Current Value: 100%; Activity Date: 2025-05-02 12:37:53 UTC;,Checkin Date: 2025-04-16; User: Harriet Edwards; Note: Completed; Metric Name: Progress; Status: Closed; Current Value: 100%; Activity Date: 2025-04-16 08:07:52 UTC;,Checkin Date: 2025-04-08; User: Roland Green; Note: 41.2m vs budget of 28m (148%) with 8m of AI so ahead on both fronts; Metric Name: Progress; Status: On Track; Current Value: 100%; Activity Date: 2025-04-08 19:05:50 UTC;,"Checkin Date: 2025-03-10; User: Roland Green; Note: AI Bookings 94% - 3.1m (inc Capturi standalone) at end of Feb so close to budget
Overall NB bookings 74% of budget at end of Feb 7.2 vs 9.8; Metric Name: Progress; Status: Behind; Current Value: 80%; Activity Date: 2025-03-10 20:53:40 UTC;",,,,,,,,,,,,,,,,,,,,,,
2325390,Enhance qualified Pipeline Generation through Structured AE/SDR Outreach,Commercial,Roland Green,Jon Phillip Bodholdt,Q1 2025,2025-01-01,2025-03-31,,"Improve NB sales execution(weight: 0%, Id: 2295801)",Progress,%,100,Deliverable,Aspirational Goal,0,2024-12-19 16:30:57 UTC,2025-05-02,100,100,Closed,"record Qtr in Q1 for SDR in part down to significant progress on ABM process, with well defined RACI, tracker and bi weekly cadence leading to joined up sales, marketing and process plans",1,"Checkin Date: 2025-05-02; User: Roland Green; Note: record Qtr in Q1 for SDR in part down to significant progress on ABM process, with well defined RACI, tracker and bi weekly cadence leading to joined up sales, marketing and process plans; Metric Name: Progress; Status: Closed; Current Value: 100%; Activity Date: 2025-05-02 12:39:37 UTC;","Checkin Date: 2025-04-08; User: Roland Green; Note: SDR well outperformed the POR in Q1 for the first time, due to excellent leadership and the ABM project beginning to deliver value.; Metric Name: Progress; Status: On Track; Current Value: 100%; Activity Date: 2025-04-08 19:07:06 UTC;",Checkin Date: 2025-03-10; User: Roland Green; Note: All AEs now have 100 ABM accounts lodged and in the system and we are now kicking off the programs. Sweden is the exceptions as not all AE at 100 each due to challenges with ICP and TAM; Metric Name: Progress; Status: On Track; Current Value: 90%; Activity Date: 2025-03-10 10:58:15 UTC;,,,,,,,,,,,,,,,,,,,,,,,,
2325391,Improve Sales Execution/MEDDPIC/Challenger Focus  (Enterprise grade/AI),Commercial,Roland Green,Jon Phillip Bodholdt,Q1 2025,2025-01-01,2025-03-31,,"Improve NB sales execution(weight: 0%, Id: 2295801)",Progress,%,100,Deliverable,Aspirational Goal,0,2024-12-19 16:31:19 UTC,2025-05-02,100,100,Closed,"great start to this initiative with visible change in close rates, moving from 16% to 35% in deal count in q1. Q2 is where we need Directors to embed this into team via their own coaching skill and knowledge, applied consistently over time.",1,"Checkin Date: 2025-05-02; User: Roland Green; Note: great start to this initiative with visible change in close rates, moving from 16% to 35% in deal count in q1. Q2 is where we need Directors to embed this into team via their own coaching skill and knowledge, applied consistently over time.; Metric Name: Progress; Status: Closed; Current Value: 100%; Activity Date: 2025-05-02 12:41:03 UTC;",Checkin Date: 2025-03-10; User: Roland Green; Note: Very strong start in Q1 with Kick off of Both Challenger / MEDDPICC and all E- learning completed as 4 from 4 workshops completed as scheduled in Q1. Sessions for MEDDPICC workshop are now scheduled and will kick off in Q2 in line with phasing the joint program reasonably.; Metric Name: Progress; Status: On Track; Current Value: 100%; Activity Date: 2025-03-10 11:00:28 UTC;,,,,,,,,,,,,,,,,,,,,,,,,,
2822543,Improving deal velocity through Partner Enablement,Commercial,Sundeep Boughan,Sundeep Boughan,Q3 2025,2025-07-01,2025-09-30,,"Improve NB sales execution(weight: 0%, Id: 2295801) / Develop the partner ecosystem(weight: 0%, Id: 2786404)",Progress,%,100,Objective,Aspirational Goal,0,2025-06-30 13:28:10 UTC,2025-11-13,10,10,Closed,Closed,0.1,Checkin Date: 2025-11-13; User: Sundeep Boughan; Note: Closed; Metric Name: Progress; Status: Closed; Current Value: 10%; Activity Date: 2025-11-13 12:06:52 UTC;,,,,,,,,,,,,,,,,,,,,,,,,,,
2822573,Enable 6 Key partners to have completed online Puzzel Academy in Bid Management,Commercial,Sundeep Boughan,Sundeep Boughan,Q3 2025,2025-07-01,2025-09-30,,"Improving deal velocity through Partner Enablement(weight: 50%, Id: 2822543)",Progress,%,100,Key result,Aspirational Goal,0,2025-06-30 13:29:59 UTC,2025-11-13,20,20,At Risk,,,Checkin Date: 2025-11-13; User: Sundeep Boughan; Note: ; Metric Name: Progress; Status: At Risk; Current Value: 20%; Activity Date: 2025-11-13 11:19:20 UTC;,,,,,,,,,,,,,,,,,,,,,,,,,,
2829852,Develop & Launch Comprehensive Puzzel Academy Bid Management Module,Commercial,Sundeep Boughan,Sundeep Boughan,Q3 2025,2025-07-01,2025-09-30,,"Enable 6 Key partners to have completed online Puzzel Academy in Bid Management(weight: 0%, Id: 2822573)",Progress,%,100,Deliverable,Aspirational Goal,0,2025-07-04 07:10:41 UTC,2025-07-18,100,100,On Track,,,Checkin Date: 2025-07-18; User: Sundeep Boughan; Note: ; Metric Name: Progress; Status: On Track; Current Value: 100%; Activity Date: 2025-07-18 12:15:11 UTC;,,,,,,,,,,,,,,,,,,,,,,,,,,
2829854,Identify and Onboard Target Partners,Commercial,Sundeep Boughan,Sundeep Boughan,Q3 2025,2025-07-01,2025-09-30,,"Enable 6 Key partners to have completed online Puzzel Academy in Bid Management(weight: 0%, Id: 2822573)",Progress,%,100,Deliverable,Aspirational Goal,0,2025-07-04 07:11:27 UTC,2025-09-12,60,60,On Track,,,Checkin Date: 2025-09-12; User: Sundeep Boughan; Note: ; Metric Name: Progress; Status: On Track; Current Value: 60%; Activity Date: 2025-09-12 07:54:21 UTC;,Checkin Date: 2025-08-06; User: Sundeep Boughan; Note: ; Metric Name: Progress; Status: On Track; Current Value: 60%; Activity Date: 2025-08-06 12:13:55 UTC;,Checkin Date: 2025-07-18; User: Sundeep Boughan; Note: ; Metric Name: Progress; Status: On Track; Current Value: 30%; Activity Date: 2025-07-18 12:15:17 UTC;,,,,,,,,,,,,,,,,,,,,,,,,
2829857,Track Progress via LMS Reporting,Commercial,Sundeep Boughan,Sundeep Boughan,Q3 2025,2025-07-01,2025-09-30,,"Enable 6 Key partners to have completed online Puzzel Academy in Bid Management(weight: 0%, Id: 2822573)",Progress,%,100,Deliverable,Aspirational Goal,0,2025-07-04 07:12:08 UTC,2025-09-12,30,30,At Risk,,,Checkin Date: 2025-09-12; User: Sundeep Boughan; Note: ; Metric Name: Progress; Status: At Risk; Current Value: 30%; Activity Date: 2025-09-12 07:54:17 UTC;,Checkin Date: 2025-09-04; User: Sundeep Boughan; Note: ; Metric Name: Progress; Status: At Risk; Current Value: 30%; Activity Date: 2025-09-04 14:23:07 UTC;,,,,,,,,,,,,,,,,,,,,,,,,,
2862220,Run a pilot of 2 partners in the UK to get them enabled,Commercial,Sundeep Boughan,Sundeep Boughan,Q3 2025,2025-07-01,2025-09-30,,"Enable 6 Key partners to have completed online Puzzel Academy in Bid Management(weight: 0%, Id: 2822573)",Progress,%,100,Deliverable,Aspirational Goal,0,2025-09-04 14:23:45 UTC,2025-09-12,50,50,Behind,,,Checkin Date: 2025-09-12; User: Sundeep Boughan; Note: ; Metric Name: Progress; Status: Behind; Current Value: 50%; Activity Date: 2025-09-12 07:54:14 UTC;,Checkin Date: 2025-09-04; User: Sundeep Boughan; Note: ; Metric Name: Progress; Status: Behind; Current Value: 50%; Activity Date: 2025-09-04 14:24:18 UTC;,,,,,,,,,,,,,,,,,,,,,,,,,
2822591,Partners to complete 50% of bid responses for all new business deals,Commercial,Sundeep Boughan,Sundeep Boughan,Q3 2025,2025-07-01,2025-09-30,,"Improving deal velocity through Partner Enablement(weight: 50%, Id: 2822543)",Progress,%,100,Key result,Aspirational Goal,0,2025-06-30 13:33:25 UTC,,0,0,Not Started,,,,,,,,,,,,,,,,,,,,,,,,,,,,,
2829858,Create a Partner Bid Toolkit,Commercial,Sundeep Boughan,Sundeep Boughan,Q3 2025,2025-07-01,2025-09-30,,"Partners to complete 50% of bid responses for all new business deals(weight: 0%, Id: 2822591)",Progress,%,100,Deliverable,Aspirational Goal,0,2025-07-04 07:12:35 UTC,2025-08-06,10,10,Behind,,,Checkin Date: 2025-08-06; User: Sundeep Boughan; Note: ; Metric Name: Progress; Status: Behind; Current Value: 10%; Activity Date: 2025-08-06 12:14:42 UTC;,Checkin Date: 2025-07-18; User: Sundeep Boughan; Note: ; Metric Name: Progress; Status: Behind; Current Value: 10%; Activity Date: 2025-07-18 12:15:25 UTC;,,,,,,,,,,,,,,,,,,,,,,,,,
2829861,Set Up Partner Co-Bid Process,Commercial,Sundeep Boughan,Sundeep Boughan,Q3 2025,2025-07-01,2025-09-30,,"Partners to complete 50% of bid responses for all new business deals(weight: 0%, Id: 2822591)",Progress,%,100,Deliverable,Aspirational Goal,0,2025-07-04 07:13:05 UTC,2025-09-12,30,30,On Track,,,Checkin Date: 2025-09-12; User: Sundeep Boughan; Note: ; Metric Name: Progress; Status: On Track; Current Value: 30%; Activity Date: 2025-09-12 07:54:32 UTC;,Checkin Date: 2025-08-06; User: Sundeep Boughan; Note: ; Metric Name: Progress; Status: On Track; Current Value: 30%; Activity Date: 2025-08-06 12:14:38 UTC;,Checkin Date: 2025-07-18; User: Sundeep Boughan; Note: ; Metric Name: Progress; Status: On Track; Current Value: 30%; Activity Date: 2025-07-18 12:15:30 UTC;,,,,,,,,,,,,,,,,,,,,,,,,
2325392,Accelerate Sales Cycle and improve Close rate,Commercial,Roland Green,Jon Phillip Bodholdt,Q1 2025,2025-01-01,2025-03-31,,"Improve NB sales execution(weight: 0%, Id: 2295801)",Progress,%,100,Deliverable,Aspirational Goal,0,2024-12-19 16:31:45 UTC,2025-05-02,100,100,Closed,"165 improved to 35% in deal count win rate, huge step forward exceeding the goal of 25%",1,"Checkin Date: 2025-05-02; User: Roland Green; Note: 165 improved to 35% in deal count win rate, huge step forward exceeding the goal of 25%; Metric Name: Progress; Status: Closed; Current Value: 100%; Activity Date: 2025-05-02 12:41:42 UTC;",Checkin Date: 2025-04-08; User: Roland Green; Note: win rate has moved from 14% to 45% at end of Q1 with sale cycle 6.6 months holding steady; Metric Name: Progress; Status: On Track; Current Value: 100%; Activity Date: 2025-04-08 19:11:38 UTC;,"Checkin Date: 2025-03-10; User: Roland Green; Note: 176 days during Q1 so far so 5.8 months vs 7 months in 2025
Win rate = 16% in Q1 vs 13.1%; Metric Name: Progress; Status: On Track; Current Value: 80%; Activity Date: 2025-03-10 20:30:43 UTC;",,,,,,,,,,,,,,,,,,,,,,,,
2772563,Exceed 25m of NB bookings in Q2 with 40% coming from AI (10m),Commercial,Roland Green,Roland Green,Q2 2025,2025-04-01,2025-06-30,,"Improve NB sales execution(weight: 14.29%, Id: 2295801)",Progress,%,100,Key result,Aspirational Goal,0,2025-05-02 13:30:34 UTC,2025-08-19,74,74,Closed,"Came short at 18,4M",0.7,"Checkin Date: 2025-08-19; User: Frederic Laziou; Note: Came short at 18,4M; Metric Name: Progress; Status: Closed; Current Value: 74%; Activity Date: 2025-08-19 10:23:36 UTC;",Checkin Date: 2025-07-01; User: Roland Green; Note: 20.2 vs 25 (81%) albeit above Budget with 3.9m vs 10m in AI bookings ( 39%); Metric Name: Progress; Status: Behind; Current Value: 81%; Activity Date: 2025-07-01 16:53:26 UTC;,,,,,,,,,,,,,,,,,,,,,,,,,
2903143,Create a demo strategy that drives consistency and impact across the entire Puzzel ecosystem.,Commercial,Sundeep Boughan,Sundeep Boughan,Q4 2025,2025-10-01,2025-12-31,,"Exceed 25m of NB bookings in Q2 with 40% coming from AI (10m)(weight: 0%, Id: 2772563)",Progress,%,100,Objective,Aspirational Goal,0,2025-11-13 11:47:54 UTC,2025-11-13,34,34,Behind,,,,,,,,,,,,,,,,,,,,,,,,,,,,,
2903144,Establish and implement a Demo Instance Ownership Policy to ensure clear accountability and maintenance standards across 100 % of demo environments.,Commercial,Sundeep Boughan,Sundeep Boughan,Q4 2025,2025-10-01,2025-12-31,,"Create a demo strategy that drives consistency and impact across the entire Puzzel ecosystem.(weight: 25%, Id: 2903143)",Progress,%,100,Key result,Aspirational Goal,0,2025-11-13 11:49:04 UTC,2025-11-13,80,80,On Track,,,Checkin Date: 2025-11-13; User: Sundeep Boughan; Note: ; Metric Name: Progress; Status: On Track; Current Value: 80%; Activity Date: 2025-11-13 11:54:09 UTC;,,,,,,,,,,,,,,,,,,,,,,,,,,
2903145,Develop a “How to Demo” Guide and Onboarding Plan to enable consistent delivery across regions and roles.,Commercial,Sundeep Boughan,Sundeep Boughan,Q4 2025,2025-10-01,2025-12-31,,"Create a demo strategy that drives consistency and impact across the entire Puzzel ecosystem.(weight: 25%, Id: 2903143)",Progress,%,100,Key result,Aspirational Goal,0,2025-11-13 11:49:21 UTC,2025-11-13,40,40,Behind,,,Checkin Date: 2025-11-13; User: Sundeep Boughan; Note: ; Metric Name: Progress; Status: Behind; Current Value: 40%; Activity Date: 2025-11-13 11:54:19 UTC;,,,,,,,,,,,,,,,,,,,,,,,,,,
2903146,"Design and build 4 Standardised Use Cases that highlight the full Puzzel portfolio, mapped to key verticals",Commercial,Sundeep Boughan,Sundeep Boughan,Q4 2025,2025-10-01,2025-12-31,,"Create a demo strategy that drives consistency and impact across the entire Puzzel ecosystem.(weight: 25%, Id: 2903143)",Progress,%,100,Key result,Aspirational Goal,0,2025-11-13 11:49:39 UTC,2025-11-13,15,15,At Risk,,,Checkin Date: 2025-11-13; User: Sundeep Boughan; Note: ; Metric Name: Progress; Status: At Risk; Current Value: 15%; Activity Date: 2025-11-13 11:54:24 UTC;,,,,,,,,,,,,,,,,,,,,,,,,,,
2903147,"Enable >90% Sales Engineering, Customer Success, and Sales teams to confidently demonstrate the new portfolio demos.",Commercial,Sundeep Boughan,Sundeep Boughan,Q4 2025,2025-10-01,2025-12-31,,"Create a demo strategy that drives consistency and impact across the entire Puzzel ecosystem.(weight: 25%, Id: 2903143)",Progress,%,100,Key result,Aspirational Goal,0,2025-11-13 11:49:58 UTC,,0,0,Not Started,,,,,,,,,,,,,,,,,,,,,,,,,,,,,
2772565,"Locate, engage and prepare 2 x Major deal pursuits for H2 2025 with Exec engagement launched in Q2",Commercial,Roland Green,Roland Green,Q2 2025,2025-04-01,2025-06-30,,"Improve NB sales execution(weight: 14.29%, Id: 2295801)",Progress,%,100,Key result,Aspirational Goal,0,2025-05-02 13:32:15 UTC,2025-11-10,100,100,Closed,completed at 100%,1,Checkin Date: 2025-11-10; User: Roland Green; Note: completed at 100%; Metric Name: Progress; Status: Closed; Current Value: 100%; Activity Date: 2025-11-10 20:01:23 UTC;,Checkin Date: 2025-07-01; User: Roland Green; Note: SEB 18m Nok located by SDR in Q2 and now actively worked by Robban; Metric Name: Progress; Status: On Track; Current Value: 100%; Activity Date: 2025-07-01 16:58:35 UTC;,,,,,,,,,,,,,,,,,,,,,,,,,
2800570,"Locate, engage and prepare 2x Major deal pursuits for H2 with Exec engagement​",Commercial,Jon Phillip Bodholdt,Jon Phillip Bodholdt,Q2 2025,2025-04-01,2025-06-30,,"Improve NB sales execution(weight: 0%, Id: 2295801)",Progress,%,100,Objective,Aspirational Goal,0,2025-06-13 11:18:40 UTC,2025-11-09,100,100,On Track,Finalizing in Q3. SEB identified as one of them.,,Checkin Date: 2025-11-09; User: Jon Phillip Bodholdt; Note: ; Metric Name: Progress; Status: On Track; Current Value: 100%; Activity Date: 2025-11-09 08:36:38 UTC;,Checkin Date: 2025-09-12; User: Jon Phillip Bodholdt; Note: Finalizing in Q3. SEB identified as one of them.; Metric Name: Progress; Status: Behind; Current Value: 80%; Activity Date: 2025-09-12 06:28:46 UTC;,Checkin Date: 2025-08-08; User: Jon Phillip Bodholdt; Note: ; Metric Name: Progress; Status: Behind; Current Value: 80%; Activity Date: 2025-08-08 06:59:30 UTC;,Checkin Date: 2025-07-02; User: Jon Phillip Bodholdt; Note: Finalizing in Q3. SEB identified as one of them.; Metric Name: Progress; Status: Behind; Current Value: 70%; Activity Date: 2025-07-02 05:42:08 UTC;,,,,,,,,,,,,,,,,,,,,,,,
2800577,5 deals to be located in Q2 (+5 mill ARR each)​,Commercial,Jon Phillip Bodholdt,Jon Phillip Bodholdt,Q2 2025,2025-04-01,2025-06-30,,"Locate, engage and prepare 2x Major deal pursuits for H2 with Exec engagement​(weight: 100%, Id: 2800570)",Initiating major deal reviews with top 5 deals,,5,Key result,Aspirational Goal,0,2025-06-13 11:21:06 UTC,2025-09-12,2000,100,On Track,"TRYG / Callabrio
TRYG SFDC
GOTEBORG
DS Holding
Achmea",,"Checkin Date: 2025-09-12; User: Jon Phillip Bodholdt; Note: TRYG / Callabrio
TRYG SFDC
GOTEBORG
DS Holding
Achmea; Metric Name: Initiating major deal reviews with top 5 deals; Status: On Track; Current Value: 100; Activity Date: 2025-09-12 06:31:26 UTC;",Checkin Date: 2025-09-12; User: Jon Phillip Bodholdt; Note: ; Metric Name: Initiating major deal reviews with top 5 deals; Status: On Track; Current Value: 100; Activity Date: 2025-09-12 06:27:55 UTC;,Checkin Date: 2025-08-08; User: Jon Phillip Bodholdt; Note: ; Metric Name: Initiating major deal reviews with top 5 deals; Status: On Track; Current Value: 80; Activity Date: 2025-08-08 06:59:21 UTC;,Checkin Date: 2025-08-08; User: Jon Phillip Bodholdt; Note: ; Metric Name: Initiating major deal reviews with top 5 deals; Status: On Track; Current Value: 100; Activity Date: 2025-08-08 06:58:37 UTC;,Checkin Date: 2025-07-02; User: Jon Phillip Bodholdt; Note: Consolidating inputs from the teams; Metric Name: Initiating major deal reviews with top 5 deals; Status: At Risk; Current Value: 3; Activity Date: 2025-07-02 05:45:18 UTC;,Checkin Date: 2025-07-02; User: Jon Phillip Bodholdt; Note: ; Metric Name: Initiating major deal reviews with top 5 deals; Status: At Risk; Current Value: 3; Activity Date: 2025-07-02 05:44:38 UTC;,,,,,,,,,,,,,,,,,,,,,
2829377,Run deal reviews based on ARR size,Commercial,Jon Phillip Bodholdt,Jon Phillip Bodholdt,Q2 2025,2025-04-01,2025-06-30,,"5 deals to be located in Q2 (+5 mill ARR each)​(weight: 0%, Id: 2800577)",Progress,%,100,Deliverable,Aspirational Goal,0,2025-07-03 14:46:20 UTC,2025-07-03,100,100,On Track,,,Checkin Date: 2025-07-03; User: Jon Phillip Bodholdt; Note: ; Metric Name: Progress; Status: On Track; Current Value: 100%; Activity Date: 2025-07-03 14:54:21 UTC;,Checkin Date: 2025-07-03; User: Jon Phillip Bodholdt; Note: ; Metric Name: Progress; Status: At Risk; Current Value: 70%; Activity Date: 2025-07-03 14:54:07 UTC;,,,,,,,,,,,,,,,,,,,,,,,,,
2800583,Exceed 25 mill of NB Bookings with 40% coming from AI​,Commercial,Jon Phillip Bodholdt,Jon Phillip Bodholdt,Q2 2025,2025-04-01,2025-06-30,,"Improve NB sales execution(weight: 0%, Id: 2295801)",Progress,%,100,Objective,Aspirational Goal,0,2025-06-13 11:25:58 UTC,2025-11-10,90,90,Closed,completed,0.9,Checkin Date: 2025-11-10; User: Roland Green; Note: completed; Metric Name: Progress; Status: Closed; Current Value: 90%; Activity Date: 2025-11-10 20:02:43 UTC;,Checkin Date: 2025-07-03; User: Jon Phillip Bodholdt; Note: ; Metric Name: Progress; Status: Behind; Current Value: 90%; Activity Date: 2025-07-03 07:53:28 UTC;,Checkin Date: 2025-07-02; User: Jon Phillip Bodholdt; Note: Af few slips - although at 63 mill H1. Over 50% is AI; Metric Name: Progress; Status: Behind; Current Value: 80%; Activity Date: 2025-07-02 05:43:27 UTC;,,,,,,,,,,,,,,,,,,,,,,,,
2829394,Run at least 3 Challenger deep dive conversation / coaching sessions,Commercial,Jon Phillip Bodholdt,Jon Phillip Bodholdt,Q2 2025,2025-04-01,2025-06-30,,"Exceed 25 mill of NB Bookings with 40% coming from AI​(weight: 100%, Id: 2800583)",Progress,%,100,Key result,Aspirational Goal,0,2025-07-03 14:50:33 UTC,2025-08-08,100,100,On Track,Done,,Checkin Date: 2025-08-08; User: Jon Phillip Bodholdt; Note: Done; Metric Name: Progress; Status: On Track; Current Value: 100%; Activity Date: 2025-08-08 06:57:46 UTC;,Checkin Date: 2025-07-03; User: Jon Phillip Bodholdt; Note: ; Metric Name: Progress; Status: On Track; Current Value: 100%; Activity Date: 2025-07-03 14:53:05 UTC;,,,,,,,,,,,,,,,,,,,,,,,,,
2829395,Combine each session with MEDDPICC (MIC) Qualification,Commercial,Jon Phillip Bodholdt,Jon Phillip Bodholdt,Q2 2025,2025-04-01,2025-06-30,,"Run at least 3 Challenger deep dive conversation / coaching sessions(weight: 0%, Id: 2829394)",Progress,%,100,Deliverable,Aspirational Goal,0,2025-07-03 14:52:47 UTC,2025-07-03,100,100,On Track,,,Checkin Date: 2025-07-03; User: Jon Phillip Bodholdt; Note: ; Metric Name: Progress; Status: On Track; Current Value: 100%; Activity Date: 2025-07-03 14:53:14 UTC;,,,,,,,,,,,,,,,,,,,,,,,,,,
2826209,Exceed 20m of NB Bookings in Q3 (with 40% coming from AI - 8m),Commercial,Roland Green,"Jon Phillip Bodholdt, Roland Green",Q3 2025,2025-07-01,2025-09-30,,"Improve NB sales execution(weight: 14.29%, Id: 2295801)",Progress,%,100,Key result,Aspirational Goal,0,2025-07-01 19:19:00 UTC,2025-11-11,43,43,Closed,up[dated with AI Bookings,0.4,Checkin Date: 2025-11-11; User: Roland Green; Note: up[dated with AI Bookings; Metric Name: Progress; Status: Closed; Current Value: 43%; Activity Date: 2025-11-11 13:58:18 UTC;,"Checkin Date: 2025-11-11; User: Roland Green; Note: 8.7m closed vs goal of 20m (43%) and 2.4m AI bookings in Q3 (30%), very poor qtr overall.; Metric Name: Progress; Status: At Risk; Current Value: 43%; Activity Date: 2025-11-11 13:57:57 UTC;","Checkin Date: 2025-11-10; User: Roland Green; Note: 8.7m closed vs goal of 20m (43%) and no AI bookings in Q3, very poor qtr overall.; Metric Name: Progress; Status: Closed; Current Value: 43%; Activity Date: 2025-11-10 19:46:15 UTC;","Checkin Date: 2025-11-10; User: Roland Green; Note: 8.7m closed vs goal of 20m (43%) and no AI bookings in Q3, very poor qtr overall.; Metric Name: Progress; Status: At Risk; Current Value: 43%; Activity Date: 2025-11-10 19:45:34 UTC;",Checkin Date: 2025-09-11; User: Roland Green; Note: 4m Nb delivered vs goal of 11m (36%) and with Sep forecast landing point looks like 10.5m vs 20m goal (53%); Metric Name: Progress; Status: At Risk; Current Value: 30%; Activity Date: 2025-09-11 08:53:54 UTC;,Checkin Date: 2025-08-08; User: Jon Phillip Bodholdt; Note: ; Metric Name: Progress; Status: At Risk; Current Value: 10%; Activity Date: 2025-08-08 06:54:33 UTC;,Checkin Date: 2025-08-06; User: Roland Green; Note: 750k closed in July vs forecast of 2.2m and budget of 3.9m (19%); Metric Name: Progress; Status: At Risk; Current Value: 2%; Activity Date: 2025-08-06 08:52:58 UTC;,Checkin Date: 2025-07-02; User: Jon Phillip Bodholdt; Note: ; Metric Name: Progress; Status: On Track; Current Value: 2%; Activity Date: 2025-07-02 06:09:49 UTC;,,,,,,,,,,,,,,,,,,,
2826428,Implement deal reviews based on MEDDPICC template,Commercial,Jon Phillip Bodholdt,"Jon Phillip Bodholdt, Roland Green",Q3 2025,2025-07-01,2025-09-30,,"Exceed 20m of NB Bookings in Q3 (with 40% coming from AI - 8m)(weight: 0%, Id: 2826209)",Progress,%,100,Objective,Aspirational Goal,0,2025-07-02 05:58:58 UTC,2025-09-12,100,100,On Track,Pinpointing those deal to focus on Q3 + Q4 pull forwards,,Checkin Date: 2025-08-08; User: Jon Phillip Bodholdt; Note: Pinpointing those deal to focus on Q3 + Q4 pull forwards; Metric Name: Progress; Status: On Track; Current Value: 20%; Activity Date: 2025-08-08 06:56:13 UTC;,,,,,,,,,,,,,,,,,,,,,,,,,,
2826432,Run at least 3 MEDDPICC Deal reviews,Commercial,Jon Phillip Bodholdt,"Jon Phillip Bodholdt, Roland Green",Q3 2025,2025-07-01,2025-09-30,,"Implement deal reviews based on MEDDPICC template(weight: 100%, Id: 2826428)",Progress,%,100,Key result,Aspirational Goal,0,2025-07-02 05:59:59 UTC,2025-09-12,100,100,On Track,"Done - Running on a regular basis and focus on M, I, C",,"Checkin Date: 2025-09-12; User: Jon Phillip Bodholdt; Note: Done - Running on a regular basis and focus on M, I, C; Metric Name: Progress; Status: On Track; Current Value: 100%; Activity Date: 2025-09-12 06:35:38 UTC;",Checkin Date: 2025-09-12; User: Jon Phillip Bodholdt; Note: Done - RG Involved; Metric Name: Progress; Status: On Track; Current Value: 100%; Activity Date: 2025-09-12 06:32:45 UTC;,Checkin Date: 2025-09-12; User: Jon Phillip Bodholdt; Note: ; Metric Name: Progress; Status: On Track; Current Value: 100%; Activity Date: 2025-09-12 06:32:27 UTC;,Checkin Date: 2025-07-02; User: Jon Phillip Bodholdt; Note: ; Metric Name: Progress; Status: On Track; Current Value: 20%; Activity Date: 2025-07-02 06:00:25 UTC;,,,,,,,,,,,,,,,,,,,,,,,
2826554,Align with Tjeerd on training and framework,Commercial,Jon Phillip Bodholdt,"Jon Phillip Bodholdt, Roland Green",Q3 2025,2025-07-01,2025-09-30,,"Run at least 3 MEDDPICC Deal reviews(weight: 0%, Id: 2826432)",Progress,%,100,Deliverable,Aspirational Goal,0,2025-07-02 06:41:46 UTC,2025-11-09,100,100,On Track,,,Checkin Date: 2025-11-09; User: Jon Phillip Bodholdt; Note: ; Metric Name: Progress; Status: On Track; Current Value: 100%; Activity Date: 2025-11-09 08:30:58 UTC;,Checkin Date: 2025-11-09; User: Jon Phillip Bodholdt; Note: ; Metric Name: Progress; Status: At Risk; Current Value: 70%; Activity Date: 2025-11-09 08:30:47 UTC;,Checkin Date: 2025-09-01; User: Jon Phillip Bodholdt; Note: ; Metric Name: Progress; Status: At Risk; Current Value: 40%; Activity Date: 2025-09-01 14:01:25 UTC;,Checkin Date: 2025-07-03; User: Jon Phillip Bodholdt; Note: ; Metric Name: Progress; Status: On Track; Current Value: 10%; Activity Date: 2025-07-03 07:54:43 UTC;,,,,,,,,,,,,,,,,,,,,,,,
2826210,Double Quota Hitters from 3 - 6 in Q3 (45% of team),Commercial,Roland Green,"Jon Phillip Bodholdt, Roland Green",Annual 2025,2025-01-01,2025-12-31,,"Improve NB sales execution(weight: 14.29%, Id: 2295801)",Progress,%,100,Key result,Aspirational Goal,0,2025-07-01 19:20:20 UTC,2025-11-10,30,30,Closed,completed and missed only 1 quota hitter,0.3,Checkin Date: 2025-11-10; User: Roland Green; Note: completed and missed only 1 quota hitter; Metric Name: Progress; Status: Closed; Current Value: 30%; Activity Date: 2025-11-10 20:01:53 UTC;,Checkin Date: 2025-11-09; User: Jon Phillip Bodholdt; Note: Mikael as quotahitter; Metric Name: Progress; Status: At Risk; Current Value: 30%; Activity Date: 2025-11-09 08:37:46 UTC;,Checkin Date: 2025-09-12; User: Jon Phillip Bodholdt; Note: ; Metric Name: Progress; Status: At Risk; Current Value: 30%; Activity Date: 2025-09-12 06:26:50 UTC;,Checkin Date: 2025-08-08; User: Jon Phillip Bodholdt; Note: Kickstarting things now when summer hols is over.; Metric Name: Progress; Status: At Risk; Current Value: 15%; Activity Date: 2025-08-08 06:54:11 UTC;,Checkin Date: 2025-08-08; User: Jon Phillip Bodholdt; Note: ; Metric Name: Progress; Status: At Risk; Current Value: 15%; Activity Date: 2025-08-08 06:53:30 UTC;,,,,,,,,,,,,,,,,,,,,,,
2826425,Initiate Summer Playbook and actions,Commercial,Jon Phillip Bodholdt,"Jon Phillip Bodholdt, Roland Green",Q3 2025,2025-07-01,2025-09-30,,"Double Quota Hitters from 3 - 6 in Q3 (45% of team)(weight: 0%, Id: 2826210)",Progress,%,100,Objective,Aspirational Goal,0,2025-07-02 05:54:02 UTC,2025-11-09,50,50,At Risk,"2 quota hitters by end of Aug vs 6 goal (33%) with a decent forecast in Sep, maybe we get to 3 and 50%. More work to to do to get more ICs to quota",,Checkin Date: 2025-11-09; User: Jon Phillip Bodholdt; Note: ; Metric Name: Progress; Status: At Risk; Current Value: 50%; Activity Date: 2025-11-09 08:30:19 UTC;,"Checkin Date: 2025-09-11; User: Roland Green; Note: 2 quota hitters by end of Aug vs 6 goal (33%) with a decent forecast in Sep, maybe we get to 3 and 50%. More work to to do to get more ICs to quota; Metric Name: Progress; Status: At Risk; Current Value: 33%; Activity Date: 2025-09-11 10:13:44 UTC;",Checkin Date: 2025-07-02; User: Jon Phillip Bodholdt; Note: Communicated clear actions and Follow-ups; Metric Name: Progress; Status: On Track; Current Value: 40%; Activity Date: 2025-07-02 05:55:58 UTC;,Checkin Date: 2025-07-02; User: Jon Phillip Bodholdt; Note: ; Metric Name: Progress; Status: On Track; Current Value: 40%; Activity Date: 2025-07-02 05:55:33 UTC;,,,,,,,,,,,,,,,,,,,,,,,
2826538,Do 3 touch points and status updates on summeractivities,Commercial,Jon Phillip Bodholdt,"Jon Phillip Bodholdt, Roland Green",Q3 2025,2025-07-01,2025-09-30,,"Initiate Summer Playbook and actions(weight: 100%, Id: 2826425)",Progress,%,100,Key result,Aspirational Goal,0,2025-07-02 06:37:42 UTC,2025-09-12,100,100,On Track,,,Checkin Date: 2025-09-12; User: Jon Phillip Bodholdt; Note: ; Metric Name: Progress; Status: On Track; Current Value: 100%; Activity Date: 2025-09-12 06:36:35 UTC;,Checkin Date: 2025-07-02; User: Jon Phillip Bodholdt; Note: ; Metric Name: Progress; Status: On Track; Current Value: 10%; Activity Date: 2025-07-02 06:39:58 UTC;,,,,,,,,,,,,,,,,,,,,,,,,,
2826544,"Send out stats (Pipe health, Ageing pipe)",Commercial,Jon Phillip Bodholdt,"Jon Phillip Bodholdt, Roland Green",Q3 2025,2025-07-01,2025-09-30,,"Do 3 touch points and status updates on summeractivities(weight: 0%, Id: 2826538)",Progress,%,100,Deliverable,Aspirational Goal,0,2025-07-02 06:39:37 UTC,2025-09-01,75,75,On Track,,,Checkin Date: 2025-09-01; User: Jon Phillip Bodholdt; Note: ; Metric Name: Progress; Status: On Track; Current Value: 75%; Activity Date: 2025-09-01 14:01:15 UTC;,Checkin Date: 2025-07-03; User: Jon Phillip Bodholdt; Note: ; Metric Name: Progress; Status: On Track; Current Value: 20%; Activity Date: 2025-07-03 07:54:34 UTC;,,,,,,,,,,,,,,,,,,,,,,,,,
2902545,Land 20m of ARR bookings with 8m+ AI,Commercial,Roland Green,Roland Green,Q4 2025,2025-10-01,2025-12-31,,"Improve NB sales execution(weight: 14.29%, Id: 2295801)",ARR,,20,Key result,Aspirational Goal,0,2025-11-11 13:46:12 UTC,,0,0,Not Started,,,,,,,,,,,,,,,,,,,,,,,,,,,,,
2902582,DealReviews + Coaching Sessions,Commercial,Jon Phillip Bodholdt,"Jon Phillip Bodholdt, Roland Green",Q4 2025,2025-10-01,2025-12-31,,"Land 20m of ARR bookings with 8m+ AI(weight: 0%, Id: 2902545)",Progress,%,100,Objective,Aspirational Goal,0,2025-11-11 14:15:00 UTC,2025-11-11,40,40,Behind,,,,,,,,,,,,,,,,,,,,,,,,,,,,,
2902584,Deals + 1m weekly + 1-3 coaching sessions with ramping ICs,Commercial,Jon Phillip Bodholdt,"Jon Phillip Bodholdt, Roland Green",Q4 2025,2025-10-01,2025-12-31,,"DealReviews + Coaching Sessions(weight: 100%, Id: 2902582)",Progress,%,100,Key result,Aspirational Goal,0,2025-11-11 14:15:51 UTC,2025-11-11,40,40,Behind,Work in progress,,Checkin Date: 2025-11-11; User: Jon Phillip Bodholdt; Note: Work in progress; Metric Name: Progress; Status: Behind; Current Value: 40%; Activity Date: 2025-11-11 14:23:58 UTC;,Checkin Date: 2025-11-11; User: Jon Phillip Bodholdt; Note: ; Metric Name: Progress; Status: Behind; Current Value: 40%; Activity Date: 2025-11-11 14:22:13 UTC;,,,,,,,,,,,,,,,,,,,,,,,,,
2902585,Track progress in SFDC on MEDDPICC scores and stage movements,Commercial,Jon Phillip Bodholdt,"Jon Phillip Bodholdt, Roland Green",Q4 2025,2025-10-01,2025-12-31,,"Deals + 1m weekly + 1-3 coaching sessions with ramping ICs(weight: 0%, Id: 2902584)",Progress,%,100,Deliverable,Aspirational Goal,0,2025-11-11 14:17:02 UTC,2025-11-11,40,40,Behind,Work in progress,,Checkin Date: 2025-11-11; User: Jon Phillip Bodholdt; Note: Work in progress; Metric Name: Progress; Status: Behind; Current Value: 40%; Activity Date: 2025-11-11 14:24:11 UTC;,Checkin Date: 2025-11-11; User: Jon Phillip Bodholdt; Note: ; Metric Name: Progress; Status: Behind; Current Value: 40%; Activity Date: 2025-11-11 14:22:06 UTC;,,,,,,,,,,,,,,,,,,,,,,,,,
2903164,"Realign the Sales and Bid Management functions to drive greater efficiency, collaboration, and consistency in how bids are qualified, prioritised, and delivered.",Commercial,Sundeep Boughan,Sundeep Boughan,Q4 2025,2025-10-01,2025-12-31,,"Improve NB sales execution(weight: 0%, Id: 2295801)",Progress,%,100,Objective,Aspirational Goal,0,2025-11-13 12:17:21 UTC,,0,0,Not Started,,,,,,,,,,,,,,,,,,,,,,,,,,,,,
2903165,Communicate the bid qualification and prioritisation framework,Commercial,Sundeep Boughan,Sundeep Boughan,Q4 2025,2025-10-01,2025-12-31,,"Realign the Sales and Bid Management functions to drive greater efficiency, collaboration, and consistency in how bids are qualified, prioritised, and delivered.(weight: 50%, Id: 2903164)",Progress,%,100,Key result,Aspirational Goal,0,2025-11-13 12:18:51 UTC,,0,0,Not Started,,,,,,,,,,,,,,,,,,,,,,,,,,,,,
2903167,Improve bid response efficiency by 30% through better collaboration and reusable content.,Commercial,Sundeep Boughan,Sundeep Boughan,Q4 2025,2025-10-01,2025-12-31,,"Realign the Sales and Bid Management functions to drive greater efficiency, collaboration, and consistency in how bids are qualified, prioritised, and delivered.(weight: 50%, Id: 2903164)",Progress,%,100,Key result,Aspirational Goal,0,2025-11-13 12:21:41 UTC,,0,0,Not Started,,,,,,,,,,,,,,,,,,,,,,,,,,,,,
2295803,Improve revenue operations,Revenue Operations,Frederic Laziou,Harriet Edwards,Annual 2025,2025-01-01,2025-12-31,,"SP3: Operational efficiency(weight: 0%, Id: 2295716)",Progress,%,100,Objective,Aspirational Goal,0,2024-12-09 14:54:58 UTC,2025-09-08,0,0,At Risk,,,,,,,,,,,,,,,,,,,,,,,,,,,,,
2502526,"Successfully Define, Document, and Deploy the New Quote to Cash Process",Revenue Operations,Harriet Edwards,Harriet Edwards,Annual 2025,2025-01-01,2025-12-31,,"Improve revenue operations(weight: 0%, Id: 2295803)",Progress,%,100,Objective,Committed Goal,0,2025-03-11 19:54:33 UTC,2025-03-11,60,60,On Track,,,Checkin Date: 2025-03-11; User: Harriet Edwards; Note: ; Metric Name: Progress; Status: On Track; Current Value: 60%; Activity Date: 2025-03-11 20:08:41 UTC;,,,,,,,,,,,,,,,,,,,,,,,,,,
2502527,"Complete end-to-end process mapping for CPQ, contracting process, and new templates",Revenue Operations,Harriet Edwards,Harriet Edwards,Annual 2025,2025-01-01,2025-12-31,,"Successfully Define, Document, and Deploy the New Quote to Cash Process(weight: 0%, Id: 2502526)",Progress,%,100,Deliverable,Committed Goal,0,2025-03-11 19:55:14 UTC,,0,0,Not Started,,,,,,,,,,,,,,,,,,,,,,,,,,,,,
2502529,Align New Product Taxonomy and Hierarchy in Nue.io and within Puzzel,Revenue Operations,Harriet Edwards,"Emma Aspfors, Harriet Edwards",Annual 2025,2025-01-01,2025-12-31,,"Successfully Define, Document, and Deploy the New Quote to Cash Process(weight: 0%, Id: 2502526)",Progress,%,100,Deliverable,Committed Goal,0,2025-03-11 19:56:14 UTC,2025-07-01,90,90,On Track,,,Checkin Date: 2025-07-01; User: Nikki Aston; Note: ; Metric Name: Progress; Status: On Track; Current Value: 90%; Activity Date: 2025-07-01 12:02:20 UTC;,,,,,,,,,,,,,,,,,,,,,,,,,,
2502531,Upgrade e-signature tooling to deploy new features and integrations,Revenue Operations,Harriet Edwards,Harriet Edwards,Annual 2025,2025-01-01,2025-12-31,,"Successfully Define, Document, and Deploy the New Quote to Cash Process(weight: 0%, Id: 2502526)",Progress,%,100,Deliverable,Committed Goal,0,2025-03-11 19:56:51 UTC,,0,0,Not Started,,,,,,,,,,,,,,,,,,,,,,,,,,,,,
2502532,Configure and E2E Test Ideal State in Nue.io for Final Sign off for Production & Go Live,Revenue Operations,Harriet Edwards,Harriet Edwards,Annual 2025,2025-01-01,2025-12-31,,"Successfully Define, Document, and Deploy the New Quote to Cash Process(weight: 0%, Id: 2502526)",Progress,%,100,Deliverable,Committed Goal,0,2025-03-11 19:57:15 UTC,,0,0,Not Started,,,,,,,,,,,,,,,,,,,,,,,,,,,,,
2502534,"Enable Commercial, Product, CSG on New Process' and Technology",Revenue Operations,Harriet Edwards,Harriet Edwards,Annual 2025,2025-01-01,2025-12-31,,"Successfully Define, Document, and Deploy the New Quote to Cash Process(weight: 0%, Id: 2502526)",Progress,%,100,Deliverable,Committed Goal,0,2025-03-11 19:59:19 UTC,,0,0,Not Started,,,,,,,,,,,,,,,,,,,,,,,,,,,,,
2502537,Decommission old SFDC Steelbricks CPQ (put into archive before cut off),Revenue Operations,Harriet Edwards,Harriet Edwards,Annual 2025,2025-01-01,2025-12-31,,"Successfully Define, Document, and Deploy the New Quote to Cash Process(weight: 0%, Id: 2502526)",Progress,%,100,Deliverable,Committed Goal,0,2025-03-11 20:01:14 UTC,,0,0,Not Started,,,,,,,,,,,,,,,,,,,,,,,,,,,,,
2502541,"Complete end-to-end process mapping for CPQ, contracting process, and new templates by 01st March 2025",Revenue Operations,Harriet Edwards,Harriet Edwards,Annual 2025,2025-01-01,2025-12-31,,"Successfully Define, Document, and Deploy the New Quote to Cash Process(weight: 33.33%, Id: 2502526)",Progress,%,100,Key result,Committed Goal,0,2025-03-11 20:04:39 UTC,,0,0,Not Started,,,,,,,,,,,,,,,,,,,,,,,,,,,,,
2502543,Successfully implement and deploy the upgraded e-signature tool with 100% adoption among sales and legal teams by 22nd April 2025,Revenue Operations,Harriet Edwards,Harriet Edwards,Annual 2025,2025-01-01,2025-12-31,,"Successfully Define, Document, and Deploy the New Quote to Cash Process(weight: 33.33%, Id: 2502526)",Progress,%,100,Key result,Committed Goal,0,2025-03-11 20:05:23 UTC,,0,0,Not Started,,,,,,,,,,,,,,,,,,,,,,,,,,,,,
2502544,Achieve a 10% reduction in quote-to-close cycle time within three months post-deployment.,Revenue Operations,Harriet Edwards,Harriet Edwards,Annual 2025,2025-01-01,2025-12-31,,"Successfully Define, Document, and Deploy the New Quote to Cash Process(weight: 33.33%, Id: 2502526)",Progress,%,100,Key result,Committed Goal,0,2025-03-11 20:05:53 UTC,,0,0,Not Started,,,,,,,,,,,,,,,,,,,,,,,,,,,,,
2502557,Successfully Execute Phase 2 Lead Object Updates,,Harriet Edwards,Harriet Edwards,Q1 2025,2025-01-01,2025-03-31,,"Improve revenue operations(weight: 0%, Id: 2295803)",Progress,%,100,Objective,Aspirational Goal,0,2025-03-11 20:35:11 UTC,2025-03-11,80,80,On Track,,,Checkin Date: 2025-03-11; User: Harriet Edwards; Note: ; Metric Name: Progress; Status: On Track; Current Value: 80%; Activity Date: 2025-03-11 20:36:21 UTC;,,,,,,,,,,,,,,,,,,,,,,,,,,
2502559,Ensure 100% of sales and marketing teams are trained on the new Lead Object functionality within two weeks of deployment,,Harriet Edwards,Harriet Edwards,Q1 2025,2025-01-01,2025-03-31,,"Successfully Execute Phase 2 Lead Object Updates(weight: 100%, Id: 2502557)",Progress,%,100,Key result,Aspirational Goal,0,2025-03-11 20:36:01 UTC,,0,0,Not Started,,,,,,,,,,,,,,,,,,,,,,,,,,,,,
2502563,Conduct training for relevant teams on updated Contact management practices,,Harriet Edwards,Harriet Edwards,Q1 2025,2025-01-01,2025-03-31,,"Successfully Execute Phase 2 Lead Object Updates(weight: 0%, Id: 2502557)",Progress,%,100,Deliverable,Aspirational Goal,0,2025-03-11 20:38:37 UTC,,0,0,Not Started,,,,,,,,,,,,,,,,,,,,,,,,,,,,,
2502561,Complete Contacts Objective Remediation,,Harriet Edwards,Harriet Edwards,Annual 2025,2025-01-01,2025-12-31,,"Improve revenue operations(weight: 0%, Id: 2295803)",Progress,%,100,Objective,Aspirational Goal,0,2025-03-11 20:37:01 UTC,,0,0,Not Started,,,,,,,,,,,,,,,,,,,,,,,,,,,,,
2502562,Identify and document key gaps and issues in the current Contacts data structure stopping us from being able to mass communicate,,Harriet Edwards,Harriet Edwards,Q1 2025,2025-01-01,2025-03-31,,"Complete Contacts Objective Remediation(weight: 0%, Id: 2502561)",Progress,%,100,Deliverable,Aspirational Goal,0,2025-03-11 20:38:12 UTC,2025-03-11,100,100,On Track,,,Checkin Date: 2025-03-11; User: Harriet Edwards; Note: ; Metric Name: Progress; Status: On Track; Current Value: 100%; Activity Date: 2025-03-11 20:41:58 UTC;,,,,,,,,,,,,,,,,,,,,,,,,,,
2502565,Enable Commercial & Marketing on Contact Roles and MDM Principles,,Harriet Edwards,Harriet Edwards,Q1 2025,2025-01-01,2025-03-31,,"Complete Contacts Objective Remediation(weight: 0%, Id: 2502561)",Progress,%,100,Deliverable,Aspirational Goal,0,2025-03-11 20:39:40 UTC,,0,0,Not Started,,,,,,,,,,,,,,,,,,,,,,,,,,,,,
2502566,Create a Test scenario for Mass Comms to Customers,,Harriet Edwards,Harriet Edwards,Q1 2025,2025-01-01,2025-03-31,,"Complete Contacts Objective Remediation(weight: 0%, Id: 2502561)",Progress,%,100,Deliverable,Aspirational Goal,0,2025-03-11 20:40:24 UTC,,0,0,Not Started,,,,,,,,,,,,,,,,,,,,,,,,,,,,,
2502568,"Implement data remediation strategy, ensuring 95% data accuracy within CRM by March 31st",,Harriet Edwards,Harriet Edwards,Annual 2025,2025-01-01,2025-12-31,,"Complete Contacts Objective Remediation(weight: 50%, Id: 2502561)",Progress,%,100,Key result,Aspirational Goal,0,2025-03-11 20:40:47 UTC,,0,0,Not Started,,,,,,,,,,,,,,,,,,,,,,,,,,,,,
2502571,Complete successful Communication Test run!,,Harriet Edwards,Harriet Edwards,Annual 2025,2025-01-01,2025-12-31,,"Complete Contacts Objective Remediation(weight: 50%, Id: 2502561)",Progress,%,100,Key result,Aspirational Goal,0,2025-03-11 20:41:36 UTC,,0,0,Not Started,,,,,,,,,,,,,,,,,,,,,,,,,,,,,
2792036,Establish end-to-end ownership of full Lead to Delivery lifecycle​,,Victor Naess,Harriet Edwards,Annual 2025,2025-01-01,2025-12-31,,"Improve revenue operations(weight: 0%, Id: 2295803)",Progress,%,100,Objective,Aspirational Goal,0,2025-06-02 08:23:43 UTC,,0,0,Not Started,,,,,,,,,,,,,,,,,,,,,,,,,,,,,
2840168,Introduce and Deliver Monthly GTM Call (First Friday),,Tjeerd Veninga,Tjeerd Veninga,Q3 2025,2025-07-01,2025-09-30,,"Improve revenue operations(weight: 0%, Id: 2295803)",Progress,%,100,Objective,Aspirational Goal,0,2025-07-15 15:44:11 UTC,2025-09-08,100,100,On Track,,,,,,,,,,,,,,,,,,,,,,,,,,,,,
2840169,Update July,,Tjeerd Veninga,Tjeerd Veninga,Q3 2025,2025-07-01,2025-09-30,,"Introduce and Deliver Monthly GTM Call (First Friday)(weight: 50%, Id: 2840168)",Update July,%,100,Deliverable,Aspirational Goal,0,2025-07-15 15:44:59 UTC,2025-07-23,100,100,On Track,,,Checkin Date: 2025-07-23; User: Tjeerd Veninga; Note: ; Metric Name: Update July; Status: On Track; Current Value: 100%; Activity Date: 2025-07-23 11:08:13 UTC;,Checkin Date: 2025-07-23; User: Tjeerd Veninga; Note: ; Metric Name: Update July; Status: On Track; Current Value: 1; Activity Date: 2025-07-23 08:58:30 UTC;,Checkin Date: 2025-07-23; User: Tjeerd Veninga; Note: ; Metric Name: Update July; Status: On Track; Current Value: 2; Activity Date: 2025-07-23 08:58:22 UTC;,Checkin Date: 2025-07-22; User: Tjeerd Veninga; Note: ; Metric Name: Update July; Status: On Track; Current Value: 1; Activity Date: 2025-07-22 08:14:59 UTC;,,,,,,,,,,,,,,,,,,,,,,,
2844315,Update September,,Tjeerd Veninga,Tjeerd Veninga,Q3 2025,2025-07-01,2025-09-30,,"Introduce and Deliver Monthly GTM Call (First Friday)(weight: 50%, Id: 2840168)",Progress,%,100,Deliverable,Aspirational Goal,0,2025-07-23 11:07:08 UTC,2025-09-08,100,100,On Track,,,Checkin Date: 2025-09-08; User: Tjeerd Veninga; Note: ; Metric Name: Progress; Status: On Track; Current Value: 100%; Activity Date: 2025-09-08 07:43:28 UTC;,Checkin Date: 2025-08-20; User: Tjeerd Veninga; Note: ; Metric Name: Progress; Status: On Track; Current Value: 60%; Activity Date: 2025-08-20 12:08:56 UTC;,Checkin Date: 2025-08-20; User: Tjeerd Veninga; Note: ; Metric Name: Progress; Status: On Track; Current Value: 100%; Activity Date: 2025-08-20 12:08:44 UTC;,Checkin Date: 2025-08-20; User: Tjeerd Veninga; Note: ; Metric Name: Progress; Status: On Track; Current Value: 60%; Activity Date: 2025-08-20 12:07:55 UTC;,,,,,,,,,,,,,,,,,,,,,,,
2295804,Operational scalability,,Frederic Laziou,"Harriet Edwards, Stephen Grist",Annual 2025,2025-01-01,2025-12-31,,"SP3: Operational efficiency(weight: 0%, Id: 2295716)",Progress,%,100,Objective,Aspirational Goal,0,2024-12-09 14:55:16 UTC,2025-11-03,0,0,At Risk,,,,,,,,,,,,,,,,,,,,,,,,,,,,,
2725085,Business intelligence,,Nikki Aston,"Nikki Aston, Stephen Grist",Annual 2025,2025-01-01,2025-12-31,,"Operational scalability(weight: 0%, Id: 2295804)",Progress,%,100,Objective,Aspirational Goal,0,2025-04-08 16:58:36 UTC,,0,0,Not Started,,,,,,,,,,,,,,,,,,,,,,,,,,,,,
2725087,Provide the business with insights into resource allocation product profitability,,Nikki Aston,"Nikki Aston, Stephen Grist",Annual 2025,2025-01-01,2025-12-31,,"Business intelligence(weight: 0%, Id: 2725085)",Progress,%,100,Objective,Aspirational Goal,0,2025-04-08 17:00:38 UTC,,0,0,Not Started,,,,,,,,,,,,,,,,,,,,,,,,,,,,,
2725088,Product P&L,,Nikki Aston,"Deyan Tsvetkov, Nikki Aston",Annual 2025,2025-01-01,2025-12-31,,"Provide the business with insights into resource allocation product profitability(weight: 0%, Id: 2725087)",Progress,%,100,Deliverable,Aspirational Goal,0,2025-04-08 17:01:17 UTC,2025-09-04,50,50,Behind,,,Checkin Date: 2025-09-04; User: Nikki Aston; Note: ; Metric Name: Progress; Status: Behind; Current Value: 50%; Activity Date: 2025-09-04 11:14:30 UTC;,Checkin Date: 2025-05-23; User: Nikki Aston; Note: ; Metric Name: Progress; Status: Behind; Current Value: 30%; Activity Date: 2025-05-23 06:59:14 UTC;,,,,,,,,,,,,,,,,,,,,,,,,,
2725089,COGs insights,,Nikki Aston,"Nikki Aston, Stephen Grist",Annual 2025,2025-01-01,2025-12-31,,"Provide the business with insights into resource allocation product profitability(weight: 0%, Id: 2725087)",Progress,%,100,Deliverable,Aspirational Goal,0,2025-04-08 17:01:28 UTC,2025-09-04,0,0,Not Started,,,Checkin Date: 2025-09-04; User: Nikki Aston; Note: ; Metric Name: Progress; Status: Not Started; Current Value: 0%; Activity Date: 2025-09-04 11:16:03 UTC;,,,,,,,,,,,,,,,,,,,,,,,,,,
2725091,Customer P&L,,Nikki Aston,"Nikki Aston, Stephen Grist",Annual 2025,2025-01-01,2025-12-31,,"Provide the business with insights into resource allocation product profitability(weight: 0%, Id: 2725087)",Progress,%,100,Deliverable,Aspirational Goal,0,2025-04-08 17:01:47 UTC,,0,0,Not Started,,,,,,,,,,,,,,,,,,,,,,,,,,,,,
2725880,Provide effective working capital tools,,Stephen Grist,Stephen Grist,Annual 2025,2025-01-01,2025-12-31,,"Business intelligence(weight: 0%, Id: 2725085)",Progress,%,100,Objective,Aspirational Goal,0,2025-04-09 05:56:54 UTC,,0,0,Not Started,,,,,,,,,,,,,,,,,,,,,,,,,,,,,
2725894,Working Capital Dashboard,,Stephen Grist,"Angel Dimitrov, Nikki Aston, Stephen Grist, Victoria Parleva",Annual 2025,2025-03-01,2025-09-30,,"Provide effective working capital tools(weight: 0%, Id: 2725880)",Progress,%,100,Deliverable,Aspirational Goal,0,2025-04-09 06:06:41 UTC,,0,0,Not Started,,,,,,,,,,,,,,,,,,,,,,,,,,,,,
2725896,Cash flow reporting,,Stephen Grist,Stephen Grist,Annual 2025,2025-01-01,2025-06-30,,"Provide effective working capital tools(weight: 0%, Id: 2725880)",Progress,%,100,Deliverable,Aspirational Goal,0,2025-04-09 06:07:11 UTC,2025-10-13,40,40,Postponed,we will be implementing a new accounting system early in 2026. there is no point in doing the migration before then,,Checkin Date: 2025-10-13; User: Stephen Grist; Note: we will be implementing a new accounting system early in 2026. there is no point in doing the migration before then; Metric Name: Progress; Status: Postponed; Current Value: 40%; Activity Date: 2025-10-13 11:38:40 UTC;,Checkin Date: 2025-09-11; User: Stephen Grist; Note: ; Metric Name: Progress; Status: At Risk; Current Value: 40%; Activity Date: 2025-09-11 12:04:27 UTC;,Checkin Date: 2025-09-01; User: Stephen Grist; Note: ; Metric Name: Progress; Status: At Risk; Current Value: 40%; Activity Date: 2025-09-01 07:54:25 UTC;,Checkin Date: 2025-07-07; User: Stephen Grist; Note: ; Metric Name: Progress; Status: At Risk; Current Value: 40%; Activity Date: 2025-07-07 08:52:43 UTC;,Checkin Date: 2025-06-30; User: Stephen Grist; Note: ; Metric Name: Progress; Status: At Risk; Current Value: 40%; Activity Date: 2025-06-30 08:07:41 UTC;,Checkin Date: 2025-06-19; User: Stephen Grist; Note: ; Metric Name: Progress; Status: At Risk; Current Value: 40%; Activity Date: 2025-06-19 13:25:18 UTC;,Checkin Date: 2025-06-16; User: Stephen Grist; Note: ; Metric Name: Progress; Status: At Risk; Current Value: 40%; Activity Date: 2025-06-16 09:23:10 UTC;,Checkin Date: 2025-06-05; User: Stephen Grist; Note: ; Metric Name: Progress; Status: At Risk; Current Value: 40%; Activity Date: 2025-06-05 09:03:43 UTC;,Checkin Date: 2025-05-12; User: Stephen Grist; Note: ; Metric Name: Progress; Status: At Risk; Current Value: 40%; Activity Date: 2025-05-12 07:57:17 UTC;,,,,,,,,,,,,,,,,,,
2754003,Working accurate cash flow dashboard,,Nikki Aston,"Angel Dimitrov, Stephen Grist",Annual 2025,2025-01-01,2025-12-31,,"Provide effective working capital tools(weight: 100%, Id: 2725880)",Progress,%,100,Key result,Aspirational Goal,0,2025-04-23 12:19:31 UTC,,0,0,Not Started,,,,,,,,,,,,,,,,,,,,,,,,,,,,,
2725897,"Develop and create dashboard suite, with cross functional data streams",,Stephen Grist,"Emma Aspfors, Matt Hughes, Nikki Aston",Annual 2025,2025-01-01,2025-12-31,,"Business intelligence(weight: 0%, Id: 2725085)",Progress,%,100,Objective,Aspirational Goal,0,2025-04-09 06:08:31 UTC,2025-09-08,20,20,At Risk,,,Checkin Date: 2025-09-08; User: Emma Aspfors; Note: ; Metric Name: Progress; Status: At Risk; Current Value: 20%; Activity Date: 2025-09-08 11:16:32 UTC;,,,,,,,,,,,,,,,,,,,,,,,,,,
2754012,Structure for architecture & documentation of data tables,,Nikki Aston,"Nikki Aston, Stephen Grist",Annual 2025,2025-01-01,2025-12-31,,"Develop and create dashboard suite, with cross functional data streams(weight: 0%, Id: 2725897)",Progress,%,100,Deliverable,Aspirational Goal,0,2025-04-23 12:24:57 UTC,2025-05-12,10,10,At Risk,,,Checkin Date: 2025-05-12; User: Stephen Grist; Note: ; Metric Name: Progress; Status: At Risk; Current Value: 10%; Activity Date: 2025-05-12 09:29:23 UTC;,,,,,,,,,,,,,,,,,,,,,,,,,,
2787235,Establish data governance process,,Nikki Aston,"Nikki Aston, Stephen Grist",Annual 2025,2025-01-01,2025-12-31,,"Develop and create dashboard suite, with cross functional data streams(weight: 0%, Id: 2725897)",Progress,%,100,Deliverable,Aspirational Goal,0,2025-05-23 07:37:20 UTC,2025-06-09,20,20,Behind,,,Checkin Date: 2025-06-09; User: Stephen Grist; Note: ; Metric Name: Progress; Status: Behind; Current Value: 20%; Activity Date: 2025-06-09 09:37:34 UTC;,,,,,,,,,,,,,,,,,,,,,,,,,,
2825412,Create structure to develop prioritisation of reporting,,Nikki Aston,"Anna Pavlova, Nikki Aston",Q2 2025,2025-04-01,2025-06-30,,"Develop and create dashboard suite, with cross functional data streams(weight: 0%, Id: 2725897)",Progress,%,100,Deliverable,Aspirational Goal,0,2025-07-01 12:25:09 UTC,2025-07-01,100,100,On Track,,,Checkin Date: 2025-07-01; User: Nikki Aston; Note: ; Metric Name: Progress; Status: On Track; Current Value: 100%; Activity Date: 2025-07-01 12:25:25 UTC;,,,,,,,,,,,,,,,,,,,,,,,,,,
2725930,Sharepoint hygiene and discoverability,,Stephen Grist,Stephen Grist,Annual 2025,2025-01-01,2025-12-31,,"Business intelligence(weight: 0%, Id: 2725085)",Progress,%,100,Objective,Aspirational Goal,0,2025-04-09 06:20:47 UTC,,0,0,Not Started,,,,,,,,,,,,,,,,,,,,,,,,,,,,,
2725092,Automation and standardisation of key financial processes,,Nikki Aston,"Angel Dimitrov, Nikki Aston, Stephen Grist, Victoria Parleva",Annual 2025,2025-01-01,2025-12-31,,"Operational scalability(weight: 0%, Id: 2295804)",Progress,%,100,Objective,Aspirational Goal,0,2025-04-08 17:02:55 UTC,2025-06-09,0,0,At Risk,,,,,,,,,,,,,,,,,,,,,,,,,,,,,
2725196,Automated CARR reporting,,Stephen Grist,"Anna Pavlova, Nikki Aston",Annual 2025,2025-01-01,2025-12-31,,"Automation and standardisation of key financial processes(weight: 0%, Id: 2725092)",Progress,%,100,Objective,Aspirational Goal,0,2025-04-08 17:46:28 UTC,2025-05-23,40,40,On Track,,,,,,,,,,,,,,,,,,,,,,,,,,,,,
2725223,CARR report is automated,,Stephen Grist,"Nikki Aston, Stephen Grist",Annual 2025,2025-01-01,2025-12-31,,"Automated CARR reporting(weight: 100%, Id: 2725196)",Progress,%,100,Key result,Aspirational Goal,0,2025-04-08 17:47:40 UTC,2025-05-23,40,40,On Track,Testing underway,,Checkin Date: 2025-05-23; User: Nikki Aston; Note: Testing underway; Metric Name: Progress; Status: On Track; Current Value: 40%; Activity Date: 2025-05-23 07:04:18 UTC;,,,,,,,,,,,,,,,,,,,,,,,,,,
2725230,Work with CPQ on unusual items in CARR report (Puzzel subscriptions),,Stephen Grist,"Nikki Aston, Stephen Grist",Annual 2025,2025-01-01,2025-12-31,,"CARR report is automated(weight: 0%, Id: 2725223)",Progress,%,100,Deliverable,Aspirational Goal,0,2025-04-08 17:48:15 UTC,,0,0,Not Started,,,,,,,,,,,,,,,,,,,,,,,,,,,,,
2725231,Develop standardised process for including overusage in CARR report,,Stephen Grist,"Nikki Aston, Stephen Grist",Annual 2025,2025-01-01,2025-12-31,,"CARR report is automated(weight: 0%, Id: 2725223)",Progress,%,100,Deliverable,Aspirational Goal,0,2025-04-08 17:48:46 UTC,2025-05-23,10,10,At Risk,"Overusage subscription process discussions underway. Once aligned on process, testing to commence on how this appears in CARR",,"Checkin Date: 2025-05-23; User: Nikki Aston; Note: Overusage subscription process discussions underway. Once aligned on process, testing to commence on how this appears in CARR; Metric Name: Progress; Status: At Risk; Current Value: 10%; Activity Date: 2025-05-23 07:02:50 UTC;",,,,,,,,,,,,,,,,,,,,,,,,,,
2725239,"Develop process for including additional entities (S2, Finland) in CARR report",,Stephen Grist,"Nikki Aston, Stephen Grist",Annual 2025,2025-01-01,2025-12-31,,"CARR report is automated(weight: 0%, Id: 2725223)",Progress,%,100,Deliverable,Aspirational Goal,0,2025-04-08 17:50:49 UTC,,0,0,Not Started,,,,,,,,,,,,,,,,,,,,,,,,,,,,,
2725240,Create a report with final CARR which is accessible to the business,,Stephen Grist,"Anna Pavlova, Nikki Aston",Annual 2025,2025-01-01,2025-12-31,,"CARR report is automated(weight: 0%, Id: 2725223)",Progress,%,100,Deliverable,Aspirational Goal,0,2025-04-08 17:51:11 UTC,2025-09-08,70,70,On Track,Working with Nue to develop reporting functionality. Testing underway,,Checkin Date: 2025-09-08; User: Nikki Aston; Note: ; Metric Name: Progress; Status: On Track; Current Value: 70%; Activity Date: 2025-09-08 10:48:19 UTC;,Checkin Date: 2025-05-23; User: Nikki Aston; Note: Working with Nue to develop reporting functionality. Testing underway; Metric Name: Progress; Status: On Track; Current Value: 40%; Activity Date: 2025-05-23 07:01:01 UTC;,,,,,,,,,,,,,,,,,,,,,,,,,
2725248,Billing flowing through Nue for all product streams,,Stephen Grist,"Nikki Aston, Stephen Grist",Annual 2025,2025-01-01,2025-12-31,,"Automation and standardisation of key financial processes(weight: 0%, Id: 2725092)",Progress,%,100,Objective,Aspirational Goal,0,2025-04-08 17:57:23 UTC,2025-09-08,90,90,Behind,T&M and support to be migrated for pre-Nue customers,,Checkin Date: 2025-09-08; User: Nikki Aston; Note: T&M and support to be migrated for pre-Nue customers; Metric Name: Progress; Status: Behind; Current Value: 90%; Activity Date: 2025-09-08 10:51:37 UTC;,,,,,,,,,,,,,,,,,,,,,,,,,,
2725251,All invoices generated through Nue,,Stephen Grist,"Angel Dimitrov, Stephen Grist",Annual 2025,2025-01-01,2025-06-30,,"Billing flowing through Nue for all product streams(weight: 100%, Id: 2725248)",Progress,%,100,Key result,Aspirational Goal,0,2025-04-08 17:58:30 UTC,,0,0,Not Started,,,,,,,,,,,,,,,,,,,,,,,,,,,,,
2725854,Software subscriptions invoiced through Nue,,Stephen Grist,"Angel Dimitrov, Stephen Grist",Annual 2025,2025-01-01,2025-12-31,,"Billing flowing through Nue for all product streams(weight: 0%, Id: 2725248)",Progress,%,100,Deliverable,Aspirational Goal,0,2025-04-09 05:49:46 UTC,2025-11-13,95,95,On Track,still missing s2,,Checkin Date: 2025-11-13; User: Stephen Grist; Note: still missing s2; Metric Name: Progress; Status: On Track; Current Value: 95%; Activity Date: 2025-11-13 11:54:25 UTC;,Checkin Date: 2025-10-13; User: Stephen Grist; Note: ; Metric Name: Progress; Status: On Track; Current Value: 95%; Activity Date: 2025-10-13 11:35:47 UTC;,Checkin Date: 2025-09-11; User: Stephen Grist; Note: ; Metric Name: Progress; Status: On Track; Current Value: 95%; Activity Date: 2025-09-11 12:03:04 UTC;,Checkin Date: 2025-09-01; User: Stephen Grist; Note: ; Metric Name: Progress; Status: On Track; Current Value: 95%; Activity Date: 2025-09-01 07:52:40 UTC;,Checkin Date: 2025-07-07; User: Stephen Grist; Note: ; Metric Name: Progress; Status: On Track; Current Value: 95%; Activity Date: 2025-07-07 08:51:44 UTC;,Checkin Date: 2025-06-30; User: Stephen Grist; Note: ; Metric Name: Progress; Status: On Track; Current Value: 85%; Activity Date: 2025-06-30 08:06:10 UTC;,Checkin Date: 2025-06-19; User: Stephen Grist; Note: ; Metric Name: Progress; Status: On Track; Current Value: 85%; Activity Date: 2025-06-19 13:24:35 UTC;,Checkin Date: 2025-06-16; User: Stephen Grist; Note: ; Metric Name: Progress; Status: On Track; Current Value: 85%; Activity Date: 2025-06-16 09:21:08 UTC;,Checkin Date: 2025-06-05; User: Stephen Grist; Note: ; Metric Name: Progress; Status: On Track; Current Value: 85%; Activity Date: 2025-06-05 09:01:29 UTC;,Checkin Date: 2025-05-12; User: Stephen Grist; Note: ; Metric Name: Progress; Status: On Track; Current Value: 80%; Activity Date: 2025-05-12 09:24:07 UTC;,,,,,,,,,,,,,,,,,
2725856,PS invoicing process designed,,Stephen Grist,"Angel Dimitrov, Nikki Aston, Stephen Grist",Annual 2025,2025-01-01,2025-06-30,,"Billing flowing through Nue for all product streams(weight: 0%, Id: 2725248)",Progress,%,100,Deliverable,Aspirational Goal,0,2025-04-09 05:50:32 UTC,2025-06-30,100,100,Closed,done,1,Checkin Date: 2025-06-30; User: Stephen Grist; Note: done; Metric Name: Progress; Status: Closed; Current Value: 100%; Activity Date: 2025-06-30 08:06:32 UTC;,Checkin Date: 2025-06-19; User: Stephen Grist; Note: ; Metric Name: Progress; Status: On Track; Current Value: 100%; Activity Date: 2025-06-19 13:24:39 UTC;,Checkin Date: 2025-06-16; User: Stephen Grist; Note: ; Metric Name: Progress; Status: On Track; Current Value: 100%; Activity Date: 2025-06-16 09:21:13 UTC;,Checkin Date: 2025-06-09; User: Stephen Grist; Note: ; Metric Name: Progress; Status: On Track; Current Value: 100%; Activity Date: 2025-06-09 09:38:34 UTC;,Checkin Date: 2025-06-05; User: Stephen Grist; Note: ; Metric Name: Progress; Status: Behind; Current Value: 75%; Activity Date: 2025-06-05 09:02:19 UTC;,,,,,,,,,,,,,,,,,,,,,,
2725859,PS invoicing migrated to Nue,,Stephen Grist,"Angel Dimitrov, Stephen Grist",Annual 2025,2025-01-01,2025-12-31,,"Billing flowing through Nue for all product streams(weight: 0%, Id: 2725248)",Progress,%,100,Deliverable,Aspirational Goal,0,2025-04-09 05:51:03 UTC,2025-11-13,100,100,Closed,'@Angel Dimitrov,1,Checkin Date: 2025-11-13; User: Stephen Grist; Note: @Angel Dimitrov; Metric Name: Progress; Status: Closed; Current Value: 100%; Activity Date: 2025-11-13 11:54:43 UTC;,Checkin Date: 2025-10-13; User: Stephen Grist; Note: ; Metric Name: Progress; Status: On Track; Current Value: 80%; Activity Date: 2025-10-13 11:35:58 UTC;,Checkin Date: 2025-09-11; User: Stephen Grist; Note: ; Metric Name: Progress; Status: On Track; Current Value: 80%; Activity Date: 2025-09-11 12:03:13 UTC;,Checkin Date: 2025-09-01; User: Stephen Grist; Note: ; Metric Name: Progress; Status: On Track; Current Value: 75%; Activity Date: 2025-09-01 07:52:47 UTC;,Checkin Date: 2025-07-07; User: Stephen Grist; Note: ; Metric Name: Progress; Status: On Track; Current Value: 50%; Activity Date: 2025-07-07 08:51:49 UTC;,Checkin Date: 2025-06-30; User: Stephen Grist; Note: ; Metric Name: Progress; Status: On Track; Current Value: 50%; Activity Date: 2025-06-30 08:06:38 UTC;,Checkin Date: 2025-06-19; User: Stephen Grist; Note: ; Metric Name: Progress; Status: On Track; Current Value: 50%; Activity Date: 2025-06-19 13:24:42 UTC;,Checkin Date: 2025-06-16; User: Stephen Grist; Note: ; Metric Name: Progress; Status: On Track; Current Value: 50%; Activity Date: 2025-06-16 09:21:51 UTC;,Checkin Date: 2025-06-05; User: Stephen Grist; Note: ; Metric Name: Progress; Status: On Track; Current Value: 50%; Activity Date: 2025-06-05 09:02:42 UTC;,,,,,,,,,,,,,,,,,,
2725864,Traffic billing process defined,,Stephen Grist,"Angel Dimitrov, Nikki Aston, Stephen Grist, Vidar Thorsen",Annual 2025,2025-01-01,2025-06-30,,"Billing flowing through Nue for all product streams(weight: 0%, Id: 2725248)",Progress,%,100,Deliverable,Aspirational Goal,0,2025-04-09 05:51:26 UTC,2025-06-09,100,100,On Track,,,Checkin Date: 2025-06-09; User: Stephen Grist; Note: ; Metric Name: Progress; Status: On Track; Current Value: 100%; Activity Date: 2025-06-09 09:38:42 UTC;,Checkin Date: 2025-05-12; User: Stephen Grist; Note: ; Metric Name: Progress; Status: On Track; Current Value: 70%; Activity Date: 2025-05-12 09:24:21 UTC;,,,,,,,,,,,,,,,,,,,,,,,,,
2725866,Traffic billed through Nue,,Stephen Grist,"Angel Dimitrov, Nikki Aston, Stephen Grist, Vidar Thorsen",Annual 2025,2025-04-01,2025-06-30,,"Billing flowing through Nue for all product streams(weight: 0%, Id: 2725248)",Progress,%,100,Deliverable,Aspirational Goal,0,2025-04-09 05:51:43 UTC,2025-05-16,60,60,On Track,,,Checkin Date: 2025-05-16; User: Angel Dimitrov; Note: ; Metric Name: Progress; Status: On Track; Current Value: 60%; Activity Date: 2025-05-16 06:27:16 UTC;,,,,,,,,,,,,,,,,,,,,,,,,,,
2725867,Overusage billing process defined,,Stephen Grist,"Angel Dimitrov, Nikki Aston, Stephen Grist",Annual 2025,2025-01-01,2025-07-31,,"Billing flowing through Nue for all product streams(weight: 0%, Id: 2725248)",Progress,%,100,Deliverable,Aspirational Goal,0,2025-04-09 05:52:12 UTC,2025-06-09,50,50,Behind,,,Checkin Date: 2025-06-09; User: Stephen Grist; Note: ; Metric Name: Progress; Status: Behind; Current Value: 50%; Activity Date: 2025-06-09 09:38:51 UTC;,,,,,,,,,,,,,,,,,,,,,,,,,,
2725869,Overusage billed through Nue,,Stephen Grist,"Angel Dimitrov, Stephen Grist",Annual 2025,2025-01-01,2025-07-31,,"Billing flowing through Nue for all product streams(weight: 0%, Id: 2725248)",Progress,%,100,Deliverable,Aspirational Goal,0,2025-04-09 05:52:32 UTC,2025-10-13,100,100,Closed,done,1,Checkin Date: 2025-10-13; User: Stephen Grist; Note: done; Metric Name: Progress; Status: Closed; Current Value: 100%; Activity Date: 2025-10-13 11:36:19 UTC;,Checkin Date: 2025-09-11; User: Stephen Grist; Note: ; Metric Name: Progress; Status: Behind; Current Value: 95%; Activity Date: 2025-09-11 12:03:18 UTC;,Checkin Date: 2025-09-01; User: Stephen Grist; Note: ; Metric Name: Progress; Status: Behind; Current Value: 95%; Activity Date: 2025-09-01 07:52:55 UTC;,Checkin Date: 2025-07-07; User: Stephen Grist; Note: ; Metric Name: Progress; Status: Behind; Current Value: 75%; Activity Date: 2025-07-07 08:51:54 UTC;,Checkin Date: 2025-06-30; User: Stephen Grist; Note: ; Metric Name: Progress; Status: Behind; Current Value: 75%; Activity Date: 2025-06-30 08:06:44 UTC;,Checkin Date: 2025-06-19; User: Stephen Grist; Note: ; Metric Name: Progress; Status: Behind; Current Value: 75%; Activity Date: 2025-06-19 13:24:46 UTC;,Checkin Date: 2025-06-16; User: Stephen Grist; Note: ; Metric Name: Progress; Status: Behind; Current Value: 75%; Activity Date: 2025-06-16 09:22:01 UTC;,Checkin Date: 2025-06-05; User: Stephen Grist; Note: ; Metric Name: Progress; Status: Behind; Current Value: 50%; Activity Date: 2025-06-05 09:02:49 UTC;,,,,,,,,,,,,,,,,,,,
2725873,Revenue recognition flowing direct from Nue and reconciled,,Stephen Grist,"Angel Dimitrov, Nikki Aston, Stephen Grist, Victoria Parleva",Annual 2025,2025-01-01,2025-12-31,,"Billing flowing through Nue for all product streams(weight: 0%, Id: 2725248)",Progress,%,100,Deliverable,Aspirational Goal,0,2025-04-09 05:53:27 UTC,2025-06-09,75,75,On Track,,,Checkin Date: 2025-06-09; User: Stephen Grist; Note: ; Metric Name: Progress; Status: On Track; Current Value: 75%; Activity Date: 2025-06-09 09:39:01 UTC;,Checkin Date: 2025-05-12; User: Stephen Grist; Note: ; Metric Name: Progress; Status: On Track; Current Value: 50%; Activity Date: 2025-05-12 09:25:19 UTC;,,,,,,,,,,,,,,,,,,,,,,,,,
2725876,VAT reporting for sales from Nue/Avalara and reconciled,,Stephen Grist,"Angel Dimitrov, Stephen Grist, Victoria Parleva",Annual 2025,2025-04-01,2025-09-30,,"Billing flowing through Nue for all product streams(weight: 0%, Id: 2725248)",Progress,%,100,Deliverable,Aspirational Goal,0,2025-04-09 05:54:11 UTC,2025-10-13,100,100,Closed,done,1,Checkin Date: 2025-10-13; User: Stephen Grist; Note: done; Metric Name: Progress; Status: Closed; Current Value: 100%; Activity Date: 2025-10-13 11:36:31 UTC;,Checkin Date: 2025-09-11; User: Stephen Grist; Note: ; Metric Name: Progress; Status: On Track; Current Value: 90%; Activity Date: 2025-09-11 12:03:24 UTC;,Checkin Date: 2025-09-01; User: Stephen Grist; Note: ; Metric Name: Progress; Status: On Track; Current Value: 90%; Activity Date: 2025-09-01 07:53:03 UTC;,Checkin Date: 2025-07-07; User: Stephen Grist; Note: ; Metric Name: Progress; Status: On Track; Current Value: 85%; Activity Date: 2025-07-07 08:52:00 UTC;,Checkin Date: 2025-06-30; User: Stephen Grist; Note: ; Metric Name: Progress; Status: On Track; Current Value: 85%; Activity Date: 2025-06-30 08:06:55 UTC;,Checkin Date: 2025-06-19; User: Stephen Grist; Note: ; Metric Name: Progress; Status: On Track; Current Value: 75%; Activity Date: 2025-06-19 13:24:50 UTC;,Checkin Date: 2025-06-16; User: Stephen Grist; Note: ; Metric Name: Progress; Status: On Track; Current Value: 75%; Activity Date: 2025-06-16 09:22:07 UTC;,Checkin Date: 2025-06-05; User: Stephen Grist; Note: ; Metric Name: Progress; Status: On Track; Current Value: 75%; Activity Date: 2025-06-05 09:02:58 UTC;,,,,,,,,,,,,,,,,,,,
2725878,Dunning commenced through Dynamics using Nue invoicing data,,Stephen Grist,"Angel Dimitrov, Stephen Grist",Annual 2025,2025-03-01,2025-06-30,,"Billing flowing through Nue for all product streams(weight: 0%, Id: 2725248)",Progress,%,100,Deliverable,Aspirational Goal,0,2025-04-09 05:55:20 UTC,2025-10-13,100,100,Closed,done,1,Checkin Date: 2025-10-13; User: Stephen Grist; Note: done; Metric Name: Progress; Status: Closed; Current Value: 100%; Activity Date: 2025-10-13 11:36:45 UTC;,Checkin Date: 2025-09-11; User: Stephen Grist; Note: ; Metric Name: Progress; Status: Behind; Current Value: 90%; Activity Date: 2025-09-11 12:03:29 UTC;,Checkin Date: 2025-09-01; User: Stephen Grist; Note: ; Metric Name: Progress; Status: Behind; Current Value: 90%; Activity Date: 2025-09-01 07:53:12 UTC;,Checkin Date: 2025-07-07; User: Stephen Grist; Note: ; Metric Name: Progress; Status: Behind; Current Value: 85%; Activity Date: 2025-07-07 08:52:09 UTC;,Checkin Date: 2025-06-30; User: Stephen Grist; Note: ; Metric Name: Progress; Status: Behind; Current Value: 85%; Activity Date: 2025-06-30 08:07:04 UTC;,Checkin Date: 2025-06-19; User: Stephen Grist; Note: ; Metric Name: Progress; Status: Behind; Current Value: 80%; Activity Date: 2025-06-19 13:24:54 UTC;,Checkin Date: 2025-06-16; User: Stephen Grist; Note: ; Metric Name: Progress; Status: Behind; Current Value: 80%; Activity Date: 2025-06-16 09:22:17 UTC;,Checkin Date: 2025-06-05; User: Stephen Grist; Note: ; Metric Name: Progress; Status: Behind; Current Value: 75%; Activity Date: 2025-06-05 09:03:05 UTC;,Checkin Date: 2025-05-12; User: Stephen Grist; Note: ; Metric Name: Progress; Status: Behind; Current Value: 50%; Activity Date: 2025-05-12 09:26:14 UTC;,,,,,,,,,,,,,,,,,,
2725916,Decommission Axapta,,Stephen Grist,"Angel Dimitrov, Nikki Aston, Stephen Grist",Annual 2025,2025-01-01,2025-12-31,,"Billing flowing through Nue for all product streams(weight: 0%, Id: 2725248)",Progress,%,100,Deliverable,Aspirational Goal,0,2025-04-09 06:15:21 UTC,2025-07-07,100,100,Closed,done,1,Checkin Date: 2025-07-07; User: Stephen Grist; Note: done; Metric Name: Progress; Status: Closed; Current Value: 100%; Activity Date: 2025-07-07 08:53:10 UTC;,Checkin Date: 2025-06-30; User: Stephen Grist; Note: ; Metric Name: Progress; Status: On Track; Current Value: 100%; Activity Date: 2025-06-30 08:08:10 UTC;,Checkin Date: 2025-06-19; User: Stephen Grist; Note: ; Metric Name: Progress; Status: On Track; Current Value: 100%; Activity Date: 2025-06-19 13:25:34 UTC;,Checkin Date: 2025-06-16; User: Stephen Grist; Note: ; Metric Name: Progress; Status: On Track; Current Value: 100%; Activity Date: 2025-06-16 09:23:32 UTC;,Checkin Date: 2025-06-05; User: Stephen Grist; Note: ; Metric Name: Progress; Status: On Track; Current Value: 100%; Activity Date: 2025-06-05 09:04:34 UTC;,Checkin Date: 2025-05-16; User: Angel Dimitrov; Note: ; Metric Name: Progress; Status: On Track; Current Value: 100%; Activity Date: 2025-05-16 06:32:33 UTC;,,,,,,,,,,,,,,,,,,,,,
2725881,Bring historical acquisitions and other entities into core Puzzel processes,,Stephen Grist,"Angel Dimitrov, Stephen Grist, Victoria Parleva",Annual 2025,2025-01-01,2025-12-31,,"Automation and standardisation of key financial processes(weight: 0%, Id: 2725092)",Progress,%,100,Objective,Aspirational Goal,0,2025-04-09 05:58:34 UTC,,0,0,Not Started,,,,,,,,,,,,,,,,,,,,,,,,,,,,,
2725882,Migrate S2 accounting to internal team,,Stephen Grist,"Stephen Grist, Victoria Parleva",Annual 2025,2025-01-01,2025-12-31,,"Bring historical acquisitions and other entities into core Puzzel processes(weight: 0%, Id: 2725881)",Progress,%,100,Deliverable,Aspirational Goal,0,2025-04-09 05:59:03 UTC,2025-11-13,80,80,Behind,only invoicing not moved,,Checkin Date: 2025-11-13; User: Stephen Grist; Note: only invoicing not moved; Metric Name: Progress; Status: Behind; Current Value: 80%; Activity Date: 2025-11-13 11:54:57 UTC;,Checkin Date: 2025-10-13; User: Stephen Grist; Note: ; Metric Name: Progress; Status: At Risk; Current Value: 40%; Activity Date: 2025-10-13 11:36:57 UTC;,Checkin Date: 2025-09-11; User: Stephen Grist; Note: ; Metric Name: Progress; Status: At Risk; Current Value: 40%; Activity Date: 2025-09-11 12:04:01 UTC;,Checkin Date: 2025-09-01; User: Stephen Grist; Note: ; Metric Name: Progress; Status: At Risk; Current Value: 40%; Activity Date: 2025-09-01 07:53:21 UTC;,Checkin Date: 2025-07-07; User: Stephen Grist; Note: ; Metric Name: Progress; Status: Behind; Current Value: 20%; Activity Date: 2025-07-07 08:52:16 UTC;,Checkin Date: 2025-06-30; User: Stephen Grist; Note: ; Metric Name: Progress; Status: Behind; Current Value: 20%; Activity Date: 2025-06-30 08:07:10 UTC;,Checkin Date: 2025-06-19; User: Stephen Grist; Note: ; Metric Name: Progress; Status: Behind; Current Value: 20%; Activity Date: 2025-06-19 13:24:59 UTC;,Checkin Date: 2025-06-16; User: Stephen Grist; Note: ; Metric Name: Progress; Status: Behind; Current Value: 20%; Activity Date: 2025-06-16 09:22:27 UTC;,Checkin Date: 2025-06-05; User: Stephen Grist; Note: ; Metric Name: Progress; Status: At Risk; Current Value: 10%; Activity Date: 2025-06-05 09:03:14 UTC;,,,,,,,,,,,,,,,,,,
2725883,Migrate Finland accounting to internal team,,Stephen Grist,"Stephen Grist, Victoria Parleva",Annual 2025,2025-01-01,2025-12-31,,"Bring historical acquisitions and other entities into core Puzzel processes(weight: 0%, Id: 2725881)",Progress,%,100,Deliverable,Aspirational Goal,0,2025-04-09 05:59:21 UTC,2025-10-13,20,20,Postponed,we will be implementing a new accounting system early in 2026. there is no point in doing the migration before then,,Checkin Date: 2025-10-13; User: Stephen Grist; Note: we will be implementing a new accounting system early in 2026. there is no point in doing the migration before then; Metric Name: Progress; Status: Postponed; Current Value: 20%; Activity Date: 2025-10-13 11:37:52 UTC;,Checkin Date: 2025-09-11; User: Stephen Grist; Note: ; Metric Name: Progress; Status: At Risk; Current Value: 20%; Activity Date: 2025-09-11 12:04:05 UTC;,Checkin Date: 2025-09-01; User: Stephen Grist; Note: ; Metric Name: Progress; Status: At Risk; Current Value: 20%; Activity Date: 2025-09-01 07:53:27 UTC;,Checkin Date: 2025-07-07; User: Stephen Grist; Note: ; Metric Name: Progress; Status: At Risk; Current Value: 10%; Activity Date: 2025-07-07 08:52:21 UTC;,Checkin Date: 2025-06-30; User: Stephen Grist; Note: ; Metric Name: Progress; Status: At Risk; Current Value: 10%; Activity Date: 2025-06-30 08:07:15 UTC;,Checkin Date: 2025-06-19; User: Stephen Grist; Note: ; Metric Name: Progress; Status: At Risk; Current Value: 10%; Activity Date: 2025-06-19 13:25:02 UTC;,Checkin Date: 2025-06-16; User: Stephen Grist; Note: ; Metric Name: Progress; Status: At Risk; Current Value: 10%; Activity Date: 2025-06-16 09:22:37 UTC;,Checkin Date: 2025-06-05; User: Stephen Grist; Note: ; Metric Name: Progress; Status: At Risk; Current Value: 10%; Activity Date: 2025-06-05 09:03:20 UTC;,,,,,,,,,,,,,,,,,,,
2725885,Kill accounting for Puzzel Malmo (move all relationships to Puzzel AB),,Stephen Grist,"Stephen Grist, Victoria Parleva",Annual 2025,2025-01-01,2025-12-31,,"Bring historical acquisitions and other entities into core Puzzel processes(weight: 0%, Id: 2725881)",Progress,%,100,Deliverable,Aspirational Goal,0,2025-04-09 05:59:50 UTC,2025-10-13,100,100,Closed,done,1,Checkin Date: 2025-10-13; User: Stephen Grist; Note: done; Metric Name: Progress; Status: Closed; Current Value: 100%; Activity Date: 2025-10-13 11:38:09 UTC;,Checkin Date: 2025-09-11; User: Stephen Grist; Note: ; Metric Name: Progress; Status: On Track; Current Value: 85%; Activity Date: 2025-09-11 12:04:13 UTC;,Checkin Date: 2025-09-01; User: Stephen Grist; Note: ; Metric Name: Progress; Status: On Track; Current Value: 75%; Activity Date: 2025-09-01 07:53:35 UTC;,Checkin Date: 2025-07-07; User: Stephen Grist; Note: ; Metric Name: Progress; Status: Behind; Current Value: 40%; Activity Date: 2025-07-07 08:52:27 UTC;,Checkin Date: 2025-06-30; User: Stephen Grist; Note: ; Metric Name: Progress; Status: Behind; Current Value: 40%; Activity Date: 2025-06-30 08:07:22 UTC;,Checkin Date: 2025-06-19; User: Stephen Grist; Note: ; Metric Name: Progress; Status: Behind; Current Value: 20%; Activity Date: 2025-06-19 13:25:06 UTC;,Checkin Date: 2025-06-16; User: Stephen Grist; Note: ; Metric Name: Progress; Status: Behind; Current Value: 20%; Activity Date: 2025-06-16 09:22:45 UTC;,Checkin Date: 2025-06-05; User: Stephen Grist; Note: ; Metric Name: Progress; Status: At Risk; Current Value: 10%; Activity Date: 2025-06-05 09:03:26 UTC;,,,,,,,,,,,,,,,,,,,
2725886,Migrate all Finland invoicing to Nue,,Stephen Grist,"Angel Dimitrov, Stephen Grist",Annual 2025,2025-01-01,2025-12-31,Migrate all Finland invoicing to Nue. Post go live date for Nue we will start incorporating the billing for Finland in Nue.,"Bring historical acquisitions and other entities into core Puzzel processes(weight: 0%, Id: 2725881)",Progress,%,100,Deliverable,Aspirational Goal,0,2025-04-09 06:00:14 UTC,,0,0,Not Started,,,,,,,,,,,,,,,,,,,,,,,,,,,,,
2725888,Migrate S2 invoicing to Nue,,Stephen Grist,"Stephen Grist, Victoria Parleva",Annual 2025,2025-01-01,2025-12-31,,"Bring historical acquisitions and other entities into core Puzzel processes(weight: 0%, Id: 2725881)",Progress,%,100,Deliverable,Aspirational Goal,0,2025-04-09 06:00:45 UTC,2025-11-13,70,70,At Risk,,,Checkin Date: 2025-11-13; User: Stephen Grist; Note: ; Metric Name: Progress; Status: At Risk; Current Value: 70%; Activity Date: 2025-11-13 11:55:11 UTC;,Checkin Date: 2025-10-13; User: Stephen Grist; Note: ; Metric Name: Progress; Status: Behind; Current Value: 70%; Activity Date: 2025-10-13 11:38:18 UTC;,Checkin Date: 2025-09-11; User: Stephen Grist; Note: ; Metric Name: Progress; Status: Behind; Current Value: 60%; Activity Date: 2025-09-11 12:04:19 UTC;,Checkin Date: 2025-09-01; User: Stephen Grist; Note: ; Metric Name: Progress; Status: Behind; Current Value: 60%; Activity Date: 2025-09-01 07:53:43 UTC;,Checkin Date: 2025-07-07; User: Stephen Grist; Note: ; Metric Name: Progress; Status: On Track; Current Value: 50%; Activity Date: 2025-07-07 08:52:32 UTC;,Checkin Date: 2025-06-30; User: Stephen Grist; Note: ; Metric Name: Progress; Status: On Track; Current Value: 50%; Activity Date: 2025-06-30 08:07:27 UTC;,Checkin Date: 2025-06-19; User: Stephen Grist; Note: ; Metric Name: Progress; Status: On Track; Current Value: 50%; Activity Date: 2025-06-19 13:25:10 UTC;,Checkin Date: 2025-06-16; User: Stephen Grist; Note: ; Metric Name: Progress; Status: On Track; Current Value: 50%; Activity Date: 2025-06-16 09:22:51 UTC;,Checkin Date: 2025-06-05; User: Stephen Grist; Note: ; Metric Name: Progress; Status: On Track; Current Value: 50%; Activity Date: 2025-06-05 09:03:32 UTC;,,,,,,,,,,,,,,,,,,
2725889,Migrate Bulgaria accounting to internal team,,Stephen Grist,"Stephen Grist, Victoria Parleva",Annual 2025,2025-01-01,2025-12-31,,"Bring historical acquisitions and other entities into core Puzzel processes(weight: 0%, Id: 2725881)",Progress,%,100,Deliverable,Aspirational Goal,0,2025-04-09 06:01:07 UTC,2025-10-13,10,10,Postponed,we will be implementing a new accounting system early in 2026. there is no point in doing the migration before then,,Checkin Date: 2025-10-13; User: Stephen Grist; Note: we will be implementing a new accounting system early in 2026. there is no point in doing the migration before then; Metric Name: Progress; Status: Postponed; Current Value: 10%; Activity Date: 2025-10-13 11:38:28 UTC;,Checkin Date: 2025-09-11; User: Stephen Grist; Note: ; Metric Name: Progress; Status: At Risk; Current Value: 10%; Activity Date: 2025-09-11 12:04:23 UTC;,Checkin Date: 2025-09-01; User: Stephen Grist; Note: bulgaria is moving to the euro on 1.1.2026 so we plan to delay till then; Metric Name: Progress; Status: At Risk; Current Value: 10%; Activity Date: 2025-09-01 07:54:18 UTC;,Checkin Date: 2025-07-07; User: Stephen Grist; Note: ; Metric Name: Progress; Status: At Risk; Current Value: 10%; Activity Date: 2025-07-07 08:52:37 UTC;,Checkin Date: 2025-06-30; User: Stephen Grist; Note: ; Metric Name: Progress; Status: At Risk; Current Value: 10%; Activity Date: 2025-06-30 08:07:32 UTC;,Checkin Date: 2025-06-19; User: Stephen Grist; Note: ; Metric Name: Progress; Status: At Risk; Current Value: 10%; Activity Date: 2025-06-19 13:25:14 UTC;,Checkin Date: 2025-06-16; User: Stephen Grist; Note: ; Metric Name: Progress; Status: At Risk; Current Value: 10%; Activity Date: 2025-06-16 09:23:00 UTC;,Checkin Date: 2025-06-05; User: Stephen Grist; Note: ; Metric Name: Progress; Status: At Risk; Current Value: 10%; Activity Date: 2025-06-05 09:03:38 UTC;,,,,,,,,,,,,,,,,,,,
2725907,"Overhaul of payroll processes, improving internal control, knowledge and reducing costs",,Stephen Grist,Stephen Grist,Annual 2025,2025-01-01,2025-12-31,,"Automation and standardisation of key financial processes(weight: 0%, Id: 2725092)",Progress,%,100,Objective,Aspirational Goal,0,2025-04-09 06:12:19 UTC,2025-05-12,80,80,On Track,,,,,,,,,,,,,,,,,,,,,,,,,,,,,
2725910,New commission platform implemented,,Stephen Grist,"Deyan Tsvetkov, Nikki Aston",Annual 2025,2025-01-01,2025-12-31,,"Overhaul of payroll processes, improving internal control, knowledge and reducing costs(weight: 0%, Id: 2725907)",Progress,%,100,Deliverable,Aspirational Goal,0,2025-04-09 06:13:41 UTC,2025-11-13,100,100,Closed,'@Nikki Aston @Deyan Tsvetkov @Jake Umney kudos to all for getting this live,1,Checkin Date: 2025-11-13; User: Stephen Grist; Note: @Nikki Aston @Deyan Tsvetkov @Jake Umney kudos to all for getting this live; Metric Name: Progress; Status: Closed; Current Value: 100%; Activity Date: 2025-11-13 11:54:11 UTC;,Checkin Date: 2025-10-13; User: Stephen Grist; Note: ; Metric Name: Progress; Status: On Track; Current Value: 90%; Activity Date: 2025-10-13 11:35:41 UTC;,Checkin Date: 2025-09-11; User: Stephen Grist; Note: ; Metric Name: Progress; Status: On Track; Current Value: 80%; Activity Date: 2025-09-11 12:02:59 UTC;,Checkin Date: 2025-09-01; User: Stephen Grist; Note: ; Metric Name: Progress; Status: Behind; Current Value: 60%; Activity Date: 2025-09-01 07:52:34 UTC;,Checkin Date: 2025-07-07; User: Stephen Grist; Note: ; Metric Name: Progress; Status: Behind; Current Value: 30%; Activity Date: 2025-07-07 08:48:47 UTC;,Checkin Date: 2025-06-30; User: Stephen Grist; Note: ; Metric Name: Progress; Status: Behind; Current Value: 25%; Activity Date: 2025-06-30 08:07:48 UTC;,Checkin Date: 2025-06-19; User: Stephen Grist; Note: ; Metric Name: Progress; Status: Behind; Current Value: 20%; Activity Date: 2025-06-19 13:25:22 UTC;,Checkin Date: 2025-06-16; User: Stephen Grist; Note: ; Metric Name: Progress; Status: Behind; Current Value: 20%; Activity Date: 2025-06-16 09:23:17 UTC;,Checkin Date: 2025-06-05; User: Stephen Grist; Note: ; Metric Name: Progress; Status: At Risk; Current Value: 15%; Activity Date: 2025-06-05 09:03:51 UTC;,Checkin Date: 2025-05-12; User: Stephen Grist; Note: ; Metric Name: Progress; Status: At Risk; Current Value: 10%; Activity Date: 2025-05-12 09:28:22 UTC;,,,,,,,,,,,,,,,,,
2725911,Integration complete with HiBob,,Stephen Grist,Stephen Grist,Annual 2025,2025-03-01,2025-12-31,,"Overhaul of payroll processes, improving internal control, knowledge and reducing costs(weight: 0%, Id: 2725907)",Progress,%,100,Deliverable,Aspirational Goal,0,2025-04-09 06:14:05 UTC,2025-11-13,100,100,Closed,All now completed,1,Checkin Date: 2025-11-13; User: Stephen Grist; Note: All now completed; Metric Name: Progress; Status: Closed; Current Value: 100%; Activity Date: 2025-11-13 11:55:43 UTC;,Checkin Date: 2025-10-13; User: Stephen Grist; Note: ; Metric Name: Progress; Status: On Track; Current Value: 90%; Activity Date: 2025-10-13 11:38:54 UTC;,Checkin Date: 2025-09-11; User: Stephen Grist; Note: ; Metric Name: Progress; Status: On Track; Current Value: 90%; Activity Date: 2025-09-11 12:04:36 UTC;,Checkin Date: 2025-09-01; User: Stephen Grist; Note: ; Metric Name: Progress; Status: On Track; Current Value: 90%; Activity Date: 2025-09-01 07:54:34 UTC;,Checkin Date: 2025-07-07; User: Stephen Grist; Note: ; Metric Name: Progress; Status: On Track; Current Value: 75%; Activity Date: 2025-07-07 08:52:49 UTC;,Checkin Date: 2025-06-30; User: Stephen Grist; Note: ; Metric Name: Progress; Status: On Track; Current Value: 75%; Activity Date: 2025-06-30 08:08:00 UTC;,Checkin Date: 2025-06-19; User: Stephen Grist; Note: ; Metric Name: Progress; Status: On Track; Current Value: 75%; Activity Date: 2025-06-19 13:25:25 UTC;,Checkin Date: 2025-06-16; User: Stephen Grist; Note: ; Metric Name: Progress; Status: On Track; Current Value: 75%; Activity Date: 2025-06-16 09:23:22 UTC;,Checkin Date: 2025-06-09; User: Stephen Grist; Note: ; Metric Name: Progress; Status: On Track; Current Value: 75%; Activity Date: 2025-06-09 09:39:36 UTC;,Checkin Date: 2025-06-05; User: Stephen Grist; Note: ; Metric Name: Progress; Status: On Track; Current Value: 34%; Activity Date: 2025-06-05 09:04:14 UTC;,Checkin Date: 2025-05-12; User: Stephen Grist; Note: ; Metric Name: Progress; Status: On Track; Current Value: 34%; Activity Date: 2025-05-12 09:27:47 UTC;,,,,,,,,,,,,,,,,
2725914,All staff migrated to new payroll systems,,Stephen Grist,Stephen Grist,Annual 2025,2025-03-01,2025-12-31,,"Overhaul of payroll processes, improving internal control, knowledge and reducing costs(weight: 0%, Id: 2725907)",Progress,%,100,Deliverable,Aspirational Goal,0,2025-04-09 06:14:29 UTC,2025-11-13,95,95,On Track,netherlands to move in Jan,,Checkin Date: 2025-11-13; User: Stephen Grist; Note: netherlands to move in Jan; Metric Name: Progress; Status: On Track; Current Value: 95%; Activity Date: 2025-11-13 11:55:58 UTC;,"Checkin Date: 2025-10-13; User: Stephen Grist; Note: still missing netherlands, finland; Metric Name: Progress; Status: On Track; Current Value: 95%; Activity Date: 2025-10-13 11:39:21 UTC;",Checkin Date: 2025-09-11; User: Stephen Grist; Note: ; Metric Name: Progress; Status: On Track; Current Value: 95%; Activity Date: 2025-09-11 12:04:41 UTC;,Checkin Date: 2025-09-01; User: Stephen Grist; Note: ; Metric Name: Progress; Status: On Track; Current Value: 95%; Activity Date: 2025-09-01 07:54:43 UTC;,Checkin Date: 2025-07-07; User: Stephen Grist; Note: ; Metric Name: Progress; Status: On Track; Current Value: 90%; Activity Date: 2025-07-07 08:52:53 UTC;,Checkin Date: 2025-06-30; User: Stephen Grist; Note: ; Metric Name: Progress; Status: On Track; Current Value: 90%; Activity Date: 2025-06-30 08:08:06 UTC;,Checkin Date: 2025-06-19; User: Stephen Grist; Note: ; Metric Name: Progress; Status: On Track; Current Value: 90%; Activity Date: 2025-06-19 13:25:29 UTC;,Checkin Date: 2025-06-16; User: Stephen Grist; Note: ; Metric Name: Progress; Status: On Track; Current Value: 90%; Activity Date: 2025-06-16 09:23:26 UTC;,Checkin Date: 2025-06-05; User: Stephen Grist; Note: ; Metric Name: Progress; Status: On Track; Current Value: 90%; Activity Date: 2025-06-05 09:04:23 UTC;,Checkin Date: 2025-05-12; User: Stephen Grist; Note: ; Metric Name: Progress; Status: On Track; Current Value: 90%; Activity Date: 2025-05-12 09:28:08 UTC;,,,,,,,,,,,,,,,,,
2754049,"Payroll running smoothly, without external involvement",,Nikki Aston,Stephen Grist,Q2 2025,2025-04-01,2025-06-30,,"Overhaul of payroll processes, improving internal control, knowledge and reducing costs(weight: 100%, Id: 2725907)",Progress,%,100,Key result,Aspirational Goal,0,2025-04-23 12:34:55 UTC,2025-05-12,80,80,On Track,,,Checkin Date: 2025-05-12; User: Stephen Grist; Note: ; Metric Name: Progress; Status: On Track; Current Value: 80%; Activity Date: 2025-05-12 09:27:20 UTC;,,,,,,,,,,,,,,,,,,,,,,,,,,
2725937,Simplify banking arrangements group-wide,,Stephen Grist,Stephen Grist,Annual 2025,2025-01-01,2025-12-31,,"Automation and standardisation of key financial processes(weight: 0%, Id: 2725092)",Progress,%,100,Objective,Aspirational Goal,0,2025-04-09 06:24:13 UTC,2025-06-09,40,40,Behind,,,,,,,,,,,,,,,,,,,,,,,,,,,,,
2796597,Credit and debit card arrangements in place,,Stephen Grist,Stephen Grist,Annual 2025,2025-01-01,2025-12-31,,"Simplify banking arrangements group-wide(weight: 100%, Id: 2725937)",Progress,%,100,Key result,Aspirational Goal,0,2025-06-09 09:40:28 UTC,2025-06-09,40,40,Behind,,,Checkin Date: 2025-06-09; User: Stephen Grist; Note: ; Metric Name: Progress; Status: Behind; Current Value: 40%; Activity Date: 2025-06-09 09:40:36 UTC;,,,,,,,,,,,,,,,,,,,,,,,,,,
2770682,Establish consistent OKR discipline to align teams & track execution,OLT,Emma Aspfors,Harriet Edwards,Annual 2025,2025-01-01,2025-12-31,,"Operational scalability(weight: 0%, Id: 2295804)",Progress,%,100,Objective,Aspirational Goal,0,2025-04-30 07:26:20 UTC,2025-04-30,33,33,On Track,,,Checkin Date: 2025-04-30; User: Emma Aspfors; Note: ; Metric Name: Progress; Status: On Track; Current Value: 33%; Activity Date: 2025-04-30 07:29:57 UTC;,,,,,,,,,,,,,,,,,,,,,,,,,,
2770691,100% of Departments with Defined OKR’s by H1  (also see Project Plan for sub–Success Metrics such as log-ins),,Emma Aspfors,Harriet Edwards,Annual 2025,2025-01-01,2025-12-31,,"Establish consistent OKR discipline to align teams & track execution(weight: 100%, Id: 2770682)",Progress,%,100,Key result,Aspirational Goal,0,2025-04-30 07:27:07 UTC,,0,0,Not Started,,,,,,,,,,,,,,,,,,,,,,,,,,,,,
2770701,"Roll out standardized OKR framework and tooling across teams, with aligned reporting cycles and embedded review processes",OLT,Emma Aspfors,Harriet Edwards,Annual 2025,2025-01-01,2025-06-30,,"Establish consistent OKR discipline to align teams & track execution(weight: 0%, Id: 2770682)",Progress,%,100,Deliverable,Aspirational Goal,0,2025-04-30 07:28:41 UTC,,0,0,Not Started,,,,,,,,,,,,,,,,,,,,,,,,,,,,,
2770708,Achieve cost & time efficiencies in GTM Tech Stack,Finance; Revenue Operations,Emma Aspfors,"Harriet Edwards, Stephen Grist",Annual 2025,2025-01-01,2025-12-31,,"Operational scalability(weight: 0%, Id: 2295804)",Progress,%,100,Objective,Aspirational Goal,0,2025-04-30 07:31:33 UTC,2025-07-15,0,0,At Risk,,,,,,,,,,,,,,,,,,,,,,,,,,,,,
2770709,CPQ Live in Production for 11th May with 100% of Users enabled Reduce avg. contract handling time by 25% (2hrs),Finance; Revenue Operations,Emma Aspfors,"Harriet Edwards, Stephen Grist",Annual 2025,2025-01-01,2025-12-31,,"Achieve cost & time efficiencies in GTM Tech Stack(weight: 100%, Id: 2770708)",Progress,%,100,Key result,Aspirational Goal,0,2025-04-30 07:32:05 UTC,,0,0,Not Started,,,,,,,,,,,,,,,,,,,,,,,,,,,,,
2786257,Enable CPQ & Billing readiness for seamless sales operations,Commercial,Tjeerd Veninga,Tjeerd Veninga,Q2 2025,2025-04-01,2025-06-30,,"CPQ Live in Production for 11th May with 100% of Users enabled Reduce avg. contract handling time by 25% (2hrs)(weight: 0%, Id: 2770709) / Successfully implement the Nue.io CPQ platform to streamline quoting and sales operations(weight: 0%, Id: 2790617)",Progress,%,100,Objective,Aspirational Goal,0,2025-05-21 14:14:18 UTC,2025-07-15,100,100,Closed,Achieved,1,Checkin Date: 2025-07-15; User: Tjeerd Veninga; Note: Achieved; Metric Name: Progress; Status: Closed; Current Value: 100%; Activity Date: 2025-07-15 13:38:38 UTC;,Checkin Date: 2025-06-17; User: Tjeerd Veninga; Note: ; Metric Name: Progress; Status: On Track; Current Value: 100%; Activity Date: 2025-06-17 12:01:18 UTC;,Checkin Date: 2025-05-22; User: Tjeerd Veninga; Note: ; Metric Name: Progress; Status: On Track; Current Value: 66%; Activity Date: 2025-05-22 11:57:05 UTC;,,,,,,,,,,,,,,,,,,,,,,,,
2786258,Achieve day 1 readiness through self-paced e-learning and pre-launch training,Commercial,Tjeerd Veninga,Tjeerd Veninga,Q2 2025,2025-04-01,2025-06-30,,"Enable CPQ & Billing readiness for seamless sales operations(weight: 50%, Id: 2786257)",Readiness level,,50,Key result,Aspirational Goal,0,2025-05-21 14:14:19 UTC,2025-07-15,100,50,Closed,Achieved,1,Checkin Date: 2025-07-15; User: Tjeerd Veninga; Note: Achieved; Metric Name: Readiness level; Status: Closed; Current Value: 50; Activity Date: 2025-07-15 13:38:10 UTC;,Checkin Date: 2025-05-26; User: Tjeerd Veninga; Note: ; Metric Name: Readiness level; Status: On Track; Current Value: 50; Activity Date: 2025-05-26 07:42:15 UTC;,,,,,,,,,,,,,,,,,,,,,,,,,
2787939,CPQ week,Commercial,Tjeerd Veninga,Tjeerd Veninga,Q2 2025,2025-04-01,2025-06-30,,"Enable CPQ & Billing readiness for seamless sales operations(weight: 50%, Id: 2786257)",Enablement videos,,5,Key result,Aspirational Goal,0,2025-05-26 07:43:10 UTC,2025-07-15,120,6,Closed,Achieved,1,Checkin Date: 2025-07-15; User: Tjeerd Veninga; Note: Achieved; Metric Name: Enablement videos; Status: Closed; Current Value: 6; Activity Date: 2025-07-15 13:38:25 UTC;,Checkin Date: 2025-06-30; User: Tjeerd Veninga; Note: ; Metric Name: Enablement videos; Status: On Track; Current Value: 6; Activity Date: 2025-06-30 10:07:27 UTC;,,,,,,,,,,,,,,,,,,,,,,,,,
2771021,Deliver & Launch new CPQ with pricing logic configured in the system and new business product taxonomy price list moved to Salesforce,Revenue Operations,Emma Aspfors,Emma Aspfors,Annual 2025,2025-01-01,2025-04-30,,"Achieve cost & time efficiencies in GTM Tech Stack(weight: 0%, Id: 2770708)",Progress,%,100,Deliverable,Aspirational Goal,0,2025-04-30 09:29:28 UTC,2025-09-08,100,100,On Track,,,Checkin Date: 2025-09-08; User: Emma Aspfors; Note: ; Metric Name: Progress; Status: On Track; Current Value: 100%; Activity Date: 2025-09-08 11:14:35 UTC;,Checkin Date: 2025-06-23; User: Emma Aspfors; Note: ; Metric Name: Progress; Status: Behind; Current Value: 90%; Activity Date: 2025-06-23 06:55:41 UTC;,Checkin Date: 2025-04-30; User: Emma Aspfors; Note: ; Metric Name: Progress; Status: At Risk; Current Value: 70%; Activity Date: 2025-04-30 09:30:30 UTC;,,,,,,,,,,,,,,,,,,,,,,,,
2790617,Successfully implement the Nue.io CPQ platform to streamline quoting and sales operations,Revenue Operations,Emma Aspfors,"Rob Clough, Victor Naess",Annual 2025,2025-01-01,2025-06-09,,"Achieve cost & time efficiencies in GTM Tech Stack(weight: 0%, Id: 2770708)",Progress,%,100,Objective,Aspirational Goal,0,2025-05-28 18:20:11 UTC,2025-05-28,90,90,Behind,,,Checkin Date: 2025-05-28; User: Emma Aspfors; Note: ; Metric Name: Progress; Status: Behind; Current Value: 90%; Activity Date: 2025-05-28 18:22:18 UTC;,,,,,,,,,,,,,,,,,,,,,,,,,,
2790618,Ensure bullet-proof process and data management guardrails though end-to-end lead to cash processes,Revenue Operations,Emma Aspfors,Rob Clough,Annual 2025,2025-01-01,2025-06-09,,"Successfully implement the Nue.io CPQ platform to streamline quoting and sales operations(weight: 0%, Id: 2790617)",Progress,%,100,Deliverable,Aspirational Goal,0,2025-05-28 18:23:22 UTC,2025-06-23,50,50,At Risk,,,Checkin Date: 2025-06-23; User: Rob Clough; Note: ; Metric Name: Progress; Status: At Risk; Current Value: 50%; Activity Date: 2025-06-23 10:37:20 UTC;,,,,,,,,,,,,,,,,,,,,,,,,,,
2790619,Create an innovative and efficient user experience,Revenue Operations,Emma Aspfors,Rob Clough,Annual 2025,2025-01-01,2025-06-09,,"Successfully implement the Nue.io CPQ platform to streamline quoting and sales operations(weight: 0%, Id: 2790617)",Progress,%,100,Deliverable,Aspirational Goal,0,2025-05-28 18:23:39 UTC,2025-06-23,15,15,At Risk,,,Checkin Date: 2025-06-23; User: Rob Clough; Note: ; Metric Name: Progress; Status: At Risk; Current Value: 15%; Activity Date: 2025-06-23 10:37:09 UTC;,,,,,,,,,,,,,,,,,,,,,,,,,,
2790620,Automate repetitive processes and tasks,Revenue Operations,Emma Aspfors,Rob Clough,Annual 2025,2025-01-01,2025-06-09,,"Successfully implement the Nue.io CPQ platform to streamline quoting and sales operations(weight: 0%, Id: 2790617)",Progress,%,100,Deliverable,Aspirational Goal,0,2025-05-28 18:25:01 UTC,2025-06-23,15,15,At Risk,,,Checkin Date: 2025-06-23; User: Rob Clough; Note: ; Metric Name: Progress; Status: At Risk; Current Value: 15%; Activity Date: 2025-06-23 10:36:59 UTC;,,,,,,,,,,,,,,,,,,,,,,,,,,
2807269,"All users have required CRED access to all relevant features, function, objects and fields related to Nue.io",Revenue Operations,Rob Clough,"Rob Clough, Victor Naess",Annual 2025,2025-01-01,2025-06-09,,"Successfully implement the Nue.io CPQ platform to streamline quoting and sales operations(weight: 100%, Id: 2790617)",Progress,%,100,Key result,Aspirational Goal,0,2025-06-23 10:57:21 UTC,2025-06-23,75,75,Behind,,,Checkin Date: 2025-06-23; User: Rob Clough; Note: ; Metric Name: Progress; Status: Behind; Current Value: 75%; Activity Date: 2025-06-23 10:57:30 UTC;,,,,,,,,,,,,,,,,,,,,,,,,,,
2807266,Audit and rework of Sharing and Security model in Salesforce and connected GTM systems,Finance; Revenue Operations,Rob Clough,Rob Clough,Annual 2025,2025-01-01,2025-12-31,,"Achieve cost & time efficiencies in GTM Tech Stack(weight: 0%, Id: 2770708)",Progress,%,100,Objective,Aspirational Goal,0,2025-06-23 10:53:48 UTC,2025-06-23,70,70,At Risk,,,,,,,,,,,,,,,,,,,,,,,,,,,,,
2807260,All users have expected visibility of all core functions and key data points,Revenue Operations,Rob Clough,Rob Clough,Annual 2025,2025-01-01,2025-06-09,,"Audit and rework of Sharing and Security model in Salesforce and connected GTM systems(weight: 50%, Id: 2807266)",Progress,%,100,Key result,Aspirational Goal,0,2025-06-23 10:51:36 UTC,2025-06-23,90,90,Behind,,,Checkin Date: 2025-06-23; User: Rob Clough; Note: ; Metric Name: Progress; Status: Behind; Current Value: 90%; Activity Date: 2025-06-23 10:58:31 UTC;,Checkin Date: 2025-06-23; User: Rob Clough; Note: ; Metric Name: Progress; Status: At Risk; Current Value: 30%; Activity Date: 2025-06-23 10:58:19 UTC;,,,,,,,,,,,,,,,,,,,,,,,,,
2807261,All users have only required CRED access to all Salesforce objects and fields,Revenue Operations,Rob Clough,Rob Clough,Annual 2025,2025-01-01,2025-06-09,,"Audit and rework of Sharing and Security model in Salesforce and connected GTM systems(weight: 50%, Id: 2807266)",Progress,%,100,Key result,Aspirational Goal,0,2025-06-23 10:52:42 UTC,2025-06-23,50,50,At Risk,,,Checkin Date: 2025-06-23; User: Rob Clough; Note: ; Metric Name: Progress; Status: At Risk; Current Value: 50%; Activity Date: 2025-06-23 10:58:39 UTC;,,,,,,,,,,,,,,,,,,,,,,,,,,
2792033,Actionable insights on Leading and Lagging indicators across Lead to Booking lifecycle​,,Victor Naess,Harriet Edwards,Annual 2025,2025-01-01,2025-12-31,,"Operational scalability(weight: 0%, Id: 2295804)",Progress,%,100,Objective,Aspirational Goal,0,2025-06-02 08:23:05 UTC,,0,0,Not Started,,,,,,,,,,,,,,,,,,,,,,,,,,,,,
2792093,Establish Change Management process for Go To Market Systems,Revenue Operations,Rob Clough,Rob Clough,Annual 2025,2025-01-01,2025-12-31,,"Operational scalability(weight: 0%, Id: 2295804)",Progress,%,100,Objective,Aspirational Goal,0,2025-06-02 08:58:37 UTC,2025-11-03,80,80,Behind,,,,,,,,,,,,,,,,,,,,,,,,,,,,,
2792102,Implement Salesforce Backups,Revenue Operations,Rob Clough,Rob Clough,Annual 2025,2025-01-01,2025-12-31,,"Establish Change Management process for Go To Market Systems(weight: 33.33%, Id: 2792093)",Progress,%,100,Key result,Aspirational Goal,0,2025-06-02 09:03:32 UTC,2025-09-22,100,100,On Track,,,Checkin Date: 2025-09-22; User: Rob Clough; Note: ; Metric Name: Progress; Status: On Track; Current Value: 100%; Activity Date: 2025-09-22 08:27:11 UTC;,Checkin Date: 2025-06-23; User: Rob Clough; Note: ; Metric Name: Progress; Status: On Track; Current Value: 95%; Activity Date: 2025-06-23 10:35:44 UTC;,,,,,,,,,,,,,,,,,,,,,,,,,
2792105,Implement Sandbox Seeding solution,Revenue Operations,Rob Clough,Rob Clough,Annual 2025,2025-01-01,2025-12-31,,"Establish Change Management process for Go To Market Systems(weight: 33.33%, Id: 2792093)",Progress,%,100,Key result,Aspirational Goal,0,2025-06-02 09:04:44 UTC,2025-11-03,90,90,On Track,,,Checkin Date: 2025-11-03; User: Rob Clough; Note: ; Metric Name: Progress; Status: On Track; Current Value: 90%; Activity Date: 2025-11-03 09:38:20 UTC;,Checkin Date: 2025-09-22; User: Rob Clough; Note: ; Metric Name: Progress; Status: Behind; Current Value: 50%; Activity Date: 2025-09-22 08:26:58 UTC;,Checkin Date: 2025-06-23; User: Rob Clough; Note: ; Metric Name: Progress; Status: Behind; Current Value: 15%; Activity Date: 2025-06-23 10:36:01 UTC;,,,,,,,,,,,,,,,,,,,,,,,,
2792107,Implement Flosum DevOps tool,Revenue Operations,Rob Clough,Rob Clough,Annual 2025,2025-01-01,2025-12-31,,"Establish Change Management process for Go To Market Systems(weight: 33.33%, Id: 2792093)",Progress,%,100,Key result,Aspirational Goal,0,2025-06-02 09:05:57 UTC,2025-09-22,50,50,Behind,,,Checkin Date: 2025-09-22; User: Rob Clough; Note: ; Metric Name: Progress; Status: Behind; Current Value: 50%; Activity Date: 2025-09-22 08:26:46 UTC;,Checkin Date: 2025-06-23; User: Rob Clough; Note: ; Metric Name: Progress; Status: At Risk; Current Value: 20%; Activity Date: 2025-06-23 10:36:20 UTC;,,,,,,,,,,,,,,,,,,,,,,,,,
2792116,Reduce Customer churn through data-driven interventions & proactive enablement​,Puzzel,Victor Naess,Harriet Edwards,Annual 2025,2025-01-01,2025-12-31,,"Operational scalability(weight: 0%, Id: 2295804)",Progress,%,100,Objective,Aspirational Goal,0,2025-06-02 09:07:49 UTC,,0,0,Not Started,,,,,,,,,,,,,,,,,,,,,,,,,,,,,
2808813,Lead stage automation,,Danica Bateman,Danica Bateman,Annual 2025,2025-01-01,2025-12-31,,"Operational scalability(weight: 0%, Id: 2295804)",Progress,%,100,Deliverable,Aspirational Goal,0,2025-06-24 08:47:39 UTC,,0,0,Not Started,,,,,,,,,,,,,,,,,,,,,,,,,,,,,
2814600,Hubspot Documentation,,Danica Bateman,Danica Bateman,Annual 2025,2025-01-01,2025-12-31,,"Operational scalability(weight: 0%, Id: 2295804)",Progress,%,100,Deliverable,Aspirational Goal,0,2025-06-26 09:27:57 UTC,2025-07-17,100,100,On Track,,,Checkin Date: 2025-07-17; User: Danica Bateman; Note: ; Metric Name: Progress; Status: On Track; Current Value: 100%; Activity Date: 2025-07-17 11:27:12 UTC;,,,,,,,,,,,,,,,,,,,,,,,,,,
2841509,Automated Lead Routing,,Danica Bateman,Danica Bateman,Q3 2025,2025-07-01,2025-09-30,Implement an automated marketing lead routing strategy/automated process to increase the speed to lead time. Build SDR marketing dashboard to provide real time insights on lead performance (inclusive of time spent in each stage and last contact dates),"Operational scalability(weight: 0%, Id: 2295804)",Progress,%,100,Objective,Aspirational Goal,0,2025-07-17 11:36:47 UTC,,0,0,Not Started,,,,,,,,,,,,,,,,,,,,,,,,,,,,,
2841512,ICP Analysis Template,,Danica Bateman,Danica Bateman,Q3 2025,2025-07-01,2025-09-30,"Develop a model to regularly review our win/loss by industry, source, employee size, to ensure our ICP criteria remains correct","Operational scalability(weight: 0%, Id: 2295804)",Progress,%,100,Objective,Aspirational Goal,0,2025-07-17 11:41:41 UTC,,0,0,Not Started,,,,,,,,,,,,,,,,,,,,,,,,,,,,,
2295805,Integrate acquisitions,Finance,Frederic Laziou,"Harriet Edwards, Stephen Grist",Annual 2025,2025-01-01,2025-12-31,,"SP3: Operational efficiency(weight: 0%, Id: 2295716)",Progress,%,100,Objective,Aspirational Goal,0,2024-12-09 14:55:29 UTC,2025-08-19,80,80,Behind,,,,,,,,,,,,,,,,,,,,,,,,,,,,,
2725901,Billing migration for acquired entities,Finance,Stephen Grist,"Angel Dimitrov, Stephen Grist",Annual 2025,2025-01-01,2025-12-31,,"Integrate acquisitions(weight: 0%, Id: 2295805)",Progress,%,100,Objective,Aspirational Goal,0,2025-04-09 06:09:33 UTC,,0,0,Not Started,,,,,,,,,,,,,,,,,,,,,,,,,,,,,
2725924,Design process for CI invoicing to be from Nue,Finance,Stephen Grist,"Angel Dimitrov, Stephen Grist",Annual 2025,2025-03-01,2025-06-30,,"Billing migration for acquired entities(weight: 0%, Id: 2725901)",Progress,%,100,Deliverable,Aspirational Goal,0,2025-04-09 06:18:38 UTC,,0,0,Not Started,,,,,,,,,,,,,,,,,,,,,,,,,,,,,
2725925,Billing CI from Nue,Finance,Stephen Grist,"Angel Dimitrov, Stephen Grist",Annual 2025,2025-07-01,2025-12-31,,"Billing migration for acquired entities(weight: 0%, Id: 2725901)",Progress,%,100,Deliverable,Aspirational Goal,0,2025-04-09 06:19:06 UTC,,0,0,Not Started,,,,,,,,,,,,,,,,,,,,,,,,,,,,,
2725903,Accounting migration for acquired entities,Finance,Stephen Grist,"Stephen Grist, Victoria Parleva",Annual 2025,2025-01-01,2025-12-31,,"Integrate acquisitions(weight: 0%, Id: 2295805)",Progress,%,100,Objective,Aspirational Goal,0,2025-04-09 06:10:44 UTC,,0,0,Not Started,,,,,,,,,,,,,,,,,,,,,,,,,,,,,
2725920,Capturi A-S migrated to Precoro - Dynamics,Finance,Stephen Grist,"Stephen Grist, Victoria Parleva",Annual 2025,2025-03-01,2025-07-01,,"Accounting migration for acquired entities(weight: 0%, Id: 2725903)",Progress,%,100,Deliverable,Aspirational Goal,0,2025-04-09 06:17:09 UTC,2025-09-01,100,100,Closed,completed,1,Checkin Date: 2025-09-01; User: Stephen Grist; Note: completed; Metric Name: Progress; Status: Closed; Current Value: 100%; Activity Date: 2025-09-01 07:55:01 UTC;,Checkin Date: 2025-07-07; User: Stephen Grist; Note: ; Metric Name: Progress; Status: On Track; Current Value: 100%; Activity Date: 2025-07-07 08:53:20 UTC;,Checkin Date: 2025-06-30; User: Stephen Grist; Note: ; Metric Name: Progress; Status: Behind; Current Value: 80%; Activity Date: 2025-06-30 08:08:16 UTC;,Checkin Date: 2025-06-16; User: Stephen Grist; Note: ; Metric Name: Progress; Status: Behind; Current Value: 80%; Activity Date: 2025-06-16 09:23:39 UTC;,Checkin Date: 2025-06-09; User: Stephen Grist; Note: ; Metric Name: Progress; Status: Behind; Current Value: 75%; Activity Date: 2025-06-09 09:41:13 UTC;,Checkin Date: 2025-05-12; User: Stephen Grist; Note: ; Metric Name: Progress; Status: At Risk; Current Value: 30%; Activity Date: 2025-05-12 07:58:13 UTC;,,,,,,,,,,,,,,,,,,,,,
2725921,CapSwe migrated to Precoro - Dynamics,Finance,Stephen Grist,"Stephen Grist, Victoria Parleva",Annual 2025,2025-03-01,2025-06-30,,"Accounting migration for acquired entities(weight: 0%, Id: 2725903)",Progress,%,100,Deliverable,Aspirational Goal,0,2025-04-09 06:17:23 UTC,2025-10-13,100,100,Closed,everything transitioned to Puzzel AB,1,Checkin Date: 2025-10-13; User: Stephen Grist; Note: everything transitioned to Puzzel AB; Metric Name: Progress; Status: Closed; Current Value: 100%; Activity Date: 2025-10-13 11:39:49 UTC;,Checkin Date: 2025-09-11; User: Stephen Grist; Note: ; Metric Name: Progress; Status: Behind; Current Value: 75%; Activity Date: 2025-09-11 12:04:46 UTC;,Checkin Date: 2025-09-01; User: Stephen Grist; Note: ; Metric Name: Progress; Status: Behind; Current Value: 75%; Activity Date: 2025-09-01 07:55:07 UTC;,Checkin Date: 2025-07-07; User: Stephen Grist; Note: ; Metric Name: Progress; Status: Behind; Current Value: 75%; Activity Date: 2025-07-07 08:53:27 UTC;,Checkin Date: 2025-06-30; User: Stephen Grist; Note: ; Metric Name: Progress; Status: Behind; Current Value: 75%; Activity Date: 2025-06-30 08:08:20 UTC;,Checkin Date: 2025-06-16; User: Stephen Grist; Note: ; Metric Name: Progress; Status: Behind; Current Value: 75%; Activity Date: 2025-06-16 09:23:45 UTC;,Checkin Date: 2025-06-09; User: Stephen Grist; Note: ; Metric Name: Progress; Status: Behind; Current Value: 75%; Activity Date: 2025-06-09 09:41:20 UTC;,Checkin Date: 2025-05-12; User: Stephen Grist; Note: ; Metric Name: Progress; Status: At Risk; Current Value: 30%; Activity Date: 2025-05-12 07:58:27 UTC;,,,,,,,,,,,,,,,,,,,
2725923,Standardisation of VAT reporting across group,Finance,Stephen Grist,"Stephen Grist, Victoria Parleva",Annual 2025,2025-01-01,2025-12-31,,"Accounting migration for acquired entities(weight: 0%, Id: 2725903)",Progress,%,100,Deliverable,Aspirational Goal,0,2025-04-09 06:18:06 UTC,2025-11-13,100,100,Closed,not really sure what we intended on this one,1,Checkin Date: 2025-11-13; User: Stephen Grist; Note: not really sure what we intended on this one; Metric Name: Progress; Status: Closed; Current Value: 100%; Activity Date: 2025-11-13 11:56:18 UTC;,Checkin Date: 2025-10-13; User: Stephen Grist; Note: ; Metric Name: Progress; Status: Behind; Current Value: 60%; Activity Date: 2025-10-13 11:40:04 UTC;,Checkin Date: 2025-09-11; User: Stephen Grist; Note: ; Metric Name: Progress; Status: At Risk; Current Value: 10%; Activity Date: 2025-09-11 12:04:51 UTC;,Checkin Date: 2025-09-01; User: Stephen Grist; Note: ; Metric Name: Progress; Status: At Risk; Current Value: 10%; Activity Date: 2025-09-01 07:55:21 UTC;,Checkin Date: 2025-07-07; User: Stephen Grist; Note: ; Metric Name: Progress; Status: At Risk; Current Value: 10%; Activity Date: 2025-07-07 08:53:33 UTC;,Checkin Date: 2025-06-30; User: Stephen Grist; Note: ; Metric Name: Progress; Status: At Risk; Current Value: 10%; Activity Date: 2025-06-30 08:08:27 UTC;,Checkin Date: 2025-06-16; User: Stephen Grist; Note: ; Metric Name: Progress; Status: At Risk; Current Value: 10%; Activity Date: 2025-06-16 09:23:55 UTC;,,,,,,,,,,,,,,,,,,,,
2769162,"100% migration of core systems (e.g. CRM, billing, analytics) from acquired entities into primary platforms by 30th June",Finance,Emma Aspfors,"Harriet Edwards, Stephen Grist",Annual 2025,2025-01-01,2025-06-30,,"Integrate acquisitions(weight: 100%, Id: 2295805)",Progress,%,100,Key result,Aspirational Goal,0,2025-04-29 06:11:14 UTC,2025-08-19,80,80,Closed,"Mostly done besides billing, still pending",0.8,"Checkin Date: 2025-08-19; User: Frederic Laziou; Note: Mostly done besides billing, still pending; Metric Name: Progress; Status: Closed; Current Value: 80%; Activity Date: 2025-08-19 10:24:50 UTC;",Checkin Date: 2025-05-19; User: Frederic Laziou; Note: CRM done. Remaining billing; Metric Name: Progress; Status: On Track; Current Value: 80%; Activity Date: 2025-05-19 09:30:40 UTC;,,,,,,,,,,,,,,,,,,,,,,,,,
2770655,"Finalise end-to-end integration of systems, processes and data across all business functions",Finance; Revenue Operations,Emma Aspfors,"Emma Aspfors, Harriet Edwards, Stephen Grist",Annual 2025,2025-01-01,2025-12-31,,"Integrate acquisitions(weight: 0%, Id: 2295805)",Progress,%,100,Deliverable,Aspirational Goal,0,2025-04-30 07:22:00 UTC,2025-06-23,80,80,On Track,,,Checkin Date: 2025-06-23; User: Emma Aspfors; Note: ; Metric Name: Progress; Status: On Track; Current Value: 80%; Activity Date: 2025-06-23 06:43:20 UTC;,Checkin Date: 2025-04-30; User: Emma Aspfors; Note: ; Metric Name: Progress; Status: On Track; Current Value: 33%; Activity Date: 2025-04-30 07:24:32 UTC;,,,,,,,,,,,,,,,,,,,,,,,,,
2770658,"Align organisational workflows, reporting structure and enablement to support a unified operating model",Finance; Revenue Operations,Emma Aspfors,"Emma Aspfors, Harriet Edwards, Stephen Grist",Annual 2025,2025-01-01,2025-12-31,,"Integrate acquisitions(weight: 0%, Id: 2295805)",Progress,%,100,Deliverable,Aspirational Goal,0,2025-04-30 07:22:23 UTC,2025-06-23,80,80,On Track,,,Checkin Date: 2025-06-23; User: Emma Aspfors; Note: ; Metric Name: Progress; Status: On Track; Current Value: 80%; Activity Date: 2025-06-23 06:43:51 UTC;,Checkin Date: 2025-04-30; User: Emma Aspfors; Note: ; Metric Name: Progress; Status: On Track; Current Value: 60%; Activity Date: 2025-04-30 07:24:10 UTC;,,,,,,,,,,,,,,,,,,,,,,,,,
2770660,"Execute change management, communication and training programs to drive consistency and adoption across integrated teams",Finance; Revenue Operations,Emma Aspfors,"Emma Aspfors, Harriet Edwards, Stephen Grist",Annual 2025,2025-01-01,2025-12-31,,"Integrate acquisitions(weight: 0%, Id: 2295805)",Progress,%,100,Deliverable,Aspirational Goal,0,2025-04-30 07:22:38 UTC,2025-06-23,80,80,On Track,,,Checkin Date: 2025-06-23; User: Emma Aspfors; Note: ; Metric Name: Progress; Status: On Track; Current Value: 80%; Activity Date: 2025-06-23 06:44:04 UTC;,Checkin Date: 2025-04-30; User: Emma Aspfors; Note: ; Metric Name: Progress; Status: On Track; Current Value: 33%; Activity Date: 2025-04-30 07:23:34 UTC;,,,,,,,,,,,,,,,,,,,,,,,,,
2445812,Deliver ABM strategy and model,Marketing,Gabi Warren,"Gabi Warren, Roland Green",Annual 2025,2025-01-01,2025-12-31,,"SP3: Operational efficiency(weight: 0%, Id: 2295716)",Progress,%,100,Objective,Aspirational Goal,0,2025-02-10 13:14:18 UTC,2025-11-11,45,45,Behind,,,,,,,,,,,,,,,,,,,,,,,,,,,,,
2445816,ABM tracker: ensure it is updated on a weekly basis,Marketing,Gabi Warren,Jordy van Gent,Annual 2025,2025-01-01,2025-12-31,,"Deliver ABM strategy and model(weight: 0%, Id: 2445812)",Progress,%,100,Deliverable,Aspirational Goal,0,2025-02-10 13:15:55 UTC,2025-06-27,100,100,Closed,Phase 1 completed,1,Checkin Date: 2025-06-27; User: Jordy van Gent; Note: Phase 1 completed; Metric Name: Progress; Status: Closed; Current Value: 100%; Activity Date: 2025-06-27 12:16:16 UTC;,Checkin Date: 2025-06-27; User: Jordy van Gent; Note: ; Metric Name: Progress; Status: On Track; Current Value: 100%; Activity Date: 2025-06-27 12:15:56 UTC;,Checkin Date: 2025-05-09; User: Jordy van Gent; Note: ; Metric Name: Progress; Status: On Track; Current Value: 84%; Activity Date: 2025-05-09 09:02:42 UTC;,Checkin Date: 2025-04-08; User: Jordy van Gent; Note: ; Metric Name: Progress; Status: On Track; Current Value: 65%; Activity Date: 2025-04-08 20:37:13 UTC;,Checkin Date: 2025-03-03; User: Jordy van Gent; Note: ; Metric Name: Progress; Status: On Track; Current Value: 50%; Activity Date: 2025-03-03 08:45:31 UTC;,,,,,,,,,,,,,,,,,,,,,,
2445818,Q1 account assignment: ensure each rep has 100 ICP accounts to work,Marketing,Gabi Warren,"Jon Phillip Bodholdt, Jordy van Gent, Roland Green",Annual 2025,2025-01-01,2025-03-31,,"Deliver ABM strategy and model(weight: 0%, Id: 2445812)",Progress,%,100,Deliverable,Aspirational Goal,0,2025-02-10 13:17:08 UTC,2025-04-08,100,100,Closed,Target Account asignment complete: https://puzzel.lightning.force.com/lightning/r/Report/00OTp000003VJFxMAO/view?queryScope=userFolders,1,Checkin Date: 2025-04-08; User: Jordy van Gent; Note: Target Account asignment complete: https://puzzel.lightning.force.com/lightning/r/Report/00OTp000003VJFxMAO/view?queryScope=userFolders; Metric Name: Progress; Status: Closed; Current Value: 100%; Activity Date: 2025-04-08 20:40:48 UTC;,Checkin Date: 2025-04-08; User: Jordy van Gent; Note: ; Metric Name: Progress; Status: On Track; Current Value: 100%; Activity Date: 2025-04-08 20:38:09 UTC;,Checkin Date: 2025-03-10; User: Roland Green; Note: ALL AEs have3 100 ABM accounts now excluding Sweden with some work to up the TAM in that region; Metric Name: Progress; Status: On Track; Current Value: 90%; Activity Date: 2025-03-10 12:07:45 UTC;,Checkin Date: 2025-03-03; User: Jordy van Gent; Note: ; Metric Name: Progress; Status: On Track; Current Value: 50%; Activity Date: 2025-03-03 08:45:53 UTC;,Checkin Date: 2025-02-10; User: Gabi Warren; Note: Robban working on Nordics accounts with team. James working on UK accounts with team.; Metric Name: Progress; Status: On Track; Current Value: 50%; Activity Date: 2025-02-10 13:20:44 UTC;,,,,,,,,,,,,,,,,,,,,,,
2445821,Q2 account assignment: ensure each rep has 100 ICP accounts to work,Marketing,Gabi Warren,"Jon Phillip Bodholdt, Jordy van Gent, Roland Green",Annual 2025,2025-04-01,2025-06-30,,"Deliver ABM strategy and model(weight: 0%, Id: 2445812)",Progress,%,100,Deliverable,Aspirational Goal,0,2025-02-10 13:17:22 UTC,2025-04-14,100,100,On Track,,,Checkin Date: 2025-04-14; User: Gabi Warren; Note: ; Metric Name: Progress; Status: On Track; Current Value: 100%; Activity Date: 2025-04-14 09:21:21 UTC;,Checkin Date: 2025-03-11; User: Jordy van Gent; Note: ; Metric Name: Progress; Status: On Track; Current Value: 75%; Activity Date: 2025-03-11 21:05:15 UTC;,,,,,,,,,,,,,,,,,,,,,,,,,
2445824,Q3 account assignment: ensure each rep has 100 ICP accounts to work,Marketing,Gabi Warren,"Jon Phillip Bodholdt, Jordy van Gent, Roland Green",Annual 2025,2025-07-01,2025-09-30,,"Deliver ABM strategy and model(weight: 0%, Id: 2445812)",Progress,%,100,Deliverable,Aspirational Goal,0,2025-02-10 13:18:04 UTC,2025-05-09,50,50,On Track,"Missing some Nordic accounts, but UK is ready.",,Checkin Date: 2025-05-09; User: Jon Phillip Bodholdt; Note: ; Metric Name: Progress; Status: On Track; Current Value: 50%; Activity Date: 2025-05-09 06:28:32 UTC;,Checkin Date: 2025-03-12; User: Gabi Warren; Note: ; Metric Name: Progress; Status: On Track; Current Value: 0%; Activity Date: 2025-03-12 09:49:29 UTC;,"Checkin Date: 2025-03-12; User: Gabi Warren; Note: Missing some Nordic accounts, but UK is ready.; Metric Name: Progress; Status: On Track; Current Value: 80%; Activity Date: 2025-03-12 09:47:05 UTC;",,,,,,,,,,,,,,,,,,,,,,,,
2445828,Q4 account assignment: ensure each rep has 100 ICP accounts to work,Marketing,Gabi Warren,"Jon Phillip Bodholdt, Roland Green",Annual 2025,2025-10-01,2025-12-31,,"Deliver ABM strategy and model(weight: 0%, Id: 2445812)",Progress,%,100,Deliverable,Aspirational Goal,0,2025-02-10 13:18:41 UTC,2025-05-09,20,20,On Track,,,Checkin Date: 2025-05-09; User: Jon Phillip Bodholdt; Note: ; Metric Name: Progress; Status: On Track; Current Value: 20%; Activity Date: 2025-05-09 06:28:49 UTC;,,,,,,,,,,,,,,,,,,,,,,,,,,
2445950,"Determine ICP + Segmentation based on current customers and products, best fit and most likely to buy",Marketing,Gabi Warren,"Gabi Warren, Roland Green",Annual 2025,2025-01-01,2025-12-31,,"Deliver ABM strategy and model(weight: 0%, Id: 2445812)",Progress,%,100,Deliverable,Aspirational Goal,0,2025-02-10 13:59:32 UTC,2025-02-10,100,100,Closed,Done by Marlin in Q4'24. To be reviewed quarterly by Raisa,1,Checkin Date: 2025-02-10; User: Gabi Warren; Note: Done by Marlin in Q4'24. To be reviewed quarterly by Raisa; Metric Name: Progress; Status: Closed; Current Value: 100%; Activity Date: 2025-02-10 14:00:16 UTC;,,,,,,,,,,,,,,,,,,,,,,,,,,
2503104,Develop a list of content aligned to pipeline stage,Marketing,Gabi Warren,"Gabi Warren, Jordy van Gent",Annual 2025,2025-01-01,2025-12-31,,"Deliver ABM strategy and model(weight: 0%, Id: 2445812)",Progress,%,100,Deliverable,Aspirational Goal,0,2025-03-12 08:35:42 UTC,2025-04-14,100,100,On Track,,,Checkin Date: 2025-04-14; User: Gabi Warren; Note: ; Metric Name: Progress; Status: On Track; Current Value: 100%; Activity Date: 2025-04-14 09:21:29 UTC;,Checkin Date: 2025-04-08; User: Jordy van Gent; Note: ; Metric Name: Progress; Status: On Track; Current Value: 80%; Activity Date: 2025-04-08 20:38:45 UTC;,Checkin Date: 2025-03-12; User: Gabi Warren; Note: ; Metric Name: Progress; Status: On Track; Current Value: 30%; Activity Date: 2025-03-12 08:35:54 UTC;,,,,,,,,,,,,,,,,,,,,,,,,
2504117,Ensure 100 accounts per AE in Q1,Marketing,Gabi Warren,"Gabi Warren, Roland Green",Annual 2025,2025-01-01,2025-12-31,,"Deliver ABM strategy and model(weight: 50%, Id: 2445812)",Progress,%,100,Key result,Aspirational Goal,0,2025-03-12 13:01:52 UTC,2025-03-12,90,90,On Track,all AE have 100 ABM accounts in place except Sweden where avg is 80,,Checkin Date: 2025-03-12; User: Roland Green; Note: all AE have 100 ABM accounts in place except Sweden where avg is 80; Metric Name: Progress; Status: On Track; Current Value: 90%; Activity Date: 2025-03-12 13:02:34 UTC;,,,,,,,,,,,,,,,,,,,,,,,,,,
2902551,Land 15m of qualfied SDR Pipeline,Marketing,Roland Green,"Gabi Warren, Roland Green",Q4 2025,2025-10-01,2025-12-31,,"Deliver ABM strategy and model(weight: 50%, Id: 2445812)",Pipeline,,15,Key result,Aspirational Goal,0,2025-11-11 13:49:18 UTC,,0,0,Not Started,,,,,,,,,,,,,,,,,,,,,,,,,,,,,
2295722,Improve EBITDA to 134M,,Frederic Laziou,Frederic Laziou,Annual 2025,2025-01-01,2025-12-31,,"2025 -- Build the Leading CX Ecosystem in Europe Focusing on Mid-Market and Enterprise(weight: 25%, Id: 2295704)",EBITDA,,134000000,Key result,Aspirational Goal,0,2024-12-09 14:38:30 UTC,2025-11-08,76.42910448,102415000,On Track,"2,9M behind after July",,Checkin Date: 2025-11-08; User: Frederic Laziou; Note: ; Metric Name: EBITDA; Status: On Track; Current Value: 102.42 M; Activity Date: 2025-11-08 09:57:31 UTC;,Checkin Date: 2025-09-11; User: Frederic Laziou; Note: ; Metric Name: EBITDA; Status: Behind; Current Value: 72.64 M; Activity Date: 2025-09-11 07:48:10 UTC;,"Checkin Date: 2025-08-19; User: Frederic Laziou; Note: 2,9M behind after July; Metric Name: EBITDA; Status: Behind; Current Value: 59.11 M; Activity Date: 2025-08-19 10:16:53 UTC;",Checkin Date: 2025-07-11; User: Frederic Laziou; Note: ; Metric Name: EBITDA; Status: Behind; Current Value: 50.28 M; Activity Date: 2025-07-11 10:28:28 UTC;,"Checkin Date: 2025-06-16; User: Frederic Laziou; Note: 1,9M behind by end of May; Metric Name: EBITDA; Status: Behind; Current Value: 37.57 M; Activity Date: 2025-06-16 05:56:08 UTC;",Checkin Date: 2025-05-19; User: Frederic Laziou; Note: ; Metric Name: EBITDA; Status: Behind; Current Value: 28.28 M; Activity Date: 2025-05-19 09:25:17 UTC;,Checkin Date: 2025-04-08; User: Frederic Laziou; Note: ; Metric Name: EBITDA; Status: On Track; Current Value: 23.26 M; Activity Date: 2025-04-08 09:18:49 UTC;,"Checkin Date: 2025-03-12; User: Frederic Laziou; Note: 1,8M behind budget end of Feb; Metric Name: EBITDA; Status: Behind; Current Value: 15.8 M; Activity Date: 2025-03-12 09:50:11 UTC;",Checkin Date: 2025-03-09; User: Frederic Laziou; Note: ; Metric Name: EBITDA; Status: Behind; Current Value: 8.9 M; Activity Date: 2025-03-09 15:18:06 UTC;,,,,,,,,,,,,,,,,,,
2295733,Improve NRR >105%,,Frederic Laziou,Frederic Laziou,Annual 2025,2025-01-01,2025-12-31,,"2025 -- Build the Leading CX Ecosystem in Europe Focusing on Mid-Market and Enterprise(weight: 25%, Id: 2295704)",NRR,%,105,Key result,Aspirational Goal,105,2024-12-09 14:40:21 UTC,2025-11-08,0,104,At Risk,"While expansion is in line with budget, churn lagging behind by end of April",,Checkin Date: 2025-11-08; User: Frederic Laziou; Note: ; Metric Name: NRR; Status: At Risk; Current Value: 104%; Activity Date: 2025-11-08 09:57:57 UTC;,Checkin Date: 2025-09-11; User: Frederic Laziou; Note: ; Metric Name: NRR; Status: At Risk; Current Value: 104%; Activity Date: 2025-09-11 07:48:28 UTC;,Checkin Date: 2025-08-19; User: Frederic Laziou; Note: ; Metric Name: NRR; Status: On Track; Current Value: 105%; Activity Date: 2025-08-19 10:17:08 UTC;,Checkin Date: 2025-07-11; User: Frederic Laziou; Note: ; Metric Name: NRR; Status: On Track; Current Value: 105%; Activity Date: 2025-07-11 10:31:44 UTC;,Checkin Date: 2025-07-11; User: Frederic Laziou; Note: ; Metric Name: NRR; Status: At Risk; Current Value: 105%; Activity Date: 2025-07-11 10:31:30 UTC;,Checkin Date: 2025-07-11; User: Frederic Laziou; Note: ; Metric Name: NRR; Status: On Track; Current Value: 1.06 K%; Activity Date: 2025-07-11 10:31:20 UTC;,Checkin Date: 2025-07-11; User: Frederic Laziou; Note: ; Metric Name: NRR; Status: On Track; Current Value: 1.06 K%; Activity Date: 2025-07-11 10:31:00 UTC;,Checkin Date: 2025-06-16; User: Frederic Laziou; Note: ; Metric Name: NRR; Status: On Track; Current Value: 105%; Activity Date: 2025-06-16 05:55:14 UTC;,Checkin Date: 2025-06-16; User: Frederic Laziou; Note: ; Metric Name: NRR; Status: On Track; Current Value: 1.05 K%; Activity Date: 2025-06-16 05:54:54 UTC;,"Checkin Date: 2025-05-19; User: Frederic Laziou; Note: While expansion is in line with budget, churn lagging behind by end of April; Metric Name: NRR; Status: At Risk; Current Value: 104%; Activity Date: 2025-05-19 09:26:45 UTC;",Checkin Date: 2025-05-19; User: Frederic Laziou; Note: ; Metric Name: NRR; Status: At Risk; Current Value: 104%; Activity Date: 2025-05-19 09:26:06 UTC;,Checkin Date: 2025-03-12; User: Frederic Laziou; Note: ; Metric Name: NRR; Status: At Risk; Current Value: 104%; Activity Date: 2025-03-12 09:51:50 UTC;,Checkin Date: 2025-03-12; User: Frederic Laziou; Note: ; Metric Name: NRR; Status: On Track; Current Value: 149%; Activity Date: 2025-03-12 09:51:33 UTC;,Checkin Date: 2025-03-12; User: Frederic Laziou; Note: ; Metric Name: NRR; Status: On Track; Current Value: 1.49 K%; Activity Date: 2025-03-12 09:50:37 UTC;,Checkin Date: 2025-03-09; User: Frederic Laziou; Note: ; Metric Name: NRR; Status: On Track; Current Value: 1.05 K%; Activity Date: 2025-03-09 15:21:10 UTC;,Checkin Date: 2025-03-09; User: Frederic Laziou; Note: ; Metric Name: NRR; Status: At Risk; Current Value: 105%; Activity Date: 2025-03-09 15:20:31 UTC;,Checkin Date: 2025-03-09; User: Frederic Laziou; Note: ; Metric Name: NRR; Status: On Track; Current Value: 1.05 K%; Activity Date: 2025-03-09 15:19:27 UTC;,Checkin Date: 2025-03-09; User: Frederic Laziou; Note: ; Metric Name: NRR; Status: On Track; Current Value: 1.05 K%; Activity Date: 2025-03-09 15:19:05 UTC;,Checkin Date: 2025-03-09; User: Frederic Laziou; Note: ; Metric Name: NRR; Status: On Track; Current Value: 1.05 K%; Activity Date: 2025-03-09 15:18:46 UTC;,,,,,,,,
2295754,Increase bookings from virtual agents and analytics to 50M,,Frederic Laziou,Frederic Laziou,Annual 2025,2025-01-01,2025-12-31,,"2025 -- Build the Leading CX Ecosystem in Europe Focusing on Mid-Market and Enterprise(weight: 25%, Id: 2295704)",AI bookings,,50000000,Key result,Aspirational Goal,0,2024-12-09 14:44:15 UTC,2025-11-08,85.606,42803000,On Track,End of Sep,,Checkin Date: 2025-11-08; User: Frederic Laziou; Note: End of Sep; Metric Name: AI bookings; Status: On Track; Current Value: 42.8 M; Activity Date: 2025-11-08 17:22:05 UTC;,Checkin Date: 2025-09-11; User: Frederic Laziou; Note: ; Metric Name: AI bookings; Status: On Track; Current Value: 37.84 M; Activity Date: 2025-09-11 07:53:05 UTC;,Checkin Date: 2025-08-19; User: Frederic Laziou; Note: ; Metric Name: AI bookings; Status: On Track; Current Value: 35.83 M; Activity Date: 2025-08-19 10:17:35 UTC;,Checkin Date: 2025-07-11; User: Frederic Laziou; Note: ; Metric Name: AI bookings; Status: On Track; Current Value: 34.04 M; Activity Date: 2025-07-11 10:32:24 UTC;,Checkin Date: 2025-06-16; User: Frederic Laziou; Note: ; Metric Name: AI bookings; Status: On Track; Current Value: 29.5 M; Activity Date: 2025-06-16 05:54:34 UTC;,Checkin Date: 2025-05-19; User: Frederic Laziou; Note: ; Metric Name: AI bookings; Status: On Track; Current Value: 24.1 M; Activity Date: 2025-05-19 09:24:39 UTC;,Checkin Date: 2025-04-08; User: Frederic Laziou; Note: ; Metric Name: AI bookings; Status: On Track; Current Value: 13.6 M; Activity Date: 2025-04-08 09:19:36 UTC;,Checkin Date: 2025-03-12; User: Frederic Laziou; Note: ; Metric Name: AI bookings; Status: On Track; Current Value: 9.5 M; Activity Date: 2025-03-12 09:49:29 UTC;,Checkin Date: 2025-03-09; User: Frederic Laziou; Note: ; Metric Name: AI bookings; Status: Behind; Current Value: 2.3 M; Activity Date: 2025-03-09 15:25:53 UTC;,,,,,,,,,,,,,,,,,,
2312100,Strategic Enabler 1: People & Culture,Puzzel; All Puzzel,Frederic Laziou,Elin Filipp,Annual 2025,2025-01-01,2025-12-31,,"2025 -- Build the Leading CX Ecosystem in Europe Focusing on Mid-Market and Enterprise(weight: 0%, Id: 2295704)",Progress,%,100,Objective,Aspirational Goal,0,2024-12-16 10:27:11 UTC,2025-09-08,0,0,On Track,,,Checkin Date: 2025-04-07; User: Elin Filipp; Note: ; Metric Name: Progress; Status: On Track; Current Value: 0%; Activity Date: 2025-04-07 14:24:10 UTC;,,,,,,,,,,,,,,,,,,,,,,,,,,
2702151,Create an industry leading employee experience,Puzzel; All Puzzel,Ollie Cook,Elin Filipp,Annual 2025,2025-01-01,2025-12-31,,"Strategic Enabler 1: People & Culture(weight: 0%, Id: 2312100)",Progress,%,100,Objective,Aspirational Goal,0,2025-04-02 15:19:16 UTC,2025-09-08,64,64,Behind,,,,,,,,,,,,,,,,,,,,,,,,,,,,,
2677630,Increase company-wide eNPS to 40,Puzzel; All Puzzel,Elin Filipp,Elin Filipp,Annual 2025,2025-01-01,2025-12-31,,"Create an industry leading employee experience(weight: 50%, Id: 2702151)",eNPS,,40,Key result,Aspirational Goal,0,2025-04-02 08:54:37 UTC,2025-08-20,70,28,Behind,,,Checkin Date: 2025-08-20; User: Elin Filipp; Note: ; Metric Name: eNPS; Status: Behind; Current Value: 28; Activity Date: 2025-08-20 07:00:21 UTC;,Checkin Date: 2025-08-20; User: Elin Filipp; Note: ; Metric Name: eNPS; Status: On Track; Current Value: 28; Activity Date: 2025-08-20 07:00:16 UTC;,Checkin Date: 2025-04-02; User: Elin Filipp; Note: ; Metric Name: eNPS; Status: Behind; Current Value: 37; Activity Date: 2025-04-02 09:03:11 UTC;,,,,,,,,,,,,,,,,,,,,,,,,
2803911,Increase UK eNPS to 40,Puzzel; All Puzzel,Ollie Cook,"Elin Filipp, Emily Phillips",Annual 2025,2025-01-01,2025-12-31,,"Increase company-wide eNPS to 40(weight: 33.33%, Id: 2677630)",UK eNPS,,50,Key result,Aspirational Goal,0,2025-06-18 10:34:22 UTC,,0,0,Not Started,,,,,,,,,,,,,,,,,,,,,,,,,,,,,
2803913,Increase Bulgaria eNPS to 60,Puzzel; All Puzzel,Ollie Cook,"Desislava Obretenova, Elin Filipp",Annual 2025,2025-01-01,2025-12-31,,"Increase company-wide eNPS to 40(weight: 33.33%, Id: 2677630)",Progress,%,100,Key result,Aspirational Goal,0,2025-06-18 10:35:22 UTC,,0,0,Not Started,,,,,,,,,,,,,,,,,,,,,,,,,,,,,
2803914,Increase Nordics eNPS to 40,Puzzel; All Puzzel,Ollie Cook,"Elin Filipp, Maria Silverberg",Annual 2025,2025-01-01,2025-12-31,,"Increase company-wide eNPS to 40(weight: 33.33%, Id: 2677630)",Progress,%,100,Key result,Aspirational Goal,0,2025-06-18 10:35:57 UTC,,0,0,Not Started,,,,,,,,,,,,,,,,,,,,,,,,,,,,,
2702247,Deliver automated HR system,Puzzel; All Puzzel,Ollie Cook,Elin Filipp,Annual 2025,2025-01-01,2025-12-31,,"Create an industry leading employee experience(weight: 0%, Id: 2702151)",Progress,%,100,Objective,Aspirational Goal,0,2025-04-02 15:35:00 UTC,2025-08-20,100,100,On Track,,,,,,,,,,,,,,,,,,,,,,,,,,,,,
2702252,All employees live and using Bob by April 1st,,Ollie Cook,Elin Filipp,Annual 2025,2025-01-01,2025-12-31,,"Deliver automated HR system(weight: 50%, Id: 2702247)",Done,%,100,Key result,Aspirational Goal,0,2025-04-02 15:36:10 UTC,2025-04-02,100,100,On Track,,,Checkin Date: 2025-04-02; User: Elin Filipp; Note: ; Metric Name: Done; Status: On Track; Current Value: 100%; Activity Date: 2025-04-02 17:56:59 UTC;,,,,,,,,,,,,,,,,,,,,,,,,,,
2702253,Go Live by end of Q1,,Ollie Cook,Elin Filipp,Annual 2025,2025-01-01,2025-12-31,,"Deliver automated HR system(weight: 0%, Id: 2702247)",Progress,%,100,Deliverable,Aspirational Goal,0,2025-04-02 15:36:10 UTC,2025-04-02,100,100,On Track,,,Checkin Date: 2025-04-02; User: Elin Filipp; Note: ; Metric Name: Progress; Status: On Track; Current Value: 100%; Activity Date: 2025-04-02 17:59:48 UTC;,Checkin Date: 2025-04-02; User: Elin Filipp; Note: ; Metric Name: Progress; Status: On Track; Current Value: 100%; Activity Date: 2025-04-02 17:57:09 UTC;,,,,,,,,,,,,,,,,,,,,,,,,,
2702254,Set up and update performance cycle in Bob,,Ollie Cook,Elin Filipp,Annual 2025,2025-01-01,2025-12-31,,"Deliver automated HR system(weight: 0%, Id: 2702247)",Progress,%,100,Deliverable,Aspirational Goal,0,2025-04-02 15:36:10 UTC,2025-08-20,100,100,On Track,,,Checkin Date: 2025-08-20; User: Elin Filipp; Note: ; Metric Name: Progress; Status: On Track; Current Value: 100%; Activity Date: 2025-08-20 07:00:52 UTC;,Checkin Date: 2025-04-02; User: Elin Filipp; Note: ; Metric Name: Progress; Status: On Track; Current Value: 60%; Activity Date: 2025-04-02 17:57:16 UTC;,,,,,,,,,,,,,,,,,,,,,,,,,
2702255,Roll out new Compensation Bands,,Ollie Cook,Elin Filipp,Annual 2025,2025-04-01,2025-12-31,,"Deliver automated HR system(weight: 50%, Id: 2702247)",Progress,%,100,Deliverable,Aspirational Goal,0,2025-04-02 15:36:10 UTC,2025-08-20,100,100,On Track,,,Checkin Date: 2025-08-20; User: Elin Filipp; Note: ; Metric Name: Progress; Status: On Track; Current Value: 100%; Activity Date: 2025-08-20 07:01:01 UTC;,Checkin Date: 2025-05-21; User: Ollie Cook; Note: ; Metric Name: Progress; Status: On Track; Current Value: 30%; Activity Date: 2025-05-21 11:22:31 UTC;,,,,,,,,,,,,,,,,,,,,,,,,,
2502574,Initiatives to empower managers and to drive Strategic Execution,Puzzel; All Puzzel,Harriet Edwards,Elin Filipp,Annual 2025,2025-01-01,2025-12-31,,"Create an industry leading employee experience(weight: 0%, Id: 2702151)",Progress,%,100,Objective,Aspirational Goal,0,2025-03-11 20:45:46 UTC,2025-03-11,40,40,On Track,,,Checkin Date: 2025-03-11; User: Harriet Edwards; Note: ; Metric Name: Progress; Status: On Track; Current Value: 40%; Activity Date: 2025-03-11 20:51:04 UTC;,,,,,,,,,,,,,,,,,,,,,,,,,,
2502575,"Define OLT membership, roles, and responsibilities with executive alignment",Puzzel,Harriet Edwards,Elin Filipp,Annual 2025,2025-01-01,2025-06-30,,"Initiatives to empower managers and to drive Strategic Execution(weight: 0%, Id: 2502574)",Progress,%,100,Deliverable,Aspirational Goal,0,2025-03-11 20:46:14 UTC,2025-08-20,100,100,On Track,,,Checkin Date: 2025-08-20; User: Elin Filipp; Note: ; Metric Name: Progress; Status: On Track; Current Value: 100%; Activity Date: 2025-08-20 07:07:59 UTC;,Checkin Date: 2025-03-12; User: Elin Filipp; Note: ; Metric Name: Progress; Status: On Track; Current Value: 70%; Activity Date: 2025-03-12 09:41:20 UTC;,Checkin Date: 2025-03-12; User: Elin Filipp; Note: ; Metric Name: Progress; Status: On Track; Current Value: 10%; Activity Date: 2025-03-12 09:41:14 UTC;,,,,,,,,,,,,,,,,,,,,,,,,
2502578,Conduct a post-pilot evaluation survey with 90% positive feedback from OLT members and key stakeholders regarding the team's impact and effectiveness.,Puzzel; All Puzzel,Harriet Edwards,Elin Filipp,Q3 2025,2025-07-01,2025-09-30,,"Initiatives to empower managers and to drive Strategic Execution(weight: 50%, Id: 2502574)",Progress,%,100,Key result,Aspirational Goal,0,2025-03-11 20:46:57 UTC,2025-08-20,88,88,On Track,,,Checkin Date: 2025-08-20; User: Elin Filipp; Note: ; Metric Name: Progress; Status: On Track; Current Value: 88%; Activity Date: 2025-08-20 07:07:42 UTC;,,,,,,,,,,,,,,,,,,,,,,,,,,
2502580,Deploy Q1 OKR Project throughout the Organisation,Puzzel,Harriet Edwards,Elin Filipp,Annual 2025,2025-04-01,2025-06-30,,"Initiatives to empower managers and to drive Strategic Execution(weight: 0%, Id: 2502574)",Progress,%,100,Deliverable,Aspirational Goal,0,2025-03-11 20:47:38 UTC,2025-08-20,100,100,On Track,,,Checkin Date: 2025-08-20; User: Elin Filipp; Note: ; Metric Name: Progress; Status: On Track; Current Value: 100%; Activity Date: 2025-08-20 07:08:08 UTC;,Checkin Date: 2025-03-12; User: Elin Filipp; Note: ; Metric Name: Progress; Status: On Track; Current Value: 10%; Activity Date: 2025-03-12 09:41:01 UTC;,,,,,,,,,,,,,,,,,,,,,,,,,
2502585,"Develop and implement a structured framework for OLT decision-making, ensuring all strategic and transformation projects have clear ownership",Puzzel,Harriet Edwards,Elin Filipp,Annual 2025,2025-01-01,2025-06-30,,"Initiatives to empower managers and to drive Strategic Execution(weight: 0%, Id: 2502574)",Progress,%,100,Deliverable,Aspirational Goal,0,2025-03-11 20:48:46 UTC,2025-03-12,50,50,On Track,,,Checkin Date: 2025-03-12; User: Elin Filipp; Note: ; Metric Name: Progress; Status: On Track; Current Value: 50%; Activity Date: 2025-03-12 09:41:39 UTC;,,,,,,,,,,,,,,,,,,,,,,,,,,
2502587,100% of Puzzel Teams have OKR's & are using Viva Goals as a normal working practice,Puzzel; All Puzzel,Harriet Edwards,Elin Filipp,Annual 2025,2025-03-01,2025-06-30,,"Initiatives to empower managers and to drive Strategic Execution(weight: 50%, Id: 2502574)",Progress,%,100,Key result,Aspirational Goal,0,2025-03-11 20:50:39 UTC,2025-03-12,10,10,On Track,,,Checkin Date: 2025-03-12; User: Elin Filipp; Note: ; Metric Name: Progress; Status: On Track; Current Value: 10%; Activity Date: 2025-03-12 09:41:30 UTC;,,,,,,,,,,,,,,,,,,,,,,,,,,
2711884,New leadership training program (H2),Puzzel,Elin Filipp,Elin Filipp,Q4 2025,2025-10-01,2025-12-31,,"Initiatives to empower managers and to drive Strategic Execution(weight: 0%, Id: 2502574)",Progress,%,100,Deliverable,Aspirational Goal,0,2025-04-07 07:48:20 UTC,2025-08-20,10,10,On Track,,,Checkin Date: 2025-08-20; User: Elin Filipp; Note: ; Metric Name: Progress; Status: On Track; Current Value: 10%; Activity Date: 2025-08-20 07:08:18 UTC;,,,,,,,,,,,,,,,,,,,,,,,,,,
2702258,Career Development: Level Up our employees,Puzzel; All Puzzel,Ollie Cook,Elin Filipp,Annual 2025,2025-06-02,2025-12-31,,"Create an industry leading employee experience(weight: 0%, Id: 2702151)",Progress,%,100,Objective,Aspirational Goal,0,2025-04-02 15:37:53 UTC,2025-06-09,0,0,Behind,,,,,,,,,,,,,,,,,,,,,,,,,,,,,
2796879,Ensure Level Up competency descriptions work for whole org/all departments,Puzzel,Ollie Cook,"Elin Filipp, Ollie Cook",Annual 2025,2025-01-01,2025-12-31,,"Career Development: Level Up our employees(weight: 0%, Id: 2702258)",Progress,%,100,Deliverable,Aspirational Goal,0,2025-06-09 16:19:53 UTC,,0,0,Not Started,,,,,,,,,,,,,,,,,,,,,,,,,,,,,
2702293,OLT collaboration to roll out the initiative,,Ollie Cook,Elin Filipp,Annual 2025,2025-05-07,2025-12-31,,"Career Development: Level Up our employees(weight: 0%, Id: 2702258)",Progress,%,100,Deliverable,Aspirational Goal,0,2025-04-02 15:38:37 UTC,,0,0,Not Started,,,,,,,,,,,,,,,,,,,,,,,,,,,,,
2702294,Updated job grading definitions,,Ollie Cook,Elin Filipp,Annual 2025,2025-04-01,2025-12-31,,"Career Development: Level Up our employees(weight: 33.33%, Id: 2702258)",Progress,%,100,Deliverable,Aspirational Goal,0,2025-04-02 15:38:37 UTC,,0,0,Not Started,,,,,,,,,,,,,,,,,,,,,,,,,,,,,
2702295,100% employees have been graded by managers by H2,,Ollie Cook,Elin Filipp,Annual 2025,2025-07-31,2025-12-31,,"Career Development: Level Up our employees(weight: 33.33%, Id: 2702258)",Graded,%,100,Key result,Aspirational Goal,0,2025-04-02 15:38:37 UTC,,0,0,Not Started,,,,,,,,,,,,,,,,,,,,,,,,,,,,,
2702296,100% employee discussion on P-grading by year end,,Ollie Cook,Elin Filipp,Annual 2025,2025-07-31,2025-12-31,,"Career Development: Level Up our employees(weight: 33.33%, Id: 2702258)",Done,%,100,Key result,Aspirational Goal,0,2025-04-02 15:38:38 UTC,,0,0,Not Started,,,,,,,,,,,,,,,,,,,,,,,,,,,,,
2702297,Managerial Test Group for job grading matrix,,Ollie Cook,Elin Filipp,Annual 2025,2025-01-01,2025-12-31,,"Career Development: Level Up our employees(weight: 0%, Id: 2702258)",Progress,%,100,Deliverable,Aspirational Goal,0,2025-04-02 15:38:38 UTC,2025-04-07,26,26,On Track,,,Checkin Date: 2025-04-07; User: Elin Filipp; Note: ; Metric Name: Progress; Status: On Track; Current Value: 26%; Activity Date: 2025-04-07 14:23:19 UTC;,,,,,,,,,,,,,,,,,,,,,,,,,,
2740668,Deliver a world-class candidate recruitment and onboarding experience,Puzzel; All Puzzel,Ollie Cook,Ollie Cook,Annual 2025,2025-01-01,2025-12-31,,"Create an industry leading employee experience(weight: 0%, Id: 2702151)",Progress,%,100,Objective,Aspirational Goal,0,2025-04-15 08:26:18 UTC,2025-09-08,101,101,On Track,,,,,,,,,,,,,,,,,,,,,,,,,,,,,
2740671,Achieve a candidate NPS of 90+,Puzzel; All Puzzel,Ollie Cook,"Ollie Cook, Sara Stoimenova",Annual 2025,2025-01-01,2025-12-31,,"Deliver a world-class candidate recruitment and onboarding experience(weight: 33.33%, Id: 2740668)",NPS,,90,Key result,Aspirational Goal,0,2025-04-15 08:27:07 UTC,2025-09-08,102.2222222,92,On Track,,,Checkin Date: 2025-09-08; User: Ollie Cook; Note: ; Metric Name: NPS; Status: On Track; Current Value: 92; Activity Date: 2025-09-08 11:20:44 UTC;,Checkin Date: 2025-07-25; User: Ollie Cook; Note: ; Metric Name: NPS; Status: On Track; Current Value: 90; Activity Date: 2025-07-25 08:25:49 UTC;,Checkin Date: 2025-06-09; User: Ollie Cook; Note: ; Metric Name: NPS; Status: On Track; Current Value: 89; Activity Date: 2025-06-09 16:24:21 UTC;,Checkin Date: 2025-06-09; User: Ollie Cook; Note: ; Metric Name: NPS; Status: At Risk; Current Value: 89; Activity Date: 2025-06-09 16:23:39 UTC;,Checkin Date: 2025-05-21; User: Ollie Cook; Note: ; Metric Name: Progress; Status: On Track; Current Value: 84%; Activity Date: 2025-05-21 11:07:59 UTC;,Checkin Date: 2025-05-21; User: Ollie Cook; Note: ; Metric Name: Progress; Status: On Track; Current Value: 0%; Activity Date: 2025-05-21 11:07:51 UTC;,,,,,,,,,,,,,,,,,,,,,
2740674,Achieve a time-to-hire of under 30 days,Puzzel; All Puzzel,Ollie Cook,"Ollie Cook, Sara Stoimenova",Annual 2025,2025-01-01,2025-12-31,,"Deliver a world-class candidate recruitment and onboarding experience(weight: 33.33%, Id: 2740668)",TTH,,30,Key result,Aspirational Goal,30,2025-04-15 08:27:27 UTC,2025-09-08,100,29,On Track,,,Checkin Date: 2025-09-08; User: Ollie Cook; Note: ; Metric Name: TTH; Status: On Track; Current Value: 29; Activity Date: 2025-09-08 11:21:03 UTC;,Checkin Date: 2025-07-16; User: Ollie Cook; Note: ; Metric Name: TTH; Status: On Track; Current Value: 31; Activity Date: 2025-07-16 11:27:46 UTC;,Checkin Date: 2025-06-13; User: Ollie Cook; Note: ; Metric Name: TTH; Status: At Risk; Current Value: 32; Activity Date: 2025-06-13 09:40:37 UTC;,Checkin Date: 2025-06-09; User: Ollie Cook; Note: ; Metric Name: TTH; Status: On Track; Current Value: 30; Activity Date: 2025-06-09 16:22:42 UTC;,Checkin Date: 2025-06-09; User: Ollie Cook; Note: ; Metric Name: TTH; Status: On Track; Current Value: 31; Activity Date: 2025-06-09 16:13:03 UTC;,Checkin Date: 2025-05-21; User: Ollie Cook; Note: ; Metric Name: TTH; Status: At Risk; Current Value: 31; Activity Date: 2025-05-21 11:19:05 UTC;,,,,,,,,,,,,,,,,,,,,,
2740676,Create triggers to send NPS survey out at 2nd interview or beyond,Puzzel,Ollie Cook,Ollie Cook,Annual 2025,2025-01-01,2025-12-31,,"Deliver a world-class candidate recruitment and onboarding experience(weight: 0%, Id: 2740668)",Progress,%,100,Deliverable,Aspirational Goal,0,2025-04-15 08:27:56 UTC,2025-05-21,100,100,Closed,Added,1,Checkin Date: 2025-05-21; User: Ollie Cook; Note: Added; Metric Name: Progress; Status: Closed; Current Value: 100%; Activity Date: 2025-05-21 11:08:37 UTC;,,,,,,,,,,,,,,,,,,,,,,,,,,
2740679,Work with managers to understand importance of strong feedback & moving at speed,Puzzel,Ollie Cook,"Ollie Cook, Sara Stoimenova",Annual 2025,2025-01-01,2025-12-31,,"Deliver a world-class candidate recruitment and onboarding experience(weight: 0%, Id: 2740668)",Progress,%,100,Deliverable,Aspirational Goal,0,2025-04-15 08:28:52 UTC,2025-09-08,50,50,Behind,Ongoing. @Sara Stoimenova working with CSG managers at the moment to push this.,,Checkin Date: 2025-09-08; User: Ollie Cook; Note: Ongoing. @Sara Stoimenova working with CSG managers at the moment to push this.; Metric Name: Progress; Status: Behind; Current Value: 50%; Activity Date: 2025-09-08 11:22:36 UTC;,Checkin Date: 2025-05-21; User: Ollie Cook; Note: ; Metric Name: Progress; Status: On Track; Current Value: 0%; Activity Date: 2025-05-21 11:08:43 UTC;,,,,,,,,,,,,,,,,,,,,,,,,,
2757770,Quality of Hire over 90,Puzzel; All Puzzel,Ollie Cook,"Ollie Cook, Sara Stoimenova",Annual 2025,2025-01-01,2025-12-31,,"Deliver a world-class candidate recruitment and onboarding experience(weight: 33.33%, Id: 2740668)",Quality of hire,,90,Key result,Aspirational Goal,90,2025-04-25 08:52:54 UTC,2025-09-08,100,100,On Track,,,Checkin Date: 2025-09-08; User: Ollie Cook; Note: ; Metric Name: Quality of hire; Status: On Track; Current Value: 100; Activity Date: 2025-09-08 11:23:32 UTC;,Checkin Date: 2025-07-16; User: Ollie Cook; Note: ; Metric Name: Quality of hire; Status: On Track; Current Value: 100; Activity Date: 2025-07-16 11:27:59 UTC;,Checkin Date: 2025-06-09; User: Ollie Cook; Note: ; Metric Name: Quality of hire; Status: On Track; Current Value: 100; Activity Date: 2025-06-09 16:15:35 UTC;,Checkin Date: 2025-05-21; User: Ollie Cook; Note: ; Metric Name: Progress; Status: On Track; Current Value: 100%; Activity Date: 2025-05-21 11:08:14 UTC;,,,,,,,,,,,,,,,,,,,,,,,
2757773,Lead an employer branding project,Puzzel,Ollie Cook,Ollie Cook,Annual 2025,2025-07-01,2025-12-31,,"Deliver a world-class candidate recruitment and onboarding experience(weight: 0%, Id: 2740668)",Progress,%,100,Deliverable,Aspirational Goal,0,2025-04-25 08:53:37 UTC,2025-09-23,50,50,On Track,Reached out to several Puzzelers with request to record video,,Checkin Date: 2025-09-23; User: Ollie Cook; Note: Reached out to several Puzzelers with request to record video; Metric Name: Progress; Status: On Track; Current Value: 50%; Activity Date: 2025-09-23 16:07:09 UTC;,Checkin Date: 2025-07-25; User: Ollie Cook; Note: Request suggestions from local HR members of who to reach out to and speak to Elin to understand logistics of videoing.; Metric Name: Progress; Status: On Track; Current Value: 50%; Activity Date: 2025-07-25 08:26:34 UTC;,Checkin Date: 2025-06-09; User: Ollie Cook; Note: To start in H2. Had to prioritise other projects; Metric Name: Progress; Status: On Track; Current Value: 50%; Activity Date: 2025-06-09 16:18:24 UTC;,Checkin Date: 2025-06-09; User: Ollie Cook; Note: ; Metric Name: Progress; Status: On Track; Current Value: 50%; Activity Date: 2025-06-09 16:14:13 UTC;,,,,,,,,,,,,,,,,,,,,,,,
2702158,Engagement survey response rate to 90% +,,Ollie Cook,Elin Filipp,Annual 2025,2025-01-01,2025-12-31,,"Create an industry leading employee experience(weight: 50%, Id: 2702151)",Response rate,,90,Key result,Aspirational Goal,0,2025-04-02 15:21:27 UTC,2025-08-20,57.77777778,52,Behind,,,Checkin Date: 2025-08-20; User: Elin Filipp; Note: ; Metric Name: Response rate; Status: Behind; Current Value: 52; Activity Date: 2025-08-20 07:00:35 UTC;,Checkin Date: 2025-04-02; User: Elin Filipp; Note: ; Metric Name: Response rate; Status: On Track; Current Value: 86; Activity Date: 2025-04-02 17:57:51 UTC;,,,,,,,,,,,,,,,,,,,,,,,,,
2782578,Strategic Enabler 2: GTM,Commercial,Frederic Laziou,Roland Green,Annual 2025,2025-01-01,2025-12-31,,"2025 -- Build the Leading CX Ecosystem in Europe Focusing on Mid-Market and Enterprise(weight: 0%, Id: 2295704)",Progress,%,100,Objective,Aspirational Goal,0,2025-05-16 10:57:57 UTC,2025-11-13,0,0,At Risk,,,,,,,,,,,,,,,,,,,,,,,,,,,,,
2786404,Develop the partner ecosystem,Commercial,Frederic Laziou,Roland Green,Annual 2025,2025-01-01,2025-12-31,,"Strategic Enabler 2: GTM(weight: 0%, Id: 2782578)",Progress,%,100,Objective,Aspirational Goal,0,2025-05-22 07:06:03 UTC,2025-11-13,69,69,Behind,,,,,,,,,,,,,,,,,,,,,,,,,,,,,
2799276,Acquire 4 new Resellers across the GEOs in Q2,Commercial,Roland Green,"Cary Gibbs, Roland Green",Q2 2025,2025-04-01,2025-06-30,,"Develop the partner ecosystem(weight: 20%, Id: 2786404)",New Partners,,4,Key result,Aspirational Goal,0,2025-06-12 08:36:42 UTC,2025-11-10,75,3,Closed,completed 75%,0.8,Checkin Date: 2025-11-10; User: Roland Green; Note: completed 75%; Metric Name: New Partners; Status: Closed; Current Value: 3; Activity Date: 2025-11-10 20:05:36 UTC;,Checkin Date: 2025-07-08; User: Roland Green; Note: ; Metric Name: New Partners; Status: Behind; Current Value: 3; Activity Date: 2025-07-08 17:23:12 UTC;,Checkin Date: 2025-07-08; User: Roland Green; Note: ; Metric Name: New Partners; Status: Behind; Current Value: 4; Activity Date: 2025-07-08 17:23:03 UTC;,Checkin Date: 2025-07-03; User: Cary Gibbs; Note: ; Metric Name: New Partners; Status: On Track; Current Value: 4; Activity Date: 2025-07-03 14:44:34 UTC;,"Checkin Date: 2025-07-03; User: Cary Gibbs; Note: Achieved 3 new resellers  
UK
Focus Group 
NL
DSTNY B.V
Movements Marketing

In addition to this signed the following
Referral partners
Tech Grants
Menduo
Dstny
3Sides
Conrad Sales Consultancy
CX-Insights B.V.
Dirk Stevens Klantbeleving & Strategie
ElevateCX
Marcel Dekker Management B.V.
NEXT WFM Groep B.V.
Tolzo B.V.
 
In addition to the above in the Nordics Axcess Nordic in Denmark/Norway and Check Communications are new resellers ready to sign in in July; Metric Name: New Partners; Status: On Track; Current Value: 3; Activity Date: 2025-07-03 14:44:06 UTC;",Checkin Date: 2025-07-01; User: Roland Green; Note: 3 added vs goal of 4 (2 in Nl and one UK); Metric Name: New Partners; Status: On Track; Current Value: 4; Activity Date: 2025-07-01 11:42:49 UTC;,,,,,,,,,,,,,,,,,,,,,
2799321,Exceed 12m of Shadow Bookings in Q2 (with 5m coming from AI),Commercial,Roland Green,"Cary Gibbs, Roland Green",Q2 2025,2025-04-01,2025-06-30,,"Develop the partner ecosystem(weight: 20%, Id: 2786404)",Bookings,,13,Key result,Aspirational Goal,0,2025-06-12 09:06:26 UTC,2025-11-10,119.2307692,15.5,Closed,completed 129%,1,Checkin Date: 2025-11-10; User: Roland Green; Note: completed 129%; Metric Name: Bookings; Status: Closed; Current Value: 15.5; Activity Date: 2025-11-10 20:05:57 UTC;,"Checkin Date: 2025-07-03; User: Cary Gibbs; Note: NOK 15,495M (129%) + (4.1M of AI) (82%); Metric Name: Bookings; Status: On Track; Current Value: 15.5; Activity Date: 2025-07-03 14:55:58 UTC;",Checkin Date: 2025-07-01; User: Roland Green; Note: 11m vs 12.15m Team Quota (90%); Metric Name: Bookings; Status: Behind; Current Value: 11; Activity Date: 2025-07-01 11:45:33 UTC;,,,,,,,,,,,,,,,,,,,,,,,,
2826213,"Exceed shadow bookings target in Q3, ensure Partner contributes 9.7m (40%) of total bookings",Commercial,Roland Green,"Cary Gibbs, Roland Green",Q3 2025,2025-07-01,2025-09-30,,"Develop the partner ecosystem(weight: 20%, Id: 2786404)",Progress,%,100,Key result,Aspirational Goal,0,2025-07-01 19:27:19 UTC,2025-11-10,78,78,Closed,78% achievement,0.8,Checkin Date: 2025-11-10; User: Roland Green; Note: 78% achievement; Metric Name: Progress; Status: Closed; Current Value: 78%; Activity Date: 2025-11-10 19:53:31 UTC;,Checkin Date: 2025-10-01; User: Cary Gibbs; Note: ; Metric Name: Progress; Status: Behind; Current Value: 78%; Activity Date: 2025-10-01 07:48:22 UTC;,Checkin Date: 2025-10-01; User: Cary Gibbs; Note: 10.9m vs 13.9m for Q3 (78%); Metric Name: Progress; Status: At Risk; Current Value: 50%; Activity Date: 2025-10-01 07:48:12 UTC;,Checkin Date: 2025-09-11; User: Roland Green; Note: 4.5m QTD vs goal of 13.9m for Q3 (50%) with landing point of ???; Metric Name: Progress; Status: At Risk; Current Value: 50%; Activity Date: 2025-09-11 09:53:05 UTC;,Checkin Date: 2025-08-07; User: Cary Gibbs; Note: ; Metric Name: Progress; Status: At Risk; Current Value: 7%; Activity Date: 2025-08-07 17:06:24 UTC;,Checkin Date: 2025-08-07; User: Cary Gibbs; Note: ; Metric Name: Progress; Status: On Track; Current Value: 67%; Activity Date: 2025-08-07 17:05:24 UTC;,Checkin Date: 2025-08-07; User: Cary Gibbs; Note: Shadow bookings budget 9.663M quota 12.150. Closed 787k in July. Can currently see 8.0M at 40% of total NB & Exp bookings; Metric Name: Progress; Status: Not Started; Current Value: 0%; Activity Date: 2025-08-07 17:04:43 UTC;,,,,,,,,,,,,,,,,,,,,
2857520,Exceed shadow bookings target in Q3 13.9M  with 5.5m in AI,Commercial,Cary Gibbs,"Cary Gibbs, Roland Green",Q3 2025,2025-07-01,2025-09-30,,"Exceed shadow bookings target in Q3, ensure Partner contributes 9.7m (40%) of total bookings(weight: 25%, Id: 2826213)",Progress,%,100,Key result,Aspirational Goal,0,2025-08-24 15:12:46 UTC,2025-11-12,72,72,Closed,Achieved 10.067M vs 9.663M budget (104%)/12.15M VP Quota (83%) / Stretch shadow bookings target of 13.9M (72%),0.7,Checkin Date: 2025-11-12; User: Cary Gibbs; Note: Achieved 10.067M vs 9.663M budget (104%)/12.15M VP Quota (83%) / Stretch shadow bookings target of 13.9M (72%); Metric Name: Progress; Status: Closed; Current Value: 72%; Activity Date: 2025-11-12 17:51:22 UTC;,Checkin Date: 2025-11-12; User: Cary Gibbs; Note: Achieved 10.067M vs 9.663M budget (104%)/12.15M VP Quota (83%) / Stretch shadow bookings target of 13.9M (72%); Metric Name: Progress; Status: Behind; Current Value: 78%; Activity Date: 2025-11-12 17:50:25 UTC;,Checkin Date: 2025-10-01; User: Cary Gibbs; Note: ; Metric Name: Progress; Status: Behind; Current Value: 78%; Activity Date: 2025-10-01 07:49:16 UTC;,Checkin Date: 2025-10-01; User: Cary Gibbs; Note: 10.9m vs 13.9m for Q3 (78%); Metric Name: Progress; Status: Behind; Current Value: 76%; Activity Date: 2025-10-01 07:48:54 UTC;,"Checkin Date: 2025-09-11; User: Cary Gibbs; Note: 4.42M Closed, 2.4M Commit, 9.3M in upside but theres a timing risk. Calling 10.5M for Channel; Metric Name: Progress; Status: Behind; Current Value: 76%; Activity Date: 2025-09-11 15:39:14 UTC;",Checkin Date: 2025-08-24; User: Cary Gibbs; Note: ; Metric Name: Progress; Status: At Risk; Current Value: 7%; Activity Date: 2025-08-24 15:51:45 UTC;,Checkin Date: 2025-08-24; User: Cary Gibbs; Note: Shadow bookings budget 9.663M quota 12.150. Closed 787k in July. Can currently see 8.0M at 40% of total NB & Exp bookings; Metric Name: Progress; Status: Not Started; Current Value: 0%; Activity Date: 2025-08-24 15:49:36 UTC;,,,,,,,,,,,,,,,,,,,,
2857522,Improve Channel Sales Execution,Commercial,Cary Gibbs,"Cary Gibbs, Roland Green",Q3 2025,2025-07-01,2025-09-30,,"Exceed shadow bookings target in Q3 13.9M  with 5.5m in AI(weight: 0%, Id: 2857520)",Progress,%,100,Objective,Aspirational Goal,0,2025-08-24 15:23:20 UTC,2025-11-12,72,72,Closed,Strong execution in Q3 and YTD. In Q3 achieved 10.067M vs 9.663M budget (104%)/12.15M VP Quota (83%) / Stretch shadow bookings target of 13.9M (72%),0.7,Checkin Date: 2025-11-12; User: Cary Gibbs; Note: Strong execution in Q3 and YTD. In Q3 achieved 10.067M vs 9.663M budget (104%)/12.15M VP Quota (83%) / Stretch shadow bookings target of 13.9M (72%); Metric Name: Progress; Status: Closed; Current Value: 72%; Activity Date: 2025-11-12 18:09:55 UTC;,Checkin Date: 2025-11-12; User: Cary Gibbs; Note: Strong execution in Q3. Achieved 10.067M vs 9.663M budget (104%)/12.15M VP Quota (83%) / Stretch shadow bookings target of 13.9M (72%); Metric Name: Progress; Status: Not Started; Current Value: 0%; Activity Date: 2025-11-12 18:08:51 UTC;,,,,,,,,,,,,,,,,,,,,,,,,,
2857523,Legacy CC AI Overlay play into installed Partner base,Commercial,Cary Gibbs,"Cary Gibbs, Roland Green",Q3 2025,2025-07-01,2025-09-30,,"Improve Channel Sales Execution(weight: 0%, Id: 2857522)",Progress,%,100,Deliverable,Aspirational Goal,0,2025-08-24 15:26:14 UTC,,0,0,Not Started,,,,,,,,,,,,,,,,,,,,,,,,,,,,,
2857524,Leverage partner base with AI messaging and campaigns/templates and target their customer bases,Commercial,Cary Gibbs,"Cary Gibbs, Roland Green",Q3 2025,2025-07-01,2025-09-30,,"Improve Channel Sales Execution(weight: 0%, Id: 2857522)",Progress,%,100,Deliverable,Aspirational Goal,0,2025-08-24 15:26:34 UTC,,0,0,Not Started,,,,,,,,,,,,,,,,,,,,,,,,,,,,,
2857525,Drive partner rep focus and priority by incentivising qualified deal registrations as well as closed business,Commercial,Cary Gibbs,"Cary Gibbs, Roland Green",Q3 2025,2025-07-01,2025-09-30,,"Improve Channel Sales Execution(weight: 0%, Id: 2857522)",Progress,%,100,Deliverable,Aspirational Goal,0,2025-08-24 15:26:55 UTC,,0,0,Not Started,,,,,,,,,,,,,,,,,,,,,,,,,,,,,
2857528,Refined Challenger Partner Pitch Deck complete Sign 5 new partners by the end of Q3,Commercial,Cary Gibbs,"Cary Gibbs, Roland Green",Q3 2025,2025-07-01,2025-09-30,,"Exceed shadow bookings target in Q3, ensure Partner contributes 9.7m (40%) of total bookings(weight: 25%, Id: 2826213)",Progress,%,100,Key result,Aspirational Goal,0,2025-08-24 15:30:26 UTC,2025-11-12,75,75,Closed,Refined but needs further work and to be completed in Q4,0,Checkin Date: 2025-11-12; User: Cary Gibbs; Note: Refined but needs further work and to be completed in Q4; Metric Name: Progress; Status: Closed; Current Value: 75%; Activity Date: 2025-11-12 17:54:26 UTC;,Checkin Date: 2025-11-12; User: Cary Gibbs; Note: Refined. To be fully completed in Q4; Metric Name: Progress; Status: On Track; Current Value: 75%; Activity Date: 2025-11-12 17:53:02 UTC;,Checkin Date: 2025-09-11; User: Cary Gibbs; Note: ; Metric Name: Progress; Status: On Track; Current Value: 75%; Activity Date: 2025-09-11 15:40:13 UTC;,Checkin Date: 2025-08-24; User: Cary Gibbs; Note: ; Metric Name: Progress; Status: On Track; Current Value: 60%; Activity Date: 2025-08-24 15:51:27 UTC;,Checkin Date: 2025-08-24; User: Cary Gibbs; Note: Refined pitch deck created. Reviewing with the APMs; Metric Name: Progress; Status: Not Started; Current Value: 0%; Activity Date: 2025-08-24 15:50:50 UTC;,,,,,,,,,,,,,,,,,,,,,,
2857529,Drive New Partner Acquisition Model leveraging CI,Commercial,Cary Gibbs,"Cary Gibbs, Roland Green",Q3 2025,2025-07-01,2025-09-30,,"Refined Challenger Partner Pitch Deck complete Sign 5 new partners by the end of Q3(weight: 0%, Id: 2857528)",Progress,%,100,Objective,Aspirational Goal,0,2025-08-24 15:32:05 UTC,2025-11-12,50,50,Postponed,Partially completed in Q3. Other tactical objectives took precedence to prioritise business and close gap in H2. Postponed remainder to Q4,,Checkin Date: 2025-11-12; User: Cary Gibbs; Note: Partially completed in Q3. Other tactical objectives took precedence to prioritise business and close gap in H2. Postponed remainder to Q4; Metric Name: Progress; Status: Postponed; Current Value: 50%; Activity Date: 2025-11-12 18:07:38 UTC;,"Checkin Date: 2025-11-12; User: Cary Gibbs; Note: Rolled out campaign with marketing to existing partners
Identified new target resellers and contacted via LinkedIn
Progress but to be accelerated further in Q4 including Partner Acquisition territory reviews and Partner Challenger pitch workshops now scheduled; Metric Name: Progress; Status: Not Started; Current Value: 0%; Activity Date: 2025-11-12 18:05:07 UTC;",Checkin Date: 2025-08-24; User: Cary Gibbs; Note: New Challenger Pitch deck created. AI Marketing campaign hits this week; Metric Name: Progress; Status: Not Started; Current Value: 0%; Activity Date: 2025-08-24 15:56:26 UTC;,,,,,,,,,,,,,,,,,,,,,,,,
2857530,Acquire in our AI led Ideal Partner Profile,Commercial,Cary Gibbs,"Cary Gibbs, Roland Green",Q3 2025,2025-07-01,2025-09-30,,"Drive New Partner Acquisition Model leveraging CI(weight: 0%, Id: 2857529)",Progress,%,100,Deliverable,Aspirational Goal,0,2025-08-24 15:36:27 UTC,2025-08-24,50,50,Behind,Ongoing conversations with Partners including Gamma. Good progress so far,,Checkin Date: 2025-08-24; User: Cary Gibbs; Note: ; Metric Name: Progress; Status: Behind; Current Value: 50%; Activity Date: 2025-08-24 15:57:20 UTC;,Checkin Date: 2025-08-24; User: Cary Gibbs; Note: Ongoing conversations with Partners including Gamma. Good progress so far; Metric Name: Progress; Status: Not Started; Current Value: 0%; Activity Date: 2025-08-24 15:57:09 UTC;,,,,,,,,,,,,,,,,,,,,,,,,,
2857531,"New Partner Pitch Work with Marketing to refine Partner Pitch deck, adapting messaging from Puzzel Pitch deck to challenge and coach resellers on the problems Puzzel and partnership with Puzzel solves Ensure PAMs are pitching new partners in the Puzzel IPP effectively using challenger Sales and the Partner Pitch deck",Commercial,Cary Gibbs,"Cary Gibbs, Roland Green",Q3 2025,2025-07-01,2025-09-30,,"Drive New Partner Acquisition Model leveraging CI(weight: 0%, Id: 2857529)",Progress,%,100,Deliverable,Aspirational Goal,0,2025-08-24 15:36:51 UTC,2025-08-24,80,80,On Track,Refined pitch deck created. Reviewing with the PAMs,,Checkin Date: 2025-08-24; User: Cary Gibbs; Note: Refined pitch deck created. Reviewing with the PAMs; Metric Name: Progress; Status: On Track; Current Value: 80%; Activity Date: 2025-08-24 15:53:14 UTC;,Checkin Date: 2025-08-24; User: Cary Gibbs; Note: ; Metric Name: Progress; Status: On Track; Current Value: 80%; Activity Date: 2025-08-24 15:52:24 UTC;,,,,,,,,,,,,,,,,,,,,,,,,,
2857536,Enablement plan (Top 5 partners ) agreed & documented in PSPs,Commercial,Cary Gibbs,"Cary Gibbs, Roland Green",Q3 2025,2025-07-01,2025-09-30,,"Exceed shadow bookings target in Q3, ensure Partner contributes 9.7m (40%) of total bookings(weight: 25%, Id: 2826213)",Progress,%,100,Key result,Aspirational Goal,0,2025-08-24 15:43:54 UTC,2025-11-12,100,100,Closed,Completed and gaps addressed in PSPs and in Enablement plans with Partner Enablement and also CSG,1,Checkin Date: 2025-11-12; User: Cary Gibbs; Note: Completed and gaps addressed in PSPs and in Enablement plans with Partner Enablement and also CSG; Metric Name: Progress; Status: Closed; Current Value: 100%; Activity Date: 2025-11-12 17:55:53 UTC;,Checkin Date: 2025-09-11; User: Cary Gibbs; Note: ; Metric Name: Progress; Status: On Track; Current Value: 80%; Activity Date: 2025-09-11 15:40:34 UTC;,Checkin Date: 2025-08-24; User: Cary Gibbs; Note: ; Metric Name: Progress; Status: On Track; Current Value: 60%; Activity Date: 2025-08-24 15:54:51 UTC;,Checkin Date: 2025-08-24; User: Cary Gibbs; Note: On track. Implemented white space enablement tracking. Reviewing again with PAMs and Enablement this week; Metric Name: Progress; Status: Behind; Current Value: 50%; Activity Date: 2025-08-24 15:54:40 UTC;,Checkin Date: 2025-08-24; User: Cary Gibbs; Note: ; Metric Name: Progress; Status: Behind; Current Value: 50%; Activity Date: 2025-08-24 15:53:33 UTC;,,,,,,,,,,,,,,,,,,,,,,
2857539,Onboard and grow the 3 new acquired partners for fast start,Commercial,Cary Gibbs,"Cary Gibbs, Roland Green",Q3 2025,2025-07-01,2025-09-30,,"Enablement plan (Top 5 partners ) agreed & documented in PSPs(weight: 0%, Id: 2857536)",Progress,%,100,Deliverable,Aspirational Goal,0,2025-08-24 15:47:56 UTC,2025-11-12,90,90,Closed,"Focus Group, DSTNY, Movements Marketing Enabled. Final outstanding item for Focus Group is demo platform to be addressed via operation Showcase in Q4",0.9,"Checkin Date: 2025-11-12; User: Cary Gibbs; Note: Focus Group, DSTNY, Movements Marketing Enabled. Final outstanding item for Focus Group is demo platform to be addressed via operation Showcase in Q4; Metric Name: Progress; Status: Closed; Current Value: 90%; Activity Date: 2025-11-12 18:01:37 UTC;",,,,,,,,,,,,,,,,,,,,,,,,,,
2857537,Q3 Enablement to be completed with at least least 80% adherence,Commercial,Cary Gibbs,"Cary Gibbs, Roland Green",Q3 2025,2025-07-01,2025-09-30,,"Exceed shadow bookings target in Q3, ensure Partner contributes 9.7m (40%) of total bookings(weight: 25%, Id: 2826213)",Progress,%,100,Key result,Aspirational Goal,0,2025-08-24 15:45:04 UTC,2025-11-12,100,100,Closed,Complete,1,Checkin Date: 2025-11-12; User: Cary Gibbs; Note: Complete; Metric Name: Progress; Status: Closed; Current Value: 100%; Activity Date: 2025-11-12 17:58:14 UTC;,Checkin Date: 2025-09-11; User: Cary Gibbs; Note: ; Metric Name: Progress; Status: On Track; Current Value: 80%; Activity Date: 2025-09-11 15:41:08 UTC;,Checkin Date: 2025-08-24; User: Cary Gibbs; Note: On track. Reviewing details in PSPs this week; Metric Name: Progress; Status: On Track; Current Value: 60%; Activity Date: 2025-08-24 16:02:52 UTC;,Checkin Date: 2025-08-24; User: Cary Gibbs; Note: ; Metric Name: Progress; Status: On Track; Current Value: 60%; Activity Date: 2025-08-24 15:55:18 UTC;,,,,,,,,,,,,,,,,,,,,,,,
2857540,"Agree Technical Enablement plan with CSG to support PCC, AV and CI Work with Adele and PAMs to align enablement requirements with PSP and document.  F2F enablement with top partners as well as online one-to-one and one-to-many",Commercial,Cary Gibbs,"Cary Gibbs, Roland Green",Q3 2025,2025-07-01,2025-09-30,,"Q3 Enablement to be completed with at least least 80% adherence(weight: 0%, Id: 2857537)",Progress,%,100,Deliverable,Aspirational Goal,0,2025-08-24 15:48:18 UTC,2025-11-12,100,100,Closed,Completed work with CSG and agreed Project Showcase in Q4 ensuring top5 partners fully enabled in Q4,1,Checkin Date: 2025-11-12; User: Cary Gibbs; Note: Completed work with CSG and agreed Project Showcase in Q4 ensuring top5 partners fully enabled in Q4; Metric Name: Progress; Status: Closed; Current Value: 100%; Activity Date: 2025-11-12 17:57:39 UTC;,,,,,,,,,,,,,,,,,,,,,,,,,,
2826214,Develop the 2026 Partner plan in Q3 to scale to 60% Partner contribution,Commercial,Roland Green,"Cary Gibbs, Roland Green",Q4 2025,2025-10-01,2025-12-31,,"Develop the partner ecosystem(weight: 20%, Id: 2786404)",Progress,%,100,Key result,Aspirational Goal,0,2025-07-01 19:29:54 UTC,2025-09-11,75,75,Behind,"started but work in progress, but will be completed in draft format by end of Sep.",,Checkin Date: 2025-09-11; User: Cary Gibbs; Note: ; Metric Name: Progress; Status: Behind; Current Value: 75%; Activity Date: 2025-09-11 15:41:44 UTC;,"Checkin Date: 2025-09-11; User: Roland Green; Note: started but work in progress, but will be completed in draft format by end of Sep.; Metric Name: Progress; Status: At Risk; Current Value: 25%; Activity Date: 2025-09-11 09:56:54 UTC;",Checkin Date: 2025-08-24; User: Cary Gibbs; Note: ; Metric Name: Progress; Status: Behind; Current Value: 35%; Activity Date: 2025-08-24 16:03:50 UTC;,Checkin Date: 2025-08-24; User: Cary Gibbs; Note: ; Metric Name: Progress; Status: At Risk; Current Value: 20%; Activity Date: 2025-08-24 15:55:32 UTC;,Checkin Date: 2025-08-07; User: Cary Gibbs; Note: ; Metric Name: Progress; Status: At Risk; Current Value: 10%; Activity Date: 2025-08-07 16:32:56 UTC;,Checkin Date: 2025-08-07; User: Cary Gibbs; Note: Started to build and will be complete for end of quarter; Metric Name: Progress; Status: Not Started; Current Value: 0%; Activity Date: 2025-08-07 16:31:32 UTC;,,,,,,,,,,,,,,,,,,,,,
2857532,Launch new program/ Portal in Q3,Commercial,Cary Gibbs,"Cary Gibbs, Roland Green",Q4 2025,2025-10-01,2025-12-31,,"Develop the 2026 Partner plan in Q3 to scale to 60% Partner contribution(weight: 50%, Id: 2826214)",Progress,%,100,Key result,Aspirational Goal,0,2025-08-24 15:37:58 UTC,2025-08-24,60,60,On Track,On track. Focus Group on new contract. New template created. Gamma and Yource also underway. Updated partner programme paperwork and launch on track for end of Q3,,Checkin Date: 2025-08-24; User: Cary Gibbs; Note: ; Metric Name: Progress; Status: On Track; Current Value: 60%; Activity Date: 2025-08-24 16:01:41 UTC;,Checkin Date: 2025-08-24; User: Cary Gibbs; Note: On track. Focus Group on new contract. New template created. Gamma and Yource also underway. Updated partner programme paperwork and launch on track for end of Q3; Metric Name: Progress; Status: Not Started; Current Value: 0%; Activity Date: 2025-08-24 16:01:29 UTC;,,,,,,,,,,,,,,,,,,,,,,,,,
2857534,Launch new partner programme to incentivise partner growth.  Work with RevOps and Marketing to select and roll out partner portal which will support standard SaaS PP functionality and partner opportunity updates from Q3 Update and share updated Partner programme documentation,Commercial,Cary Gibbs,"Cary Gibbs, Roland Green",Q4 2025,2025-10-01,2025-12-31,,"Launch new program/ Portal in Q3(weight: 0%, Id: 2857532)",Progress,%,100,Deliverable,Aspirational Goal,0,2025-08-24 15:40:08 UTC,,0,0,Not Started,,,,,,,,,,,,,,,,,,,,,,,,,,,,,
2857533,Develop the 2026 Partner plan in Q3 to scale to 60% Partner contribution,Commercial,Cary Gibbs,"Cary Gibbs, Roland Green",Q4 2025,2025-10-01,2025-12-31,,"Develop the 2026 Partner plan in Q3 to scale to 60% Partner contribution(weight: 50%, Id: 2826214)",Progress,%,100,Key result,Aspirational Goal,0,2025-08-24 15:39:40 UTC,2025-08-24,10,10,At Risk,Started but due to holidays core focus on this starts in September,,Checkin Date: 2025-08-24; User: Cary Gibbs; Note: Started but due to holidays core focus on this starts in September; Metric Name: Progress; Status: At Risk; Current Value: 10%; Activity Date: 2025-08-24 16:02:31 UTC;,Checkin Date: 2025-08-24; User: Cary Gibbs; Note: ; Metric Name: Progress; Status: At Risk; Current Value: 10%; Activity Date: 2025-08-24 16:01:57 UTC;,,,,,,,,,,,,,,,,,,,,,,,,,
2857535,Develop the 2026 plan with detail objectives and plans to scale and mature the Partner plays,Commercial,Cary Gibbs,"Cary Gibbs, Roland Green",Q4 2025,2025-10-01,2025-12-31,,"Develop the 2026 Partner plan in Q3 to scale to 60% Partner contribution(weight: 0%, Id: 2857533)",Progress,%,100,Deliverable,Aspirational Goal,0,2025-08-24 15:42:11 UTC,,0,0,Not Started,,,,,,,,,,,,,,,,,,,,,,,,,,,,,
2902555,Land 35.2m of Qualified Pipeline,Commercial,Roland Green,Roland Green,Q4 2025,2025-10-01,2025-12-31,,"Develop the partner ecosystem(weight: 20%, Id: 2786404)",Pipeline,,35.2,Key result,Aspirational Goal,0,2025-11-11 13:51:11 UTC,,0,0,Not Started,,,,,,,,,,,,,,,,,,,,,,,,,,,,,
2902573,Track PG all channels in weekly FC calls,Commercial,Jon Phillip Bodholdt,"Jon Phillip Bodholdt, Roland Green",Q4 2025,2025-10-01,2025-12-31,,"Land 35.2m of Qualified Pipeline(weight: 0%, Id: 2902555)",Progress,%,100,Objective,Aspirational Goal,0,2025-11-11 14:09:03 UTC,2025-11-11,20,20,Behind,Ongoing,,Checkin Date: 2025-11-11; User: Jon Phillip Bodholdt; Note: Ongoing; Metric Name: Progress; Status: Behind; Current Value: 20%; Activity Date: 2025-11-11 14:22:48 UTC;,,,,,,,,,,,,,,,,,,,,,,,,,,
2902575,"meet 2.5m, 5, 500 AOV pr month pr AE",Commercial,Jon Phillip Bodholdt,"Jon Phillip Bodholdt, Roland Green",Q4 2025,2025-10-01,2025-12-31,,"Track PG all channels in weekly FC calls(weight: 100%, Id: 2902573)",Progress,%,100,Key result,Aspirational Goal,0,2025-11-11 14:11:43 UTC,2025-11-11,20,20,Behind,Ongoing,,Checkin Date: 2025-11-11; User: Jon Phillip Bodholdt; Note: Ongoing; Metric Name: Progress; Status: Behind; Current Value: 20%; Activity Date: 2025-11-11 14:23:06 UTC;,Checkin Date: 2025-11-11; User: Jon Phillip Bodholdt; Note: ; Metric Name: Progress; Status: Behind; Current Value: 20%; Activity Date: 2025-11-11 14:12:52 UTC;,,,,,,,,,,,,,,,,,,,,,,,,,
2902577,Send out stats and rankings biweekly,Commercial,Jon Phillip Bodholdt,"Jon Phillip Bodholdt, Roland Green",Q4 2025,2025-10-01,2025-12-31,,"meet 2.5m, 5, 500 AOV pr month pr AE(weight: 0%, Id: 2902575)",Progress,%,100,Deliverable,Aspirational Goal,0,2025-11-11 14:12:25 UTC,2025-11-11,40,40,Behind,,,Checkin Date: 2025-11-11; User: Jon Phillip Bodholdt; Note: ; Metric Name: Progress; Status: Behind; Current Value: 40%; Activity Date: 2025-11-11 14:13:15 UTC;,Checkin Date: 2025-11-11; User: Jon Phillip Bodholdt; Note: ; Metric Name: Progress; Status: Behind; Current Value: 20%; Activity Date: 2025-11-11 14:12:40 UTC;,,,,,,,,,,,,,,,,,,,,,,,,,
2445320,Strategic Enabler 3: Brand,Marketing,Gabi Warren,Gabi Warren,Annual 2025,2025-01-01,2025-12-31,,"2025 -- Build the Leading CX Ecosystem in Europe Focusing on Mid-Market and Enterprise(weight: 0%, Id: 2295704)",Progress,%,100,Objective,Aspirational Goal,0,2025-02-10 10:53:20 UTC,2025-03-12,25,25,On Track,,,Checkin Date: 2025-03-12; User: Gabi Warren; Note: ; Metric Name: Progress; Status: On Track; Current Value: 25%; Activity Date: 2025-03-12 13:40:51 UTC;,,,,,,,,,,,,,,,,,,,,,,,,,,
2445369,Help Centre moved into the new brand,Marketing,Gabi Warren,"Gabi Warren, Matt Hughes",Annual 2025,2025-01-01,2025-12-31,,"Strategic Enabler 3: Brand(weight: 0%, Id: 2445320)",Progress,%,100,Deliverable,Aspirational Goal,0,2025-02-10 11:01:18 UTC,2025-04-14,20,20,On Track,,,Checkin Date: 2025-04-14; User: Gabi Warren; Note: ; Metric Name: Progress; Status: On Track; Current Value: 20%; Activity Date: 2025-04-14 08:31:07 UTC;,"Checkin Date: 2025-03-12; User: Gabi Warren; Note: ; Metric Name: Progress; Status: On Track; Current Value: 20%; Activity Date: 2025-03-12 08:31:41 UTC; Comment #1 [2025-03-12 08:32:12 UTC, Gabi Warren]:Articles being transferred into Knowledgebase, being tagged for redesign or update.;",,,,,,,,,,,,,,,,,,,,,,,,,
2445412,Offices have consistent Puzzel branding,Marketing,Gabi Warren,Gabi Warren,Annual 2025,2025-01-01,2025-03-31,,"Strategic Enabler 3: Brand(weight: 0%, Id: 2445320)",Progress,%,100,Deliverable,Aspirational Goal,0,2025-02-10 11:01:53 UTC,2025-04-14,60,60,At Risk,"SupWiz office now Puzzel branded with canvases, mugs, mousepads, etc. Capturi has received branded content, and more ordered. Bromma office now has new branded mugs, mousepads, notebooks, etc. But old brand is still visible.",,Checkin Date: 2025-04-14; User: Gabi Warren; Note: ; Metric Name: Progress; Status: At Risk; Current Value: 60%; Activity Date: 2025-04-14 08:31:15 UTC;,"Checkin Date: 2025-03-12; User: Gabi Warren; Note: SupWiz office now Puzzel branded with canvases, mugs, mousepads, etc. Capturi has received branded content, and more ordered. Bromma office now has new branded mugs, mousepads, notebooks, etc. But old brand is still visible.; Metric Name: Progress; Status: At Risk; Current Value: 40%; Activity Date: 2025-03-12 08:34:19 UTC;",Checkin Date: 2025-02-10; User: Gabi Warren; Note: ; Metric Name: Progress; Status: Behind; Current Value: 25%; Activity Date: 2025-02-10 11:03:36 UTC;,Checkin Date: 2025-02-10; User: Gabi Warren; Note: ; Metric Name: Progress; Status: Behind; Current Value: 20%; Activity Date: 2025-02-10 11:02:17 UTC;,,,,,,,,,,,,,,,,,,,,,,,
2445426,New pitch deck leveraging Challenger model,Marketing,Gabi Warren,"Gabi Warren, Raïsa Van Olden",Annual 2025,2025-01-01,2025-03-31,,"Strategic Enabler 3: Brand(weight: 0%, Id: 2445320)",Progress,%,100,Deliverable,Aspirational Goal,0,2025-02-10 11:07:24 UTC,2025-06-13,100,100,Closed,Pitch deck is ready and launched.,1,Checkin Date: 2025-06-13; User: Raïsa Van Olden; Note: Pitch deck is ready and launched.; Metric Name: Progress; Status: Closed; Current Value: 100%; Activity Date: 2025-06-13 11:34:34 UTC;,Checkin Date: 2025-04-14; User: Gabi Warren; Note: ; Metric Name: Progress; Status: On Track; Current Value: 100%; Activity Date: 2025-04-14 08:31:22 UTC;,Checkin Date: 2025-04-07; User: Raïsa Van Olden; Note: ; Metric Name: Progress; Status: On Track; Current Value: 95%; Activity Date: 2025-04-07 11:18:20 UTC;,Checkin Date: 2025-03-06; User: Raïsa Van Olden; Note: ; Metric Name: Progress; Status: On Track; Current Value: 70%; Activity Date: 2025-03-06 15:56:10 UTC;,Checkin Date: 2025-02-27; User: Raïsa Van Olden; Note: ; Metric Name: Progress; Status: Behind; Current Value: 50%; Activity Date: 2025-02-27 09:03:21 UTC;,Checkin Date: 2025-02-20; User: Raïsa Van Olden; Note: ; Metric Name: Progress; Status: At Risk; Current Value: 25%; Activity Date: 2025-02-20 08:50:48 UTC;,Checkin Date: 2025-02-19; User: Raïsa Van Olden; Note: ; Metric Name: Progress; Status: On Track; Current Value: 10%; Activity Date: 2025-02-19 09:40:17 UTC;,,,,,,,,,,,,,,,,,,,,
2445434,Deliver 100 new G2 reviews in 2025,Marketing,Gabi Warren,"Gabi Warren, Morgan Sandberg",Annual 2025,2025-01-01,2025-12-31,,"Strategic Enabler 3: Brand(weight: 0%, Id: 2445320)",G2 Reviews,,100,Deliverable,Aspirational Goal,0,2025-02-10 11:10:13 UTC,2025-04-14,10,10,Behind,"Currently enlisting Kathrine's help to create a plan for G2 reviews. Spring quadrant launched, Puzzel is niche.",,Checkin Date: 2025-04-14; User: Gabi Warren; Note: ; Metric Name: G2 Reviews; Status: Behind; Current Value: 10; Activity Date: 2025-04-14 09:20:32 UTC;,"Checkin Date: 2025-03-12; User: Gabi Warren; Note: Currently enlisting Kathrine's help to create a plan for G2 reviews. Spring quadrant launched, Puzzel is niche.; Metric Name: G2 Reviews; Status: Behind; Current Value: 10; Activity Date: 2025-03-12 12:36:25 UTC;",,,,,,,,,,,,,,,,,,,,,,,,,
2445449,"Spring Elevate series, including virtual event",Marketing,Gabi Warren,"Gabi Warren, Jordy van Gent",Annual 2025,2025-01-01,2025-05-31,,"Strategic Enabler 3: Brand(weight: 0%, Id: 2445320)",Events,,5,Deliverable,Aspirational Goal,0,2025-02-10 11:17:21 UTC,2025-06-27,2000,100,Closed,Completed.,1,Checkin Date: 2025-06-27; User: Jordy van Gent; Note: Completed.; Metric Name: Events; Status: Closed; Current Value: 100; Activity Date: 2025-06-27 12:14:42 UTC;,Checkin Date: 2025-06-27; User: Jordy van Gent; Note: ; Metric Name: Events; Status: On Track; Current Value: 100; Activity Date: 2025-06-27 12:14:26 UTC;,Checkin Date: 2025-04-14; User: Gabi Warren; Note: ; Metric Name: Events; Status: On Track; Current Value: 80; Activity Date: 2025-04-14 08:31:47 UTC;,Checkin Date: 2025-03-11; User: Jordy van Gent; Note: ; Metric Name: Events; Status: On Track; Current Value: 60; Activity Date: 2025-03-11 21:09:44 UTC;,"Checkin Date: 2025-02-11; User: Gabi Warren; Note: Events launched: 

Main campaign page: https://www.puzzel.com/elevate-2025
 
Each event will have at least two customer speakers—a keynote from a CxO and a showcase of our AI capabilities. All in wonderful locations with plenty of time for networking. 
18 March - Denmark: https://www.puzzel.com/elevate-2025-denmark
27 March - Sweden: https://www.puzzel.com/elevate-2025-sweden
3 April - UK: https://www.puzzel.com/elevate-2025-united-kingdom
10 April - Netherlands: https://www.puzzel.com/elevate-2025-netherlands; Metric Name: Events; Status: On Track; Current Value: 0; Activity Date: 2025-02-11 10:10:35 UTC;",,,,,,,,,,,,,,,,,,,,,,
2445475,"Refresh website layout, messaging and content",Marketing,Gabi Warren,"Gabi Warren, Jordy van Gent, Raïsa Van Olden",Annual 2025,2025-01-01,2025-12-31,,"Strategic Enabler 3: Brand(weight: 0%, Id: 2445320)",Progress,%,100,Deliverable,Aspirational Goal,0,2025-02-10 11:21:55 UTC,2025-04-14,30,30,On Track,,,Checkin Date: 2025-04-14; User: Gabi Warren; Note: ; Metric Name: Progress; Status: On Track; Current Value: 30%; Activity Date: 2025-04-14 08:31:55 UTC;,Checkin Date: 2025-04-08; User: Jordy van Gent; Note: ; Metric Name: Progress; Status: On Track; Current Value: 30%; Activity Date: 2025-04-08 20:41:41 UTC;,Checkin Date: 2025-04-08; User: Jordy van Gent; Note: ; Metric Name: Progress; Status: Behind; Current Value: 25%; Activity Date: 2025-04-08 20:41:33 UTC;,Checkin Date: 2025-03-12; User: Gabi Warren; Note: ; Metric Name: Progress; Status: On Track; Current Value: 19%; Activity Date: 2025-03-12 12:29:54 UTC;,,,,,,,,,,,,,,,,,,,,,,,
2447670,"2025 content plan, mapped to buyer stages",Marketing,Gabi Warren,"Gabi Warren, Jordy van Gent",Annual 2025,2025-01-01,2025-01-31,,"Strategic Enabler 3: Brand(weight: 0%, Id: 2445320)",Progress,%,100,Deliverable,Aspirational Goal,0,2025-02-11 10:06:38 UTC,2025-04-08,100,100,Closed,Content plan: https://puzzel.sharepoint.com/:x:/s/marketing/EV4Ku1D9vj5CvY7I6qmOF28BPO1BwdeKfXMIgo1YHuoS0g?e=vbyqcX&ovuser=fdcbe2ec-051b-4e80-bf9a-500333205742%2Cgabi.warren%40puzzel.com&clickparams=eyJBcHBOYW1lIjoiVGVhbXMtRGVza3RvcCIsIkFwcFZlcnNpb24iOiI1MC8yNTAxMDYyMDQxMCIsIkhhc0ZlZGVyYXRlZFVzZXIiOmZhbHNlfQ%3D%3D,1,Checkin Date: 2025-04-08; User: Jordy van Gent; Note: Content plan: https://puzzel.sharepoint.com/:x:/s/marketing/EV4Ku1D9vj5CvY7I6qmOF28BPO1BwdeKfXMIgo1YHuoS0g?e=vbyqcX&ovuser=fdcbe2ec-051b-4e80-bf9a-500333205742%2Cgabi.warren%40puzzel.com&clickparams=eyJBcHBOYW1lIjoiVGVhbXMtRGVza3RvcCIsIkFwcFZlcnNpb24iOiI1MC8yNTAxMDYyMDQxMCIsIkhhc0ZlZGVyYXRlZFVzZXIiOmZhbHNlfQ%3D%3D; Metric Name: Progress; Status: Closed; Current Value: 100%; Activity Date: 2025-04-08 20:42:51 UTC;,Checkin Date: 2025-03-12; User: Gabi Warren; Note: ; Metric Name: Progress; Status: On Track; Current Value: 100%; Activity Date: 2025-03-12 12:29:38 UTC;,Checkin Date: 2025-02-11; User: Gabi Warren; Note: Content plan: https://puzzel.sharepoint.com/:x:/s/marketing/EV4Ku1D9vj5CvY7I6qmOF28BPO1BwdeKfXMIgo1YHuoS0g?e=vbyqcX&ovuser=fdcbe2ec-051b-4e80-bf9a-500333205742%2Cgabi.warren%40puzzel.com&clickparams=eyJBcHBOYW1lIjoiVGVhbXMtRGVza3RvcCIsIkFwcFZlcnNpb24iOiI1MC8yNTAxMDYyMDQxMCIsIkhhc0ZlZGVyYXRlZFVzZXIiOmZhbHNlfQ%3D%3D; Metric Name: Progress; Status: On Track; Current Value: 100%; Activity Date: 2025-02-11 10:07:16 UTC;,,,,,,,,,,,,,,,,,,,,,,,,
2465415,AI maturity curve,Marketing,Gabi Warren,Raïsa Van Olden,Annual 2025,2025-01-01,2025-05-30,,"Strategic Enabler 3: Brand(weight: 0%, Id: 2445320)",Progress,%,100,Deliverable,Aspirational Goal,0,2025-02-19 09:57:21 UTC,2025-05-19,100,100,Closed,Ready and launched :),1,Checkin Date: 2025-05-19; User: Raïsa Van Olden; Note: Ready and launched :); Metric Name: Progress; Status: Closed; Current Value: 100%; Activity Date: 2025-05-19 08:06:15 UTC;,Checkin Date: 2025-05-12; User: Raïsa Van Olden; Note: ; Metric Name: Progress; Status: On Track; Current Value: 100%; Activity Date: 2025-05-12 07:47:18 UTC;,Checkin Date: 2025-05-06; User: Raïsa Van Olden; Note: ; Metric Name: Progress; Status: On Track; Current Value: 90%; Activity Date: 2025-05-06 07:27:58 UTC;,Checkin Date: 2025-04-17; User: Raïsa Van Olden; Note: ; Metric Name: Progress; Status: On Track; Current Value: 90%; Activity Date: 2025-04-17 08:21:20 UTC;,Checkin Date: 2025-04-07; User: Raïsa Van Olden; Note: ; Metric Name: Progress; Status: On Track; Current Value: 80%; Activity Date: 2025-04-07 11:14:04 UTC;,Checkin Date: 2025-03-31; User: Raïsa Van Olden; Note: ; Metric Name: Progress; Status: On Track; Current Value: 60%; Activity Date: 2025-03-31 10:33:32 UTC;,Checkin Date: 2025-03-24; User: Raïsa Van Olden; Note: ; Metric Name: Progress; Status: On Track; Current Value: 50%; Activity Date: 2025-03-24 09:22:23 UTC;,Checkin Date: 2025-03-24; User: Raïsa Van Olden; Note: ; Metric Name: Progress; Status: Behind; Current Value: 50%; Activity Date: 2025-03-24 09:17:13 UTC;,Checkin Date: 2025-03-06; User: Raïsa Van Olden; Note: ; Metric Name: Progress; Status: On Track; Current Value: 25%; Activity Date: 2025-03-06 15:56:26 UTC;,Checkin Date: 2025-02-20; User: Raïsa Van Olden; Note: ; Metric Name: Progress; Status: Behind; Current Value: 15%; Activity Date: 2025-02-20 08:50:21 UTC;,,,,,,,,,,,,,,,,,
2504050,"Merge SW and Capturi websites, G2, etc.",Marketing,Gabi Warren,"Gabi Warren, Jordy van Gent",Annual 2025,2025-01-01,2025-05-30,,"Strategic Enabler 3: Brand(weight: 0%, Id: 2445320)",Progress,%,100,Deliverable,Aspirational Goal,0,2025-03-12 12:31:49 UTC,2025-06-27,100,100,Closed,Completed.,1,Checkin Date: 2025-06-27; User: Jordy van Gent; Note: Completed.; Metric Name: Progress; Status: Closed; Current Value: 100%; Activity Date: 2025-06-27 12:15:29 UTC;,Checkin Date: 2025-06-27; User: Jordy van Gent; Note: ; Metric Name: Progress; Status: On Track; Current Value: 100%; Activity Date: 2025-06-27 12:15:14 UTC;,Checkin Date: 2025-04-14; User: Gabi Warren; Note: ; Metric Name: Progress; Status: On Track; Current Value: 70%; Activity Date: 2025-04-14 09:20:38 UTC;,"Checkin Date: 2025-04-08; User: Jordy van Gent; Note: SW completed, Capturi planned mid MAY.; Metric Name: Progress; Status: On Track; Current Value: 70%; Activity Date: 2025-04-08 20:43:50 UTC;",Checkin Date: 2025-04-08; User: Jordy van Gent; Note: ; Metric Name: Progress; Status: On Track; Current Value: 68%; Activity Date: 2025-04-08 20:43:15 UTC;,Checkin Date: 2025-03-12; User: Gabi Warren; Note: SW done. Merging Capturi LI and G2. Website offline at CI launch.; Metric Name: Progress; Status: On Track; Current Value: 50%; Activity Date: 2025-03-12 12:32:38 UTC;,,,,,,,,,,,,,,,,,,,,,
2836119,Drive go-to-market launches of new Puzzel products and functionality,Marketing,Raïsa Van Olden,Raïsa Van Olden,Annual 2025,2025-01-01,2025-12-31,,"Strategic Enabler 3: Brand(weight: 0%, Id: 2445320)",Progress,%,100,Deliverable,Aspirational Goal,0,2025-07-10 08:10:19 UTC,2025-07-24,50,50,On Track,,,Checkin Date: 2025-07-24; User: Raïsa Van Olden; Note: ; Metric Name: Progress; Status: On Track; Current Value: 50%; Activity Date: 2025-07-24 09:27:57 UTC;,,,,,,,,,,,,,,,,,,,,,,,,,,
2855855,Deliver 690M of CARR by year end,Puzzel; All Puzzel,Frederic Laziou,Frederic Laziou,Annual 2025,2025-01-01,2025-12-31,,"2025 -- Build the Leading CX Ecosystem in Europe Focusing on Mid-Market and Enterprise(weight: 25%, Id: 2295704)",CARR,,690000000,Key result,Aspirational Goal,0,2025-08-19 10:26:06 UTC,2025-11-08,94.55434783,652425000,On Track,On budget after July,,Checkin Date: 2025-11-08; User: Frederic Laziou; Note: ; Metric Name: CARR; Status: On Track; Current Value: 652.43 M; Activity Date: 2025-11-08 09:57:00 UTC;,Checkin Date: 2025-09-11; User: Frederic Laziou; Note: ; Metric Name: CARR; Status: On Track; Current Value: 630.4 M; Activity Date: 2025-09-11 08:01:08 UTC;,Checkin Date: 2025-08-19; User: Frederic Laziou; Note: On budget after July; Metric Name: CARR; Status: On Track; Current Value: 630.7 M; Activity Date: 2025-08-19 10:26:54 UTC;,Checkin Date: 2025-08-19; User: Frederic Laziou; Note: ; Metric Name: CARR; Status: On Track; Current Value: 630.7 M; Activity Date: 2025-08-19 10:26:37 UTC;,,,,,,,,,,,,,,,,,,,,,,,